UniprotID	HA_1	HA_2	HA_3	P2H_1	P2H_2	P2H_3
A0A024RBG1	20.0975062781965	19.9637885158355	18.4550290831144	20.6248885806034	20.3183940020555	21.2414910543872
A0A0B4J1X8	21.2358693317933	23.364253345705	21.2358693317933	21.2358693317933	23.9310328230683	21.2358693317933
A0A0U1RRE5	22.1133143952153	23.0195737876309	21.83928484619	24.2186647982228	23.2209577393596	23.6378259021041
A0AVT1	19.3547088620887	19.3055138150474	18.6603008384314	20.2526135254351	20.840789108335	21.0467609950953
A0FGR8	19.0895537993491	18.3799818989293	18.8897048423417	18.3799818989293	18.3799818989293	18.3799818989293
A0MZ66	19.9013641459525	19.9013641459525	19.9013641459525	21.0198797556894	20.2392070018316	20.5787523129414
A1KXE4	19.7171233159022	20.0996846634782	18.0602319023016	21.0877765006514	21.2714112857	21.4951332459242
A1L020	18.6379431526284	18.6379431526284	18.6379431526284	19.6237725322849	19.5396356619139	20.4863900398991
A1L0T0	19.7598451578292	19.7598451578292	22.7815451956781	19.7598451578292	21.3111258421125	19.7598451578292
A1L390	21.410893264342	20.7194341898939	21.2064330366066	18.9591157827565	19.8637631188636	16.8612143045649
A1X283	20.5060461174561	20.757349879133	19.816008553985	21.6797487305064	21.8825506055349	22.1048709747634
A2VDJ0	18.4643855416668	18.4643855416668	18.4643855416668	20.1420771190425	18.4643855416668	20.0181280031185
A3KN83	18.8423737909898	19.8765545936082	18.8423737909898	18.8423737909898	18.8423737909898	20.0469678199633
A4D1P6	19.1938048161109	18.8514120337932	19.262877905652	19.773677446909	19.3754092049231	20.0181378118426
A4UGR9	20.1317925465239	18.7744371094959	19.9625313927618	17.7732475705763	17.7732475705763	17.7732475705763
A5D8V6	18.6694774144908	19.718681807963	19.6660471554319	19.9533599177529	20.6377729678238	21.0234580627189
A5YKK6	19.6880808531674	18.7485545754484	18.8523761672173	19.5921149175408	19.8011032182432	20.0227658226187
A6NDU8	20.2095188076404	20.0629838132751	19.8801095839322	20.964037825699	20.7541169753098	21.0023235871976
A6NFI3	19.8959201124541	19.8959201124541	19.8959201124541	21.1420489763261	19.8959201124541	20.7727995018194
A6NHL2	22.381856696422	21.0364276936372	22.2176413052986	20.7950879612066	21.5195667024356	20.747842303164
A6NHQ2	21.2755467082386	21.1271308228805	20.9301331694869	21.1585439489735	21.7432029611602	21.5411432688146
A6NHR9	19.5527447706029	19.5534472644196	18.6736574880687	21.3755103278299	21.2651194303924	21.6574449717515
A6NI28	19.0441829049778	19.0441829049778	19.0441829049778	19.8952423186011	19.8328070585464	20.1801818407423
A6NKT7	18.8180319787239	22.5037175164954	21.5665131007504	24.3366845386176	23.983769438714	24.4045945270372
A7KAX9	18.5244590928375	18.5244590928375	18.5244590928375	18.9461314361405	18.5244590928375	19.5507376912295
A8MPP1	19.2222346621178	19.2222346621178	19.2222346621178	20.0434411025351	19.2222346621178	19.2222346621178
A8MV65	19.6418026152048	18.7891993518897	19.6418026152048	20.4964701713814	19.9990198702362	20.9078719401613
A9UHW6	18.8254186420267	18.8254186420267	18.8254186420267	19.9905284654789	20.4889441028281	20.3089401587859
B2RUZ4	20.793065083199	20.0860158147515	20.2229366018349	19.2213160339677	19.2213160339677	19.2213160339677
B7ZAP0	19.3946259875013	19.7554345641855	18.8194547636309	20.7577413583006	19.3946259875013	19.3946259875013
C9JLW8	18.9522469067109	19.7307678709725	19.5286831304397	20.5463778122523	21.3952744087279	21.6756832179362
E9PAV3	22.085645556976	21.4189689461866	20.9860389949396	22.4355003411564	22.3731096790324	22.7566721595104
E9PRG8	21.8960185404001	21.2270472412505	21.6471656256793	22.3034161523163	21.8120707077137	21.7509186801321
F8VTS6	18.3311099200763	18.3311099200763	20.4236574224438	19.5965626435674	21.2781387495237	20.7210711826014
H7BZ55	24.4280232424032	23.2288522982384	22.9955256708202	22.1758436541239	24.2484036228814	22.3368088951361
HALO_TAG	22.502632322662	22.0086235658902	21.6969809955819	17.8319808888125	17.4822089659624	17.4822089659624
L0R819	18.842980900601	18.842980900601	18.842980900601	18.842980900601	19.8551318580545	20.0760668625356
O00116	19.9219338337891	18.8263779803589	18.6943266341218	20.4103650617759	20.3117454982044	20.512764698751
O00139	20.140081125406	20.3987711644114	18.7864216886874	22.0960992602682	21.8910284019469	22.173814000993
O00154	20.0939881879765	20.1168525288601	19.2803179997894	21.150337853565	21.0472325157882	21.2424725259652
O00159	23.9576035764997	23.0974625094916	24.0426823470093	16.0333553810162	21.2664882029999	17.7028389364972
O00161	22.1242806329499	20.4437384539086	21.2333234626166	18.6069060866155	19.1544319458517	18.8931714899601
O00170	20.7956056209444	21.4507341167044	20.6405984791112	22.7881507483424	23.0074383793284	23.1360242031568
O00178	18.572817528981	19.0867135334272	18.572817528981	20.3520868908332	20.0769744462832	20.2287167509587
O00186	20.4255651655888	19.1949465506945	19.396169860913	19.1503840010108	18.6556528858257	18.6587857612315
O00189	18.4041204744806	18.9905248067029	18.3121056593095	18.4377831482779	18.4377831482779	19.292612802237
O00192	20.1164271015797	18.3677615456007	19.0387145836585	17.6004963468223	17.6004963468223	17.6004963468223
O00193	20.8994078198713	21.6117471035308	20.4279224718995	22.23170349528	22.4107228980416	22.5494157801502
O00203	18.4748460923261	18.4748460923261	18.4748460923261	20.3975029130873	19.6304052266589	20.4404607223952
O00221	19.3358651975419	19.5839622477251	19.030657329206	20.4166185250889	19.5415227464662	20.7715582011883
O00231	19.9398573657795	18.7508455481536	19.9349687663124	19.7773737380392	20.3332272025395	20.5569482609911
O00232	19.3777877706895	18.8263302023541	17.9234929223755	20.058856584167	20.6567964060486	20.5312386675305
O00233	20.2397610967435	19.9454066347832	19.2614450231705	20.766379144217	20.6833393320268	20.6960581232926
O00244	21.7543305682003	20.9855970244667	21.6047718045618	20.7733508020685	21.5361797643798	20.8289304189054
O00264	20.5568049618505	19.4959196765107	20.1054743054495	18.7244712600972	18.7244712600972	18.7244712600972
O00267	17.8923318055894	18.4346280528326	17.8923318055894	20.7935273890348	20.5867524826858	21.1109148320165
O00268	18.6625731752456	18.6625731752456	18.6625731752456	19.2397260518183	19.4608611668676	19.1082011418302
O00273	18.7957343308743	18.7568497472797	17.6718636158761	18.4811389171809	20.4177850850479	19.9608883156511
O00291	19.17878269626	18.4877294797945	18.8267886621044	17.2651089677769	17.2651089677769	17.2651089677769
O00299	21.446794972129	19.4933290457107	20.9454806346994	19.6273509546601	20.1349053380326	20.1556140323647
O00303	19.5675215610733	18.5359197318827	18.9831093739856	18.5359197318827	18.5359197318827	18.5359197318827
O00399	20.5227577088702	20.5227577088702	20.5227577088702	21.9901906008071	20.5227577088702	22.4314948761899
O00410	19.9083126621916	19.939692147132	19.6042784721139	19.57344077737	21.0195989107177	21.5028355701607
O00411	19.4647902811856	19.2227405468604	19.2227405468604	21.0425778390429	20.3348065438585	19.5953151275725
O00422	19.7468666138958	19.7468666138958	19.7468666138958	19.7468666138958	19.7468666138958	21.5770986536676
O00425	21.0451517770235	21.217873714499	21.4756362719904	20.2163317039537	19.8864555403081	20.2163317039537
O00429	19.7573295375404	17.8850528676484	19.0562436491487	19.5691516388031	19.4674943450427	19.2766970695541
O00442	18.0804839405818	18.5155693823784	17.1579537183078	18.0769822844095	20.1081430247355	20.1384731864979
O00443	19.9917877097419	19.1885537144114	19.9256498545346	15.7056963877494	17.6851941566752	17.3656197981228
O00459	19.13905407272	19.6450597196092	18.7984179925126	19.7404841409279	18.7984179925126	18.7984179925126
O00468	20.7206364970436	20.6164221822941	20.2592040452265	21.2464080340208	21.4252122643005	21.5910039336209
O00469	19.5886111933989	18.5764135216928	18.8234685930015	20.6263898226532	20.2393650249335	20.8633318351144
O00487	21.6364086996411	20.602981006592	20.8984569212193	21.6765378144865	21.8685656255252	21.8017006946943
O00488	19.9446804441053	19.9446804441053	19.9446804441053	20.3652923069951	20.8755594190384	20.8124859486694
O00505	20.0278746593572	20.0278746593572	20.0278746593572	20.0278746593572	21.0273291936982	21.4125414371155
O00534	18.9174624605554	19.4081659307784	17.4783820197142	19.9911073654856	19.7796169153628	20.3070594487625
O00541	18.7334214866969	18.9812195040224	19.2595787006155	19.538901600455	19.7195145844237	21.2684178159036
O00566	18.6339330833116	19.2085894390454	20.2941108724963	20.3650298819793	19.8967330855468	20.185423884018
O00567	20.8502383594661	20.5189068306004	20.5276441427053	21.2834334224096	21.9100367258015	21.7754994818396
O00571	21.2305121939614	21.4724174355487	20.0839895466017	23.0005484629175	22.7352624307184	22.6754370504586
O00592	23.3915926225524	21.1386862007586	22.4037202476234	18.2928676340007	18.2928676340007	18.2928676340007
O00622	19.2199433119125	19.7094907920809	18.0466242840574	22.8145998011131	22.8680849988393	23.2807692293419
O00629	18.7227246415216	18.7500216807934	18.7227246415216	19.7914314003383	19.3159795282588	21.1843581240393
O00635	18.2452354340134	19.0700550348029	18.9613320712111	21.6431589803742	21.3791739579811	21.87548955011
O00712	18.3286512096684	18.0841188380459	17.9601649530162	20.8610258132049	21.1699821806127	21.7199571694928
O00743	19.8281469023963	19.5507215768345	18.777169069832	20.9958467109624	21.1300320192528	20.6892115156399
O00762	19.6118438228385	19.372129569407	18.8531716907346	20.3274284765433	20.0512461625081	20.4453775688164
O00764	18.9048884519995	18.936961477761	18.3222620671918	18.9048884519995	19.6850445262121	18.9048884519995
O14497	17.9732264020775	18.5452004008369	17.9506021209622	20.6763730542884	20.5150495982302	21.1046625592121
O14531	21.1187763582582	20.9987635775867	20.642341827747	21.8090091597665	22.4121380972923	22.5936000990345
O14545	19.0062207603276	19.4788688153894	18.4615521026755	19.2501433595074	19.586702907523	20.5913190086157
O14578	17.1971580318634	17.1971580318634	17.1971580318634	19.7849370052485	19.2791378029444	20.2440366806181
O14579	18.4285582488802	18.0416195417279	19.4470528534654	17.7743280086059	17.7743280086059	17.7743280086059
O14618	20.0366324741078	19.9777831139895	18.8448190515222	21.9345450291857	22.3831221746738	22.5372267244867
O14653	19.2335773621522	18.9397458791913	18.9397458791913	18.9397458791913	18.9397458791913	18.9397458791913
O14656	18.8799338862351	18.8799338862351	18.8799338862351	20.4353039241079	19.9833938660259	20.7604750739953
O14657	19.0318093247389	18.9557859952296	19.0318093247389	21.5859665761685	21.2469491003923	21.6678037630002
O14662	20.1465438106607	19.0722670699533	19.9185038243673	17.4437881420785	17.4437881420785	17.4437881420785
O14682	18.4577156645096	18.4577156645096	18.4577156645096	19.0782095775585	19.2582174622876	20.2349819397892
O14683	21.2530008286179	19.2142304199515	19.2248433677781	18.6212213822058	18.6212213822058	18.6212213822058
O14744	19.5173555551499	20.2141296473405	19.1699796004868	20.3712770855986	20.5005111298228	21.0014450956528
O14745	20.5213356656824	19.2285639343251	19.8508750687197	18.3355004985116	18.3355004985116	20.1490127597547
O14757	18.7340966430077	18.3769888675293	18.7269903772776	20.646626435919	20.5119015721966	21.3651177147745
O14773	22.3595736734396	22.321451161456	21.9050972859797	22.6549653994086	23.4758287338158	23.4086313213243
O14776	18.4050028202748	18.3113692178943	17.4514017676779	20.3877771762304	20.2194366020809	20.6764359679423
O14777	17.9287800823915	18.0694636325547	19.2216397696349	19.48589681111	19.2153957107755	20.0251305470499
O14786	19.3845607729194	19.0288129127228	19.1318741904683	19.0288129127228	19.0288129127228	19.0288129127228
O14787	20.4920109535939	20.1132363747114	19.0527684644471	18.8035110468381	21.2209240249518	21.4219963794105
O14818	18.8350494727254	18.9052900330682	18.0820258730091	19.6531591150873	18.4082169490428	19.5342376118299
O14828	22.5705358317662	20.9027384917554	22.2159968310637	18.0592580821977	18.0717762264004	18.0592580821977
O14867	18.1520846119606	18.9565432098599	17.6411087032368	21.4682834298375	21.6701209072592	21.9945478748621
O14893	18.6174056446906	18.3074468204285	18.3831918137137	19.5482513775484	19.0187227924251	19.6230954340883
O14908	19.6047118872113	18.8669427706261	18.5321229714247	18.7378119428888	18.9701688473507	19.2373094716204
O14910	18.9533574621779	18.9533574621779	18.9533574621779	20.6278056559692	21.1474270459371	22.097149287133
O14920	18.7652020280916	19.619733330312	18.6413582095912	21.3850063914097	21.3018988790921	21.7720877147743
O14929	20.4851498937036	20.4306957939412	19.3846358451881	23.5225684849338	23.4117313665665	23.8726571045397
O14933	21.1934738089282	20.6757527313472	21.0662248486027	21.1845930125391	21.6316139309827	21.3937014546386
O14936	19.9551368888364	19.6552904976891	19.0253364653821	21.4976838489205	21.5546748174917	21.594075534565
O14939	18.4317722927966	18.4317722927966	17.8088462912674	18.4317722927966	18.4317722927966	18.4317722927966
O14965	20.0614577574602	20.1272082696857	19.4743663629068	22.1213518692669	22.1996315433662	22.5635836510166
O14966	19.9600075789222	18.5239725290199	18.5239725290199	18.5239725290199	18.5239725290199	18.5239725290199
O14974	22.3382551360635	21.9741005481545	22.8857624796314	18.6689898671505	19.6433133335508	19.0914926369405
O14976	19.1684141242088	18.6211743113789	18.9806055163463	18.5408990801312	18.8621507349124	18.7622174626686
O14980	21.3206905250914	21.3468890002857	20.9303310413459	21.461390696726	21.9598649248851	22.1226079479008
O15014	18.45751055635	19.554683024088	18.3859960540246	21.1271672807053	20.9209664961033	21.3919708368832
O15020	19.1203330795237	19.6630469386634	18.4533857414145	20.1620234260011	20.2908225553866	20.2793803472129
O15027	20.0951518587309	19.8582364088097	19.4785026494867	19.9913733909231	20.3045554317634	20.308753106544
O15031	20.3484659807209	18.5277399903171	19.5850358293158	16.0611901313712	19.17434018701	16.0611901313712
O15037	19.6872726935712	19.9634022126116	18.8027665431846	20.4045089339797	20.6451642822522	20.8555449932181
O15042	18.8979399826509	19.5206991408298	18.6688999082817	21.130516928132	20.8366315879996	21.1373919538717
O15050	18.0128447118515	18.0128447118515	18.0128447118515	19.4386753689341	19.3612265482446	21.100843768095
O15054	18.9423951810079	18.9423951810079	18.9423951810079	20.7688731669867	20.1723882137428	20.5965891178916
O15055	17.663703834881	17.663703834881	17.663703834881	21.445470865143	21.638484442324	21.7757402908286
O15067	19.1966418861879	19.2807419554008	18.7118963025903	21.0979477515899	20.7875387467846	21.2430531227972
O15075	17.8442297217817	17.8442297217817	17.8442297217817	20.3716569159418	20.00866357198	20.6318149851439
O15084	18.1829588009909	18.7876594148721	18.3803907818897	19.7366286418353	19.8097638342009	20.0675494283396
O15085	20.0322239183297	18.4266470942455	19.2387947934558	16.9724018222867	16.9724018222867	16.9724018222867
O15111	18.6942912019204	18.465918546198	17.7323179098164	19.0997094400155	20.667886703427	20.6699179827809
O15123	21.1738613174075	17.9578603128994	17.9578603128994	21.3236237274455	20.6719592899684	21.5957915276751
O15126	23.5939668098881	21.8882843314883	23.1793126307345	18.8172523088437	20.0180523579385	18.8172523088437
O15127	22.6610147762026	21.7149352408027	20.970725890824	19.5334859190609	19.5334859190609	19.5334859190609
O15143	23.0407129416367	22.2492831382585	22.8648918245432	18.7729001492673	21.0941664984186	18.8514697397541
O15144	22.4114592140284	21.8349329766448	22.2700620872974	18.3468035187987	20.5129638614126	19.1077981030592
O15145	23.6552080308287	23.2909375277788	23.4468102651408	21.9583573894779	23.0239947440552	22.6097069135195
O15160	19.2170215543536	19.521763897244	18.7750337365266	20.5666569824957	19.6875729489494	20.8887570457995
O15164	18.7001248495548	18.7001248495548	18.7001248495548	19.6603861687656	19.6128082584568	18.7001248495548
O15169	27.4505232120428	21.6961642339383	21.6961642339383	21.6961642339383	21.6961642339383	21.6961642339383
O15173	20.4105758287469	19.9684349838296	18.9253834985369	18.522679022868	18.522679022868	18.522679022868
O15182	21.007313495944	19.375190225292	21.0237212373786	20.3868412641029	20.0449599139106	20.7738455168519
O15212	21.2005528897187	20.7866856860145	20.2146010558585	21.1482808658076	22.071461898513	22.0767551467195
O15230	19.7210849361444	19.4823254015171	18.7303832361327	20.4516995671672	20.3224290170609	20.7413269554147
O15231	20.3840742503023	20.3235297809663	19.5270937251439	23.0286104719728	22.8525941211791	23.404548217848
O15235	21.3408433728468	20.3584865410547	20.8774196912291	23.1158172277066	23.0587632903738	23.2459244565757
O15240	20.1284691762729	19.7370497230537	19.5883385956185	17.1743664488904	17.1743664488904	17.1743664488904
O15258	20.842305371599	18.5950056882923	19.9495761726783	18.5950056882923	18.5950056882923	18.5950056882923
O15265	19.3223734813607	19.3223734813607	19.3223734813607	20.3311458288547	20.4063713822134	20.7681673988856
O15269	19.6830078694318	18.9716198279779	19.254944111635	20.1851007914283	19.7340023892268	20.6972176215855
O15294	19.6813220559151	19.5999840214469	19.1578279675522	20.9941193759369	20.665127267595	21.2116870782553
O15305	18.591139502093	18.591139502093	18.591139502093	19.2852967525028	20.002213253459	20.1694903550606
O15327	19.2863762814334	19.2863762814334	19.2863762814334	19.9303162188722	20.3610901650659	20.9756558475348
O15355	20.4383332168135	20.715160085115	19.7570156052935	22.1012160399196	22.0846154134886	22.4579436610291
O15357	19.0400803498253	19.2188183350373	17.8001230840844	20.3119218139331	20.3450931527435	20.6945550787526
O15371	20.155801242321	20.1942659324038	19.6478461632741	21.0331951502563	20.685388260928	21.0572581055009
O15379	17.9314698331529	18.5710278606547	18.5710278606547	19.257718660947	20.2914131052218	20.3343099094681
O15400	21.4304503450338	20.9053868104594	21.2386456703441	17.7396366319514	17.7396366319514	17.7396366319514
O15446	20.9937791069365	18.9200107711301	18.5152934357142	20.3782817408719	20.6303587173989	21.0642284501809
O15460	20.185666377539	19.474979968117	19.2932721499554	20.1290465056643	19.6612577780903	20.7616846499721
O15479	20.741915674086	21.3628645623783	20.2389787578272	22.8315312807652	22.3155751254419	22.4097054461696
O15484	19.6591979108156	18.4455260485354	18.4774717104475	18.4455260485354	18.4455260485354	18.4455260485354
O15498	18.6253015627377	17.9815309820629	19.0382716606419	17.9815309820629	17.9815309820629	17.9815309820629
O15511	22.311895414935	22.0685746234281	22.5720668040151	18.2478249514373	20.5055755019439	19.3601678439452
O15533	19.5235541109058	18.417708855776	18.5702045228274	18.5334239169243	19.1299939076622	18.5334239169243
O15541	18.4530234238982	18.7988159984409	18.4530234238982	20.9472976055528	20.8634495656466	22.0979019293225
O15550	18.9929293503925	18.9929293503925	18.9929293503925	20.0674438004242	19.3971624353629	20.2023925378781
O43143	20.1156723105345	20.1096795111213	19.365092633819	21.9590192907129	21.9798381413749	22.4818562664935
O43148	21.0051155481927	21.4496105417051	20.1820282099021	23.4176779950984	23.2781141330985	23.6812965598492
O43156	18.3277366003465	18.3277366003465	18.3277366003465	20.2411425652236	20.3066556680924	20.8876344015216
O43164	19.62626660063	18.9644147846406	18.3219829253702	20.2969037646223	21.1614761195111	21.1159177390055
O43166	20.3566586562226	19.9167279904361	20.21067938719	20.2431521688138	20.5339805489547	20.2976688919678
O43169	21.1629586801696	19.5632287990309	19.7532795519647	19.1475123074839	19.1475123074839	19.1475123074839
O43172	19.0354221848551	18.415122380525	18.0356233750055	21.1587692410789	20.9970735453169	21.439069203069
O43175	21.9960429992124	22.0534615643878	21.4554782002403	21.8502873090235	21.9407396382632	22.2218377547051
O43189	17.8993685466129	17.8993685466129	17.8993685466129	20.2646289009173	20.354902044906	20.6063498016039
O43237	18.9459917054893	20.1098725892683	20.1729581987776	19.9066715741576	19.7514718357705	19.5624745115626
O43242	20.6136037976717	19.9948823555912	19.3341105222709	20.562147403853	20.2706233147523	21.1693811563375
O43252	19.8929882189024	19.9906532524312	19.4994439498544	21.8671882565301	21.8351918480111	22.181126066095
O43264	19.7028021562056	19.2205040991572	19.0651218110246	20.052766992388	20.4889137922583	20.8770616968878
O43290	19.6669100370742	19.210719429913	18.6795912736521	21.1350685642323	20.7203847262615	21.5212610995493
O43293	18.5558355640338	18.2694542789067	19.4624129594003	20.0318207616007	19.4981837848905	20.2856890347734
O43294	18.6258759197734	18.3356190012481	17.4013317978064	20.2235997598658	20.7505581191788	21.0568055861406
O43298	19.3384641734324	19.3384641734324	19.3384641734324	19.4439346524166	19.6221542092245	19.9908917892389
O43299	20.3911100526854	18.6019150112162	18.6019150112162	19.8753883644952	18.9553581645899	19.2119034317862
O43301	18.4311692607209	18.4311692607209	18.4311692607209	20.0293514656998	18.4311692607209	19.8753836849398
O43303	19.4489343481481	20.206382911291	22.6487794530569	19.4489343481481	19.4489343481481	19.4489343481481
O43310	19.665492727635	19.665492727635	19.665492727635	20.2120959411014	19.9266669098098	20.5291478364562
O43318	20.0679193706808	19.4033759402998	18.8373282749933	20.4829264204156	20.6185769217004	20.3132402546805
O43324	19.6731479543699	18.4084300016516	19.4303297694711	19.5725170363458	19.7759846763567	20.2339396030483
O43353	19.4084335119438	19.4599303187401	18.878941306724	20.1069939900919	20.5303434469865	20.4960249380644
O43374	19.899405531211	20.3428374931705	19.0966003907645	20.2798534639093	20.0172591680167	20.6416854693598
O43390	20.4818487761094	20.2369367765587	20.5733713243196	20.7570996874041	20.6295165417048	20.8546369611882
O43395	18.9148012176369	18.9148012176369	18.9148012176369	20.0194269113662	18.9148012176369	20.24064806699
O43396	19.9637057753845	19.8410234923646	19.1532709263979	22.0218756948991	21.6908057323659	22.2068351103774
O43399	20.1693661611776	20.0505779964283	20.2809941943669	19.2913707223934	19.5112212517596	18.2681535837133
O43414	19.4067166637612	20.0475998382315	19.3113067201463	20.9282565993658	21.6957464996662	21.9362776581754
O43447	19.0040126606775	19.0040126606775	19.0040126606775	20.3027326022385	19.0040126606775	20.4775386308306
O43491	20.8884369373372	19.5611389248968	19.8322028525768	21.1153374510335	20.6256797902567	20.9209008995112
O43504	23.7645134295292	22.0148818267738	23.1186667872456	21.1863092936137	20.5700665554762	21.1863092936137
O43583	19.9439283845396	21.3104025718718	19.4426243399602	21.8433340891251	21.7952212765433	22.0967435813193
O43592	20.126424052229	20.4292436881984	19.2223849077221	21.2531332659788	21.5206646337272	22.0585456979298
O43615	20.3855807469527	19.7128867753905	20.3611646430146	19.7007211683788	20.039808991395	19.9571697705673
O43617	18.5072911435916	18.5072911435916	18.5072911435916	18.5072911435916	19.8836702776487	20.4954002769247
O43657	19.4562112246149	18.6626008167746	19.0418722610751	18.9495711718691	18.9495711718691	18.9495711718691
O43663	17.8649006867863	17.8649006867863	17.8649006867863	20.6695107255524	20.8032470467799	21.0170737617008
O43670	19.989307958361	20.2022614298767	19.1671890612973	22.0842076326278	22.0342996891469	22.471509994437
O43678	18.3871496272223	18.3871496272223	18.3871496272223	18.3871496272223	19.4801189893941	20.2670895786974
O43681	20.3065551118768	19.6355473277316	19.5352993899382	18.337832091876	19.4704604136137	19.1496911543174
O43683	20.6787063021902	20.6787063021902	24.370505651825	20.6787063021902	20.6787063021902	20.6787063021902
O43684	21.1336804111309	21.4023748642965	19.8230284718011	23.4740610487303	23.0858758493844	23.1642325471802
O43707	21.2462033659318	20.3167199749672	20.9633544772679	19.5308672950573	19.3893972371347	19.9786057819917
O43715	19.4058417158609	20.0286120415811	19.0670207447996	22.3475556134914	21.3006599191129	21.3840734737444
O43719	18.5105222078005	18.5800695752054	17.6907938196499	21.1983816027646	20.1584144059371	21.3356131498355
O43734	19.3104952077625	19.3104952077625	19.3104952077625	19.6215876159515	19.2714415041075	20.0268383765486
O43739	18.8407956385147	18.8407956385147	18.8407956385147	20.3125945657275	20.1776292215489	20.5975719481793
O43741	19.8505342740143	19.8505342740143	19.8505342740143	20.3196686175072	20.6457209547469	20.6198126898748
O43747	19.7491224443927	18.611497690968	19.4228856853032	18.5428570483756	17.9020736627917	17.9020736627917
O43752	20.3009601438687	19.4477964831776	19.821879394966	16.9799549341389	16.9799549341389	16.9799549341389
O43759	21.5888629877124	20.6999425187708	21.5318665384548	19.7355479041534	19.7355479041534	19.7355479041534
O43760	20.2983546553902	20.5885204150534	19.7128016611994	18.4515360587983	18.4515360587983	18.4515360587983
O43761	20.0641594136508	19.2885267271882	19.4595578954392	19.2885267271882	19.2885267271882	19.2885267271882
O43795	24.6085486553564	23.3458184517135	24.154132259112	17.8882877116518	21.6692117117505	18.4298028462083
O43809	20.1131884148946	19.1753156815907	19.2429418538443	20.5653855292257	20.5970818499825	21.155098730632
O43813	20.2244912898773	20.6302288206131	18.7209212695072	21.9728224684125	22.2827815495676	22.2382095690129
O43815	19.3928517343332	19.0991950624136	19.0319172206906	19.7491010551376	19.8961381309098	20.2413824557883
O43823	19.8198676092492	19.3540443228417	18.5131595375664	21.7576972981726	20.9340444955881	21.5341900616972
O43824	18.3079851904526	18.3079851904526	17.781039955404	20.3268855339123	20.8873877452989	20.601842004136
O43829	19.3778441029213	19.3778441029213	19.3778441029213	19.3778441029213	20.8292518610568	21.6380234880275
O43837	19.9986823494088	19.8592340471755	19.1117887579248	22.4133600596695	22.6888717646347	22.2853374839957
O43847	18.9674106175733	18.7148506274646	18.665381894965	18.665381894965	20.0995618888652	18.665381894965
O43852	21.2479171031477	19.2875397387452	20.7534739190301	20.4606715980965	20.3698807559393	20.1499074151641
O43854	20.5671556539828	19.3517740452668	20.124598015067	19.2625116881101	20.3516798404198	19.3182237478329
O43865	18.18447831506	19.3550902423407	18.18447831506	19.724119140151	19.3326660122455	20.0257626706343
O43913	17.5663738777398	17.5663738777398	17.135610191876	17.5663738777398	19.8412983821576	20.3222089095116
O43920	18.8795827427449	19.0529672299472	18.8795827427449	20.5044892539156	20.318529213013	20.1244777152342
O43929	19.0576630499981	19.0576630499981	19.0576630499981	19.8559846554228	19.7542902868552	20.3623679567886
O60216	19.3447493123255	18.8463639112439	19.184709509713	20.2265964429916	20.285423740398	21.1417448628302
O60220	19.5272024357359	19.5272024357359	19.5272024357359	21.269439718021	22.0744508164498	21.9604077306568
O60262	20.1800568924142	18.5623374005734	19.6864947601016	18.7820449312541	18.7820449312541	18.7820449312541
O60264	19.4349477601833	19.1497604005326	18.6687019757958	20.2394978313458	20.2665047788145	20.3713560237029
O60293	18.8463008747352	18.8463008747352	18.8463008747352	19.9872910139068	18.8463008747352	20.002433472268
O60299	19.2556755046335	19.2556755046335	19.2556755046335	19.2556755046335	19.5905443669864	19.8052218800161
O60313	18.9172058220784	19.3426126411332	18.8624479975199	21.8365516390362	21.8878676719489	21.8113417932828
O60318	19.0990750525881	19.0834657222355	18.5388611676463	20.6383693403731	20.5856150638024	20.9056857456077
O60333	19.1739776852733	19.2146155197562	18.3623590924806	20.6086110893744	19.896331022558	21.0414523454343
O60341	18.7982307303374	18.7945356008398	18.2371363682105	20.5705999632328	20.4192273667464	20.8999103204439
O60381	18.918958691975	18.918958691975	18.918958691975	20.7600024738045	19.8814283946026	20.7319788028782
O60443	21.1375977154546	20.3413009233014	20.4503163674247	21.299335046198	21.8835795059462	21.6669220959504
O60488	17.2083856162046	17.2083856162046	17.2083856162046	20.5314300947324	20.5279488111684	20.8371357075698
O60499	19.6816270789029	19.1607432058168	20.1331754267429	18.2319137643545	18.2319137643545	18.2319137643545
O60506	20.4575994496476	19.8252812150747	20.310578916786	20.7226676447551	20.6595384231127	20.5498956372978
O60518	18.7407697487178	18.7407697487178	18.7407697487178	19.2285369739532	19.3780625941954	19.5989131564636
O60547	21.2939998939546	22.027529770289	20.4561116709376	23.3239406324619	23.6651419838127	23.7216607023796
O60551	18.635817313781	18.635817313781	18.635817313781	18.635817313781	19.2574789908067	19.7660047205498
O60563	19.6569319275725	19.9764877579012	18.7874038685063	21.49132628248	21.4159632237467	21.5966675611921
O60568	20.4569587806192	19.0149027415999	19.6281869814625	19.661130053299	19.0910966510429	18.9931141899467
O60573	19.4052176511673	18.8951365394763	18.9859997611966	18.988583130029	20.1758305075705	20.1291974800154
O60610	18.7674972109181	19.4626605916422	18.5269924845697	19.8766000244647	19.3978032549198	20.3713483479324
O60613	19.1397906362192	18.7362394949549	18.2542313246273	18.7362394949549	18.7362394949549	18.7362394949549
O60645	19.6840129384585	18.2315389446717	19.2054925524843	18.2315389446717	18.2315389446717	18.2315389446717
O60664	22.5620972939014	21.7869209164176	22.0207604844345	22.1634003113351	23.4347122751218	23.4936349092911
O60678	17.8058479110606	19.5368756923462	17.676168877997	18.5261486730489	20.5612091533711	20.4142539545615
O60684	19.6967358574114	19.6967358574114	19.6967358574114	19.6967358574114	20.3853254745418	20.7404541486802
O60701	19.353958777421	18.922813328533	18.681361652412	19.7547161526429	19.2609461620507	20.4865551181374
O60716	20.9367786395612	19.8550132899356	19.9376960454582	20.4830972111647	20.4650989024731	20.609640907883
O60763	20.004226385404	18.7703603585772	19.3090847937589	20.1518954253469	20.0415939788563	20.6965648002485
O60784	22.0532359838836	21.0009032454196	22.3161660870311	18.4303378357492	19.3838745990955	17.730544171115
O60825	18.3090544501587	18.3090544501587	18.3090544501587	19.4932874922307	18.3090544501587	19.8351428755744
O60826	19.3018925257288	19.2949570286309	18.3260855659984	18.6738888402302	19.4612722488588	19.4232311298531
O60828	19.6489147070136	18.8690398761483	18.2529060211836	18.8690398761483	18.8690398761483	18.8690398761483
O60832	19.5005917130258	19.4092411995966	19.0467641952875	19.7668208739243	19.9834180273522	20.6045138783263
O60841	18.6644323402837	18.4702823986365	17.8132496682789	18.2576300474755	19.0283024623162	19.8559262248146
O60870	18.3122304384109	18.9748122108942	17.9975125871418	21.2012847016967	21.1759967551209	21.65763290146
O60884	21.0532516812179	20.5851465422754	19.7608814105292	21.8655114894864	21.2312179985222	22.0705430254265
O60925	20.7028161686234	20.5535772899838	19.6255278139794	22.0299960720547	22.0039148980949	22.2751406585972
O60927	19.2598612074978	20.2891361825863	19.2598612074978	19.2598612074978	20.5729245228016	20.299425130679
O60934	17.0839151471478	17.0839151471478	17.0839151471478	20.9788220707318	20.7899742068305	21.4519084205086
O60936	19.0228600407379	19.3202370437825	19.0228600407379	19.0228600407379	19.8059478001604	20.6501627168412
O60941	18.6944784072461	18.2530042816664	17.7579277129681	18.2530042816664	19.4377861363372	19.6491696165934
O60942	18.9038976301743	19.4571236620103	18.559285780987	20.7886789728664	20.5338204714099	20.6968117999841
O75044	18.6657720824054	19.0757574336948	17.6761974960516	20.3259458657733	20.616123949737	20.6970959790545
O75069	21.4959528009454	20.9954459708774	20.7413067823128	21.0048864119473	21.9388942222435	22.0900968950596
O75083	20.0213184703422	19.6023419249376	20.1357149110924	20.7161288838636	21.2456527347437	21.2264104224399
O75110	19.5525322425619	18.3915293036661	18.3915293036661	18.3915293036661	18.3915293036661	18.3915293036661
O75113	19.3032559996021	19.0666219963217	19.214769723118	20.4050218018008	20.7758747133481	20.7184375938401
O75116	18.3031142542413	18.7208030767753	17.1647398735086	21.2231074064555	21.0078729813261	21.4771846702098
O75122	18.7486060366747	18.6196364792959	18.5943864520859	20.4380975176794	19.7488797507147	20.3334330181167
O75128	17.7772987943974	18.45437494258	17.5379759905852	21.1878610843438	21.0549423826569	21.2726014060372
O75131	19.1085466455536	19.2088938327646	18.8476967782099	19.8631282170313	20.0253311410674	20.2618094126668
O75146	18.1449296058831	17.9088908172237	17.9582722582134	17.9665955425227	17.9665955425227	17.9665955425227
O75150	18.3940389213112	19.647831275546	18.3940389213112	21.0893992765482	20.7353144318692	21.2457702826725
O75152	18.0936518730624	19.0549939811972	17.9278344552011	21.5310698161276	21.4484721536242	22.0219426222985
O75153	18.1480282548991	17.9311610400378	18.2593196709618	19.4906991747813	20.1665259682578	19.9868455134154
O75164	18.1003672527886	18.1003672527886	18.6004925481153	19.4483599519354	18.5694072016283	19.6517155987771
O75165	20.4202221880231	19.3951165692301	19.9128862247558	15.4006514401799	15.4006514401799	15.4006514401799
O75170	19.9080193322409	19.6808260598539	18.9430092260987	18.4783670386485	21.2260645494592	20.502020105703
O75175	19.347746104773	18.7026883506522	19.347746104773	19.347746104773	19.8405221041796	20.5592972009334
O75177	19.3493096955407	19.3493096955407	19.3493096955407	19.3493096955407	19.3493096955407	20.4115629554753
O75179	18.3939726366175	18.8232796660511	18.2441861671933	19.8123182661301	19.9088124945298	20.3599795811365
O75190	19.1554986732079	19.0514903164871	18.9304614640304	20.3555042449532	18.2346544706362	20.0054526037685
O75208	20.4333348988133	20.0581919794909	18.4564274993889	21.652719188437	21.533890929003	21.9487459583686
O75223	20.1040804407027	20.523904361115	19.2724698963342	21.6526690679993	21.0525376768319	21.5743737318982
O75330	19.3016305901304	18.8797716561422	17.978394933647	20.8975573390792	20.1688154117793	20.911830790087
O75340	23.6854660482886	23.4133995980464	23.5278052118752	24.4075449217083	24.3794278835406	24.9434777310496
O75347	20.2338810345237	19.1187881242575	18.7347029986533	18.9285300586579	18.2602933213328	18.9679917247461
O75348	21.4445953144034	21.6215558409334	20.7122662293512	22.2936295165146	22.4383951892785	22.6565565842106
O75356	19.1467260063942	19.1467260063942	19.1467260063942	20.8608982767334	20.4584225499259	21.5418750551599
O75362	18.2427743244211	19.298182958254	18.2427743244211	20.4591958055148	20.1572683220328	20.827178379579
O75367	18.7841001710798	18.7841001710798	18.7926071266424	18.7841001710798	18.7841001710798	18.7841001710798
O75368	18.3138124149779	17.8866990856413	18.9347720092241	17.8782342263035	17.8782342263035	17.8782342263035
O75369	19.96940818541	19.5991716588889	19.7481722994254	21.4731091779332	21.3332638933519	21.4711353241938
O75380	19.4313305048869	19.885191975767	18.4796133761547	21.3679534645792	21.5257337208469	22.3042504869537
O75386	19.9013844132095	18.4455011215941	18.649229008094	20.2613877908698	20.9782191043223	21.2283769683227
O75390	19.8403527995104	17.917440058737	18.4882064503354	17.917440058737	19.4038853797133	18.6707320320619
O75391	18.6678169321604	19.2442380073273	18.6678169321604	21.2245532457571	20.6313871883183	21.5696339307413
O75394	18.9265874883141	18.9265874883141	18.9265874883141	18.9265874883141	19.8179570104729	20.4917947934899
O75396	21.8916804075231	20.7954470815103	21.2766453227255	19.4830302309906	19.7297767993418	19.1520687335739
O75400	19.4283090165046	19.5345328524247	19.619380625321	21.5905093814202	21.3055234631262	21.7690046987888
O75410	18.2504903076497	18.5646023478326	16.8942111591409	21.5491879215777	21.1813547723976	21.4877931130089
O75419	18.71444732281	18.9766551173987	18.71444732281	20.9498506615882	19.9759227328914	21.0481287105305
O75420	19.5903655094196	19.3529578748394	19.3052856143615	19.5002713655583	18.7634880850305	19.9070988476665
O75427	18.2480221699352	18.7862041513683	18.6072467870988	19.7380845531517	18.00915796508	18.00915796508
O75436	18.6007439368745	18.6007439368745	18.6007439368745	18.6007439368745	20.3756252720452	20.4374064413058
O75439	18.0220616136643	18.2161956822285	17.1084875385546	21.131003417994	21.1710182974067	21.1099006055389
O75449	18.3457136898483	18.3457136898483	18.3457136898483	19.783966158629	19.7941855381212	20.0499721849345
O75475	18.2012036536448	18.2012036536448	19.0778443506318	20.3046447564397	20.3499870223575	20.7229568498455
O75477	20.4966544778949	19.2112938491374	19.5764119701875	19.3847974957288	19.3847974957288	19.3847974957288
O75487	20.0939286914126	17.1560484607245	19.6273533339377	17.1560484607245	17.1560484607245	17.1560484607245
O75506	20.1577112918376	19.8466612529051	19.7225969382775	19.3817069977133	20.2876525250996	20.5459113493301
O75525	20.1622297101461	20.2510932804672	19.0683802964102	22.0583500292452	21.8943405395094	22.6077455124111
O75528	18.9575025648524	19.2175262222481	18.9767191051137	20.5247205806698	20.4289350492762	20.5982242940009
O75529	18.1023105207037	18.4319373425619	17.4551545307139	20.0247960985625	19.9043374043969	20.0785082155115
O75530	17.735819759483	17.735819759483	17.735819759483	20.3152865632157	20.2048908211081	20.7814014193571
O75531	21.0039879604646	18.8223806352318	20.4025711063459	19.0358775438476	19.0358775438476	19.0358775438476
O75533	20.0149242686037	19.4928364656973	19.2474375337613	21.2258510620267	21.1160436042061	21.6656758249633
O75534	18.8240233895655	18.9000010809636	17.7048170143923	20.4652407120721	20.1443353502601	20.6291200115831
O75569	20.6053235888352	20.4045864257536	19.9887502997885	19.6165923349086	18.3211103490921	19.4613238029947
O75600	19.1995769211071	19.0765067593894	18.3151978420643	21.2758637433468	22.0840054984365	22.2049441054209
O75607	20.4409521327261	20.0642343955009	19.6711440918675	21.4384344242855	21.6539389452102	22.3094827107009
O75608	18.9913561259888	18.9913561259888	18.9913561259888	20.7578138104252	20.7524198868158	20.4949663856494
O75616	18.0288795238259	17.5840288527658	18.0288795238259	20.6957773211868	20.9961502933873	21.5789501779992
O75635	19.0615559937212	18.1815589146301	19.0615559937212	20.3293332386649	19.1935380305744	19.0615559937212
O75643	19.1290996343498	18.5589434775903	18.601781348583	20.5604261503766	20.366503555122	20.5873480769213
O75663	20.0603037704012	19.9191908869346	18.5636025969737	21.7510610176454	21.8218645538035	21.8618297196806
O75676	18.5103811710032	18.5103811710032	18.5103811710032	19.884241920734	20.5821461987793	20.2333650597043
O75683	19.8561759592236	19.5812538558753	18.6597333899108	18.9788381807148	19.7029987408599	19.688249483553
O75691	19.9177800458117	21.0399271186222	21.59282173708	19.9177800458117	20.6177522000354	22.1693352051874
O75694	20.0422635241254	20.6392348437155	19.2808992166493	22.6624246521905	23.4441522713166	23.5899581874226
O75718	19.0043175814608	17.8146941368073	18.188394374051	17.8146941368073	17.8146941368073	17.8146941368073
O75781	20.3758510945322	18.4499076326307	19.9689574415117	17.5281022664186	17.5281022664186	17.5281022664186
O75787	19.6362709239155	18.4249311934989	18.4249311934989	18.4249311934989	18.4249311934989	18.4249311934989
O75818	18.7223474956599	18.7223474956599	18.7223474956599	20.4766681329049	20.8675278894313	20.8518933924219
O75821	18.8016925041177	18.8016925041177	18.8016925041177	19.8385377538306	18.8016925041177	19.9023945756065
O75822	19.6170244154021	18.8724115455054	19.1323526475035	20.7464676263362	19.8877458032194	20.0697634236327
O75844	19.752992681507	19.1506715299768	19.2348217633569	19.1506715299768	19.1506715299768	19.1506715299768
O75915	20.2709475635472	19.5256113005611	19.8801001060958	19.0971730118587	19.6951467503629	19.0971730118587
O75923	19.958515176337	18.8534373483736	19.4150574696909	16.2676880036475	16.2676880036475	16.2676880036475
O75928	17.9061998320042	18.5937394951099	17.9061998320042	20.5419454680847	20.6193283742942	21.3975216412708
O75934	19.0775346155038	18.5799760529813	18.5285856888336	20.4286654137673	19.619257908789	20.9153281338134
O75935	19.8696990102797	18.9501258228735	18.9501258228735	18.9501258228735	21.68962576441	20.0735741696033
O75940	20.5380394219449	20.2042583781082	19.5113695869439	22.9663330988048	22.4833116953883	22.9698407397966
O75943	18.3046318299786	18.4984381263209	17.322240865089	20.0263935175537	19.7915984930997	20.3675361679134
O75953	18.7206334667827	18.7206334667827	18.7206334667827	20.0049772990036	19.9936112621727	20.1221878797682
O75955	20.14257099411	18.9630710866993	19.2071303303602	18.1793109728522	20.0679915925678	18.1793109728522
O75962	18.909014834503	19.6497302073959	18.5992552801306	19.8497767146753	19.4316424244456	19.7275874827996
O75964	19.3276950890637	19.3276950890637	19.3276950890637	19.3276950890637	20.3487869591587	19.3276950890637
O76021	20.3672565539417	20.3256512507134	20.1621900668679	20.1935807769154	20.4778797739021	19.7336083605622
O76071	19.3103347613485	20.4786105172832	18.4124733063667	19.7986674977642	20.6748447183769	19.6982704666392
O76074	17.6055191568372	17.6055191568372	17.6055191568372	19.8824052346789	19.9167769493924	20.8172120996562
O76094	19.9211892244308	19.4718953097309	19.0671241472611	21.5983906521726	21.2114369891421	21.9737146770715
O94761	18.6754521404636	19.1907727386473	18.77719380575	21.2980488899927	21.144834256876	21.1964484505583
O94763	18.8318599488507	18.8614178642504	17.8150291395956	20.7307345991116	20.4920262566996	21.3651552971657
O94768	19.3532942393876	19.0076009141626	19.3532942393876	20.2015974498509	20.2604961407556	21.5219362838823
O94776	17.9871821125267	18.5386809052528	18.0407968528847	20.9604414939024	21.0875383410425	21.2117665571163
O94804	18.8275805211083	18.8275805211083	18.8275805211083	18.8275805211083	19.8941183743142	19.9596343105986
O94806	20.6135966092578	19.08295299087	20.563036750199	19.08295299087	19.08295299087	19.08295299087
O94808	18.2895646214879	18.8013936705881	18.2895646214879	20.1126030231773	20.0631918907231	20.4241369849208
O94813	19.4075170816513	19.4075170816513	19.4075170816513	19.7667498996876	19.610810836075	20.0184016545942
O94822	18.1883399731165	18.7715699732957	17.8442510456354	18.1883399731165	19.6890373176755	20.5800438536336
O94826	19.159651137727	18.4463197638007	18.9813467775201	18.4463197638007	18.4463197638007	18.4463197638007
O94829	19.1472664700223	19.1472664700223	19.1472664700223	20.7443818957601	19.7493765050954	19.9847476552059
O94832	22.4991417034153	21.7218382903384	22.2377580082952	14.8954068522428	20.9345765595104	17.8082961077556
O94851	19.7150686569802	17.560630210362	18.7528351049004	17.560630210362	18.8474671933405	17.560630210362
O94864	19.0588065958701	19.0588065958701	19.0588065958701	20.8281049948931	20.3526893999436	21.0848616246868
O94874	18.9500462643471	18.1807842177363	18.0181551343952	18.1807842177363	18.1807842177363	18.1807842177363
O94886	19.8090771400794	19.087663070141	19.1435837060923	18.700990440697	18.700990440697	18.700990440697
O94888	18.3607387665436	18.3607387665436	18.3607387665436	19.9044347784863	20.2874252989517	19.7494323157547
O94900	19.518741201594	19.518741201594	19.518741201594	20.1453988740708	19.518741201594	20.2791646257368
O94903	22.7350308881921	22.4258922699953	21.6347193966278	23.2436661814457	23.8161495671604	23.9289970069101
O94905	19.180640471185	18.8806883303733	17.6587346976993	17.992902723642	17.992902723642	17.992902723642
O94906	19.6551007055493	18.6463079595294	17.7950532051758	20.4006604819581	20.021307461426	20.7405347576501
O94916	19.2506806659604	18.1257076357187	19.8204700112663	20.4348604530234	19.3238132728827	20.5404002345726
O94921	19.3295377272584	19.5913728761637	18.2707342454216	19.7085163754294	20.1750419528785	20.2857253723485
O94925	19.1572730882493	19.1928867349913	19.1572730882493	21.0248478447936	20.9989627950079	20.8561568870509
O94953	23.9746822314189	25.3107762727291	24.7869116393309	22.3442293583592	22.3442293583592	22.3442293583592
O94955	18.4853918699103	18.4853918699103	18.4853918699103	18.4853918699103	18.4853918699103	19.8281848814385
O94966	17.710098496327	19.078733233076	17.710098496327	20.4009364494804	20.2626238118138	20.6698353134017
O94973	20.0792426546941	19.150043550007	19.6089598700187	16.8333383485291	16.8333383485291	16.8333383485291
O94979	19.0714937478732	18.230521949507	18.6650188082374	17.7710150349262	19.2717128242508	17.7710150349262
O94992	20.5313036719577	20.4788361329974	19.6246519871199	21.9919631777223	22.1830746946193	22.7132559047817
O95059	19.6145441760448	19.6145441760448	19.6145441760448	20.9336826217717	21.2498630898558	21.0121504016416
O95070	20.8016752510132	19.6346608782642	20.0791187184217	19.6346608782642	19.6346608782642	19.6346608782642
O95071	18.7687588257924	18.8178269832762	18.4634077555153	20.0988443262999	20.1918997516258	20.2812328458732
O95147	19.8168716334687	19.8168716334687	19.8168716334687	21.2614134343492	21.2798570923279	21.7907239802255
O95163	19.2865717803849	19.163506306425	18.4803603196642	20.1784552172428	20.2997930750998	20.727377116812
O95183	22.2328884425095	22.4084999261222	20.957145936284	25.5197802637878	25.417639313928	25.8460186610004
O95197	21.4126651895443	21.3597938289508	21.1984929169755	19.6393687988551	20.9382077956601	21.394309236025
O95208	19.9052864699015	19.1743373766021	19.1743373766021	19.1743373766021	19.1743373766021	19.1743373766021
O95218	18.247579155672	19.2238304706774	17.8598028497197	23.2115794154391	23.2518938123278	23.6898484482457
O95219	18.327935150615	18.5147209990963	18.4511779280284	20.1471018302045	19.943019357508	20.3801477173784
O95232	19.0957646856521	19.3830458375651	18.2985023859337	21.1696872708785	20.7235580538612	21.3822612355465
O95235	16.3273165373407	17.5902312594974	16.3273165373407	21.0774878905674	20.833682976011	21.4603712435202
O95239	16.6117881581079	18.9996634669334	17.9886886265805	21.2351228089052	20.8565242910008	21.3488805210611
O95248	17.9725876839637	17.9725876839637	17.9725876839637	20.1942966923644	19.7946721874336	20.3981870562852
O95249	19.6471534330293	18.6184828416516	18.7650515085964	18.6184828416516	21.1459014900047	18.6184828416516
O95292	20.7519669591054	19.982233919851	20.2409626725369	19.2891890002058	19.1173814929318	19.0758967748866
O95295	18.8178197110405	18.001445298732	19.9017791187701	18.8178197110405	19.8595617896315	19.6771987930128
O95299	18.5409495749474	18.5409495749474	18.5409495749474	20.5615879107418	20.2009681815353	20.1983414764307
O95336	18.6364717499791	18.4727255859156	18.6364717499791	20.4744969091305	18.6364717499791	20.688476643136
O95340	18.7016505857636	18.3491601915292	18.3283235128271	20.8187303746719	21.1794089079138	20.9941870422534
O95347	19.6699256536952	19.2273392330875	18.7272278095574	20.6233883021012	20.7044147798032	21.2070084159599
O95352	18.8248141947329	19.1264113065446	19.3505310001441	20.004948308757	20.2880818152708	20.2611512854651
O95363	19.3124786186881	18.7520850424826	19.3124786186881	20.3913836171109	20.677021206418	20.9207337649028
O95372	22.3298802683723	22.0919913074157	21.1801606955659	22.3745728466989	23.3973068405346	23.5257354819126
O95373	19.3912559944133	19.3316549526031	19.335691865393	20.21745313546	20.9216271124166	21.3360485322744
O95382	18.9275383526674	18.7546362173018	18.9275383526674	20.3294263166698	20.6044424678204	20.7118969713103
O95391	20.3809300584305	20.3809300584305	20.3809300584305	21.2139089766248	21.6480959845967	21.3709343202213
O95394	19.4405977031155	19.1133544076751	18.4902174057271	19.8303498605746	20.384758358443	18.4497909821127
O95399	23.7428998838803	23.0497255682172	22.6773551127187	23.3566514078695	22.7700187773766	25.9311891905325
O95425	21.7696863913882	21.1283968806109	21.729771125034	18.6635640358849	19.8880099087329	18.8861996162779
O95429	19.2316332492666	19.888179558956	18.1998902173842	21.0206226432249	20.8489622149235	21.3498749931097
O95433	19.6851001654734	18.5768053503202	19.2638677980549	19.6043701985107	20.1610897764213	18.6837444858767
O95453	19.0185832716307	18.5571927721799	19.0185832716307	20.439848478425	20.958103098086	21.0760451266691
O95466	19.5127333728852	18.6650867233053	18.6749032908266	17.376767358589	17.376767358589	18.0676608261832
O95470	19.9892850469762	19.1208108425589	19.262394090035	17.023703754187	17.023703754187	17.023703754187
O95478	19.4648155411525	19.4648155411525	19.4648155411525	19.4648155411525	19.6222355060793	20.5906807249383
O95486	18.52153639387	18.7971627214156	18.52153639387	18.52153639387	18.52153639387	19.8604803665644
O95487	18.6353606566205	18.9446462173395	17.6625050802427	20.6143228231499	20.3319316527498	21.0009658417209
O95490	20.3672429785654	18.9005100815864	20.777074872181	20.5250023381711	18.9005100815864	20.6681894171568
O95551	19.0332510707995	19.4723494537875	18.5763347610312	21.5970841835375	21.7463472897479	22.1599920627402
O95571	18.9280280387735	18.4260093035728	18.0867381520253	20.808153513838	21.3025332488081	21.0554135590796
O95573	21.8084299641496	20.2291692614112	20.4322829110505	18.7548843429827	19.3067694272433	17.1077594240074
O95602	19.7549058362358	20.1726205666003	18.759153166525	20.5958724788306	19.5120734653089	20.4525493721369
O95613	19.1968723248325	20.4778204293269	19.1968723248325	19.1968723248325	21.1149365103421	19.1968723248325
O95630	20.3271417722522	18.5383586626655	18.5383586626655	19.4345365001187	19.8105952525395	19.9101281497139
O95633	17.9813070667631	17.9813070667631	17.9813070667631	20.7529083784764	20.4533594978263	21.2618982823174
O95639	18.508428980467	18.6964881665109	18.104302609069	20.4378213251723	19.736903783263	20.8371553671137
O95644	18.7650533622168	19.0186399767968	17.506439386015	21.2346718327717	20.7738663347652	21.0661676347363
O95671	19.6848801133769	18.7276866882851	18.0056609543134	20.52084451088	21.1358585279253	21.0084483475496
O95674	20.7101527507375	19.4778313108093	19.553814168169	19.4778313108093	19.4778313108093	19.4778313108093
O95707	19.5075549505181	19.341923057628	19.0138508364747	20.3591565813452	20.4489603304728	20.2162116926599
O95721	20.2578053684341	19.7757041908199	20.1141096435669	18.0544533107859	18.9505210197597	18.0544533107859
O95758	19.6944513669715	19.1694286006154	20.0377806474759	20.5829739353932	20.2446491652252	20.6965296901669
O95777	18.6596765281034	18.9794626034604	18.2372253333149	18.9794626034604	19.7305420774834	19.6576524189189
O95782	22.0293565191706	20.8634686393207	21.4493043144385	17.6172999175905	19.281308413882	18.2985407780758
O95785	16.8958055919296	18.4219270959641	16.8958055919296	20.8233355716351	20.7713049449419	21.0269710354804
O95786	19.0473267509875	19.0473267509875	19.0473267509875	19.0473267509875	19.0473267509875	19.5405800234997
O95793	21.3732843716094	20.4891735710432	20.5926630742692	19.3071721439119	19.400116768402	19.2254263722909
O95801	18.9570431253368	18.7532949061611	18.0100217138797	20.8457442297212	20.8866923954618	20.9072332112844
O95807	22.0534210450657	21.3568745424364	21.4356362950796	20.5031735593693	20.5031735593693	20.5031735593693
O95810	20.083295798588	19.1842307961228	19.9808765075996	19.7665079729885	20.0119522298228	20.9759244021796
O95816	21.9861165054054	21.359358612659	20.7789221940188	20.5963047016845	21.3634652361739	21.1944788752383
O95817	18.0962153224977	19.4060401540522	18.3405080259924	20.1689346098601	19.6429305854447	20.1670357020858
O95819	18.3239905593609	19.1535013720004	19.0668427050592	20.2426882827511	20.6256898634573	20.5676924454095
O95861	18.2492435646724	18.9445064843385	19.4099455212646	19.3980555550865	19.5817522959728	19.9308633988241
O95865	18.8734868691653	18.8734868691653	18.8734868691653	18.8734868691653	20.0694542863705	20.022535764555
O95881	20.1719018667536	18.8993451740173	19.8578652681375	20.3792409545688	20.5196608278814	21.3605760496819
O95983	19.2295436385471	19.2295436385471	19.2295436385471	20.1542763261478	20.2590401417188	20.5334818500042
O95999	19.061488874142	19.832049856114	18.1962436471409	20.788638712925	19.6397272503836	19.6444137454051
O96007	19.3639473682448	19.7937384358124	19.502857438692	21.4418829584587	21.6303413755365	21.9592625998015
O96013	19.4607590471118	18.9116418151144	19.8151505876472	21.101404242932	20.9846821598794	21.4403065766754
O96019	20.7240844922564	20.2442525999053	20.159504110519	21.7132928213477	21.4887309892749	21.9039554342372
O96028	18.0392684249159	18.0392684249159	18.0392684249159	20.2697278112398	20.365065271212	20.5037088714089
P00167	20.8743646404077	19.2985439198673	20.2828525759737	18.6525868793082	19.7267393937573	19.2380738124827
P00338	19.7501262388286	19.2832036777335	19.0053034532083	20.6810751837204	21.5712334339265	21.4472848178712
P00367	19.6113989815041	19.2683074763516	18.7418242206079	21.2382870006465	20.9365475800147	21.1403724585272
P00387	21.4003563545697	19.9358261612334	20.9491759046536	17.7901451533568	19.8927832340487	18.4108168557806
P00390	19.7758542399401	20.2060177726822	18.4976063573012	21.1655554302758	21.6065324004068	22.1917117563667
P00441	22.3890679054468	21.8708650837315	20.8498745171172	21.5709809407359	22.4504035245006	21.9764578302119
P00492	20.1007965006645	20.7513871231702	19.3332864573308	21.2101993766229	21.4007649890388	21.6976897773912
P00505	19.1261479487765	19.1261479487765	19.1261479487765	19.9899082786012	19.9551362468747	20.4206254776559
P00533	20.7919343280562	18.912249051333	19.5974843311266	20.5322025901681	19.898895720275	20.5053696551685
P00558	20.8621006356369	19.1200935570886	20.2966977409	19.8867108958743	18.3920632107149	18.3920632107149
P00813	18.4418783328646	19.5245762466356	18.4418783328646	19.8406357360691	18.4418783328646	21.228614523246
P01023	18.4640832839453	18.4640832839453	18.4640832839453	20.4353190725588	20.2333723585004	19.7618785686207
P01033	23.2929677321948	23.7729449105818	22.6130006316264	24.887249177484	25.5934243000443	25.3656166972895
P01034	20.8313332960046	18.7691245892958	18.7691245892958	18.7691245892958	18.7691245892958	18.7691245892958
P01111	21.9941172443387	20.6700040058417	21.4841121023642	22.2516552705012	21.94621617074	22.5393556283439
P01137	19.923388757757	20.3788507021318	18.8951338558721	22.5452592995296	22.4244030041269	23.0980572589139
P01889	22.7161422990653	21.2462779595042	21.5112563527062	19.9831503971877	19.9831503971877	19.938359580578
P02545	20.7679318677683	20.7199510569717	20.5388557253714	22.4103782497276	22.5720108100685	22.4087475635555
P02656	21.3270066398845	19.6621235962202	19.6621235962202	19.6621235962202	19.6621235962202	19.6621235962202
P02751	20.5971189422288	18.9631902850465	19.0337466858488	20.2508099651198	20.656849497909	20.8976047399073
P02786	21.1359889170928	20.2460661066531	20.2221461108284	16.6959534338526	16.6959534338526	16.6959534338526
P04049	19.5697475710705	19.2392383708934	19.5630963979836	18.2807356788657	19.9112347515713	19.3729527771768
P04062	19.8502663354642	20.0482683765428	19.6213433865437	18.6150374021816	18.6150374021816	18.6150374021816
P04075	20.7283467310071	20.043435479458	20.3511813477559	19.4696171753953	20.051491108786	20.117678625865
P04080	20.1932378735175	19.4993514141482	19.3008215411866	21.8188955222776	20.7332622791185	19.4993514141482
P04083	21.8601584563132	21.7478655742584	21.2888099705933	22.5763164422916	22.8174848616029	23.1030331376961
P04150	19.3967984794146	19.05392145516	19.0625944333613	20.3540582312982	20.2879370190311	20.5688359866395
P04156	18.1660449602071	18.1660449602071	18.7392191007317	18.1660449602071	18.1660449602071	18.1660449602071
P04181	18.3942438065983	18.3942438065983	19.0124520491275	19.693665578478	20.0659514614578	19.6841308655175
P04183	20.3498712113354	20.4357885064278	19.7694245125501	21.9271308271134	22.191078755843	22.6097987836857
P04216	21.4971858540128	20.321201992116	21.1487586711063	19.0931266299751	18.9486053605325	19.0931266299751
P04275	22.8170998562698	20.0348470518627	22.8850081220285	20.0348470518627	20.0348470518627	20.0348470518627
P04279	17.5674321449287	17.5674321449287	17.5674321449287	17.5674321449287	20.8733208470309	21.8562004566978
P04406	23.5591818126724	22.317383271694	23.104095818441	22.0775806909911	23.123129401589	23.172171591795
P04439	22.3807669376985	21.2980587526219	21.9064701789617	19.3518502063345	20.4699073230201	19.6959951811433
P04632	20.8941831700528	20.8108715406348	21.0332094192618	21.3592411705067	21.5777186275455	21.2832784220809
P04792	22.1434296337298	20.4114413610327	21.6207775528332	21.1949270442715	21.2046982379518	21.7272717204908
P04818	19.348688958628	18.611044483797	18.611044483797	18.611044483797	19.5270620649178	18.611044483797
P04843	21.6632807120513	20.2887350613447	20.56847952436	17.1462114301495	18.9826899522022	17.1462114301495
P04844	21.7102298068169	20.1779067698637	21.0629956551256	18.4984385066044	18.4984385066044	18.4984385066044
P04899	22.2617841387073	20.7712244940768	21.6354323898	17.5216643108676	19.213997182044	17.6187931229675
P05023	22.9785885875529	20.848367672374	21.7060508294762	15.5781452086499	18.2959694180116	15.5781452086499
P05026	20.4880971291695	18.9338035491367	19.8528563037112	18.9338035491367	18.9338035491367	18.9338035491367
P05067	20.0294365905175	20.1744727246771	19.3939134609076	21.8136121298247	21.862036673014	21.9579245319248
P05106	20.2340808470242	19.2921159739048	19.6920142065896	18.0274812362541	18.0274812362541	18.0274812362541
P05109	19.0833203481601	20.3733296251344	19.0833203481601	19.0833203481601	20.6964296300642	19.0833203481601
P05141	20.4822657684039	19.3547583196515	20.2895624056693	18.4745884774364	20.6447830720128	19.044454221305
P05166	19.1060494469765	19.1060494469765	19.1060494469765	19.9065866132474	19.8528887744401	20.5043588203617
P05198	20.3426160763156	19.0346308492588	19.2923284834629	20.5203879844422	20.2383948400037	20.797158979005
P05386	25.4955087179823	24.9444328072651	25.1367613966483	22.4154942478096	23.8664459584345	23.9093591760497
P05387	24.4062838818385	23.7126001738826	23.5744218771582	22.3362499623952	22.425635167518	22.6758348551267
P05388	23.4512838143577	22.9910971807999	22.6943412688355	20.623336596115	21.2980651208383	21.4099228132839
P05412	19.091548930385	18.0676214338865	19.091548930385	21.0707685476749	20.8884974139246	21.6857457037913
P05455	20.3908427366614	19.6801841069258	20.8156660605773	20.1249815343285	20.4058089404623	20.4033460305769
P05556	23.7640356880295	21.5623661929163	22.9996513119647	16.7319880536454	19.1575350771357	16.7319880536454
P05976	30.2898634591701	30.0785247912862	29.8903549763193	22.7770476723421	28.4822546928555	25.0681513734615
P06400	18.7556541288099	18.6242680219242	17.661310608513	20.686032352695	20.6655208871851	21.1284094471335
P06454	22.9178472249435	19.8943543312226	20.8291016773661	19.2326231094559	19.3145546291141	19.8843145137415
P06493	19.4556267073973	19.5903336131744	18.8901048990132	21.1772439033074	21.4342498792203	21.5326063219691
P06576	20.2744928405164	19.8011563944231	20.7149525740828	20.4234034542419	20.8351568318215	20.0118499433365
P06702	19.8363374128645	19.8363374128645	19.8363374128645	19.8363374128645	21.8420265063535	19.8363374128645
P06703	20.4464219711332	22.6713213439518	20.4464219711332	21.7377253011751	22.2636587304908	21.6435488262007
P06730	21.4963709535319	21.6256486001622	20.4749506485976	22.9827894053819	23.0806730736814	23.2336241204517
P06733	22.6890612071277	21.1379573673664	21.7602970342713	21.5897252770395	21.655066142946	21.849335876587
P06748	23.5179843401686	22.3565345075943	22.9937254753058	23.2059885992514	22.9315430761862	23.3738343495675
P06756	22.2116385251168	20.0796966197852	21.4657172336242	18.5756508474725	18.8128226856556	18.8610797451575
P06865	20.5332501804156	20.189200780105	19.9369732356913	21.8931064746394	21.871844794343	22.4518263883959
P07108	20.3630720688872	19.5152372104334	20.0477349189223	19.5152372104334	19.5152372104334	19.5152372104334
P07195	19.6101481107954	20.0391214423599	19.4685797769564	21.3506835674007	21.7231244482315	22.0747554099066
P07199	19.2445108852989	19.2445108852989	19.2445108852989	19.6522715766493	19.2445108852989	19.7000437793448
P07203	20.0238387962331	20.0830629608545	19.4303548330551	21.8508525197724	22.1040203086578	22.1125877124365
P07237	22.0252379583791	20.4623124467001	21.3507453095117	21.5322799817059	21.3013912858237	21.6560509851498
P07305	23.5920626986112	23.2739933878578	23.0088548997445	22.6971385622468	22.6987942525369	22.3624742340784
P07339	21.5482991686904	21.4327626962581	20.7841014027118	22.9328207728944	23.8484816317341	23.8387715941549
P07355	24.7500824367304	24.5673240507412	24.0970862151446	24.5651415740535	25.0611699004186	25.2900967432142
P07384	19.7313290566803	19.5872882983934	18.9765841152032	20.4068277703529	20.502666177437	20.6726335977725
P07602	22.8382421125751	22.5690327529237	22.0202685372409	23.2355016598317	23.7388067311526	23.842415487993
P07686	19.7806313109364	19.3575789807931	19.5271123730028	21.3450660970578	21.3454422943764	21.7289590529325
P07711	21.636435204533	22.1587643807402	20.9762416184968	24.1044455224463	24.3848384669183	24.8507568635313
P07741	19.3995180630304	19.0378744494931	19.1518930508051	19.0378744494931	19.0378744494931	19.0378744494931
P07814	20.4506268216918	20.5304416887475	19.9510523106306	21.4305299019414	21.2975878455767	21.576446141762
P07858	24.499100260121	24.7085171037081	24.1344316926126	26.1928959892807	26.4670814506299	25.9434113906779
P07900	21.6359314868937	20.2141469809829	21.0299347759222	20.2280810370457	20.0790801679529	21.3382926610487
P07910	20.5290869116304	19.6412582077928	19.6204146408482	18.1171721948119	21.0775375042758	20.4026044538152
P07919	18.7709872333042	19.2162842427459	19.6617749183443	19.0282758552057	18.7709872333042	19.5358240445381
P07942	19.4491714338123	19.2569153951324	19.1652520622646	20.4114291093063	20.2858800774371	20.773788364144
P07947	22.4353909272007	20.3960858286303	21.6017426255186	21.0213988494554	21.2077372697401	21.505937853747
P07948	19.5278555827922	17.2564266307767	18.4532644553539	17.2564266307767	17.2564266307767	17.2564266307767
P07954	18.9565401547183	18.5496214519357	18.5496214519357	20.6728813053636	21.1575262332935	20.9262908175785
P08047	19.7210245550201	19.8785650429996	19.6591352429369	22.4644579053572	22.2435166419278	22.6081553589792
P08069	19.4908660305038	17.5945276336347	19.1626907529996	17.5945276336347	17.5945276336347	17.5945276336347
P08133	19.456159817617	17.2659031825155	18.3774695847559	17.2659031825155	17.2659031825155	17.2659031825155
P08134	23.8422289777223	22.8887673505671	23.143933570986	21.1347220338706	22.5634426328384	22.1220533279496
P08138	19.9151279273659	17.95856594491	19.336625052143	17.95856594491	17.95856594491	19.5526122969003
P08174	19.8065989217157	18.1705459547349	18.9594096583321	18.1705459547349	18.1705459547349	18.1705459547349
P08195	21.0753996240854	19.9429746262902	20.6325891372595	17.6712366831545	17.6712366831545	17.6712366831545
P08235	17.8597785720327	17.8597785720327	17.8597785720327	20.2483968632119	20.0793439157799	20.8690530702237
P08237	18.5376664654382	18.9103942292434	17.3075636897938	20.3691913495226	20.7263819612294	20.5927554926709
P08238	22.906420199684	21.3783774782742	22.0358188069099	21.3827392478207	21.6396815714147	22.1311013197939
P08240	20.6302254826587	20.7021157080301	20.0843059572614	21.930665540153	22.5058291478664	22.9682714509233
P08243	17.386878054333	18.7577121842963	17.710008640726	20.6434985469188	21.3421763996928	21.5574377651617
P08559	18.6791442320111	18.949992286743	17.8782642649624	21.6047316948442	22.1999971982726	22.1963732255448
P08572	19.6343003346126	18.7537021727356	17.9870067174786	20.4508411264036	20.6058096890498	21.163219268811
P08581	18.7766707943548	17.4874888703719	17.8631032173711	19.5344017709027	19.7333666479486	19.8643842705081
P08582	20.223153877015	18.4184826692664	19.1065930932306	17.2578708687985	17.2578708687985	17.2578708687985
P08621	18.879061523323	18.2393617461358	18.7027500340451	20.4688171064051	20.1024033355992	20.8244748923376
P08648	20.3521306747103	17.771952922021	19.4270438004921	17.2244417091321	17.2244417091321	17.2244417091321
P08651	18.6377534354937	18.8120534432261	18.2450878280472	21.2622768854944	21.0546708923271	21.7466055223015
P08708	22.0056520595311	21.4339668518358	21.838829023258	21.2120881857487	21.7852678212131	21.5070542264835
P08754	21.9600568378185	20.0736363628261	21.385326548567	18.2122292627299	17.8798088833635	18.2122292627299
P08758	20.0335826596087	18.6114353192949	19.6090338834292	18.7194079375768	18.6030512621005	18.7194079375768
P08865	21.400459283965	21.1173502672362	20.2171359791232	23.1393110417692	22.9792329162188	23.4427236548014
P08962	20.6722701999246	21.430305623434	19.5701796017876	19.3182995179631	19.3182995179631	19.3182995179631
P09012	20.6324806570332	19.9317890935281	20.3392114805754	19.49405288739	19.49405288739	21.057465631081
P09038	19.3559418777574	19.3559418777574	19.3559418777574	20.7654230615397	19.7963185933984	21.1124524027927
P09132	19.2992506070706	19.4892085807954	18.7943805861105	21.2674576807242	21.2553905538541	21.6740845091044
P09211	20.7942912689693	19.6062795410167	21.0586830238562	20.4451150145364	20.8043082489555	21.1643187820738
P09234	22.3217572252578	22.583655602033	20.8311252369481	23.3291429000806	23.2633763552799	23.3396099031484
P09382	24.7226310616571	23.6245356700266	23.5037666470553	25.7803048334912	26.0913259550824	26.37006524351
P09429	22.4096055609761	20.1923100108058	21.594647929443	20.3871213593842	20.4096228829053	20.4320301399322
P09455	19.3712702976236	18.4119336688288	18.7174296733235	20.9051604321453	20.3722190190108	20.6326157469058
P09471	20.037704486728	18.5077074882165	19.4801663772572	17.6187661697664	17.6187661697664	17.6187661697664
P09486	19.8878792211695	19.7327763696854	18.3486918322258	18.3486918322258	20.1417337068634	20.1517608803671
P09496	23.4959909347127	22.5274741941202	23.2467247396752	19.6578908291803	20.6052996830025	20.0221584829773
P09497	22.6417711321264	21.6363548242579	21.7768899211939	19.6240653597145	20.2331713129775	19.5176244843698
P09525	20.9329132896199	19.7270461802849	20.154082153478	19.7270461802849	23.0470103815168	19.7270461802849
P09543	20.0869162192251	19.98886518047	20.0060603924086	21.6756009364405	21.6391622832655	22.0432452055134
P09622	19.226853348097	18.7992766663086	18.725679406598	21.6732156908538	21.1987391409855	21.7308644029729
P09651	21.5336184281393	20.8638761698201	21.5728419067432	22.1348837216308	21.9572162210796	21.7879791103007
P09661	18.8454329899879	19.1981826028785	18.9274265686963	20.4403646332839	20.4856797679319	20.5014473218327
P09874	19.494876355173	19.4239211939867	18.976139566281	21.5803910267627	21.5443272334971	21.9495965481327
P09917	18.3960994964624	18.660915445362	17.7869327886634	20.9132188005176	20.696262297057	20.7786437061431
P09960	19.384786007826	19.056667420135	18.7918704272908	20.1464701992619	20.6116627229636	20.7261317836135
P0C7P0	19.5322872976496	19.4165283555038	18.8386083721502	20.797470118558	21.1510769710677	20.3351476918161
P0C7U0	19.4236685717788	17.7504668402926	19.0569354927263	19.9480738564209	20.4600883936636	20.3992048595109
P0CG35	20.1104442411913	20.1104442411913	20.1104442411913	22.1925586374757	21.7566667526452	22.1241081412405
P0CW18	22.5960289662029	24.2632470600632	23.601742031002	26.6417088806756	23.506339687837	25.9082867367325
P0DMV9	21.903163220189	21.6506097811132	21.422140889158	22.4176465066381	23.1165034521543	23.2391107749479
P0DN76	19.8922212565749	19.5146449806591	18.6701892303454	22.7163120130876	22.8098227054651	23.2417646267195
P0DN79	20.2305558957321	20.6932408112898	18.6668169367209	20.2211155792914	19.5697196130434	19.8553412606809
P0DP25	25.414367307377	24.1779574010616	25.405274178216	18.9196617304125	22.8294002072267	19.3948705124505
P0DP91	18.5807881338109	18.5807881338109	18.5807881338109	19.7974862705215	19.4598046378379	20.0274542476625
P0DPB5	19.3768309954883	19.6771780966476	18.6486637648561	21.8544041381158	21.5485153405038	22.0837580516151
P0DPH7	23.3624730547477	22.9387967016958	22.9103574640698	21.9901614941344	22.6655177343014	23.0553153664422
P0DPI2	19.8421050282264	20.213399868076	19.0239012161367	21.9419450050489	22.703090095554	22.4379301194209
P10070	19.3496126835826	19.3496126835826	19.3496126835826	20.0586532144228	21.7131001256987	19.9564829539779
P10071	18.2494207717974	19.3933891716476	18.2494207717974	20.5147791539732	20.5166654033701	20.7335562625097
P10253	18.7537273826793	19.0788215407144	19.0922869648249	20.3323178062023	20.6593460563852	20.6181227619303
P10275	18.8105037299158	18.8105037299158	18.8105037299158	20.6561979274098	19.8056747498037	20.243133092261
P10301	21.7158456468785	19.7807855190466	20.7941064450325	18.2421686344533	19.589785252444	18.9620602929051
P10321	21.4664647652192	20.7226853226988	20.9706428818294	19.2320471631414	19.9858626411561	19.8081291034285
P10398	19.9808978542668	20.0363840989424	19.4315549907011	20.6646624024843	20.3588959047874	21.0159218507369
P10412	21.8012143251263	20.9142582969573	22.4386966959416	22.0154083160449	21.9520127958937	21.04865408533
P10515	18.6248562465413	18.6248562465413	18.6248562465413	18.6248562465413	18.6248562465413	20.3196051985317
P10588	18.7430979765802	18.7430979765802	18.7430979765802	19.9196770440385	19.7333833139487	20.6138213567211
P10599	22.5219909033471	22.3320545817904	21.8916649815158	23.107686136664	22.7850936793521	23.4366081485162
P10619	20.6193014634026	20.2807090234415	19.2758973062942	20.8170682279779	20.1712668759441	20.3576922448398
P10644	19.2488419601789	18.8884454235464	18.2024863349609	20.2669630412614	19.7800822598149	20.6974385396177
P10646	20.2267162096941	19.565394280735	19.6050904266143	21.1923345290911	20.121255096935	21.4904419773258
P10809	22.0688061534607	21.6158915111268	21.1862677128006	22.7700493971222	23.4011608640162	23.2187805441369
P10909	20.3520659019244	20.4250404510471	19.9789894550761	23.1779624010134	23.5962626736806	23.7081297487223
P11021	22.2161601817098	21.3564842857742	21.4814502915144	23.6171195111636	23.6677965292331	23.7534930110072
P11047	19.5137391009602	18.8912810719979	18.7964985570596	20.3843145812996	20.4630105650925	20.6942630365976
P11055	21.7467067506205	23.6741967059267	19.9833564199214	19.9833564199214	19.9833564199214	19.9833564199214
P11137	19.0454586821728	19.0454586821728	19.0454586821728	20.0385326381016	19.3682347596926	20.6141927662241
P11142	22.8493393770543	22.4555259381348	22.491761927915	23.5684879855446	23.3598631213584	23.6449323649993
P11166	21.2295662979331	19.5474600831241	20.6165345544156	18.5679217057735	18.5679217057735	18.5679217057735
P11169	22.3453490141513	21.0544820630942	21.2595743244472	18.112525168796	17.7022024535308	18.112525168796
P11171	20.3111029204997	18.9378544052019	22.2613807831225	18.9378544052019	18.9378544052019	18.9378544052019
P11177	19.6036295260041	19.5519181343444	18.6254954413833	21.9892930111705	22.2509729087469	22.154641268779
P11216	19.7091494171263	20.0491085408958	19.8791341066059	20.8209584766655	20.9147212621794	21.158077185291
P11233	22.6276334141737	20.7891594809015	21.6062163425052	18.685344053446	19.2857133366663	18.4562987682767
P11234	22.3857560491811	20.2938149137501	21.5619858030401	17.8341931125902	19.0351537273569	17.8727647584983
P11279	23.0243049595878	22.2093981908124	22.5071262936428	19.4242368261072	20.6152144329615	18.796405844671
P11387	20.760304872133	20.1215182972137	20.5625526423641	19.6710448598019	19.7390798688417	20.0924040666539
P11413	20.9354612295852	20.441019310361	20.2315043910811	22.3993673576198	23.0400955459314	22.7234119365907
P11441	19.7363788683289	18.5953563884851	18.7139365256593	19.371367733502	19.3497844353052	20.6489590274956
P11586	21.6534772784813	21.6979056646859	20.9923935240961	22.1637873152643	22.7071254565121	22.6733536717368
P11717	21.1954892866531	20.6494203444766	20.4225481011255	14.8912594526404	14.8912594526404	14.8912594526404
P11766	19.5979330420375	19.2177624619101	18.0317385491294	20.2937454813184	21.0177754215572	21.1183352554012
P11802	19.6595702769357	19.0707914498337	19.6595702769357	20.687794849247	20.8800309486649	19.6595702769357
P11940	21.6607254411467	21.3485988789715	20.986016005771	21.1108982621309	20.9642046288285	21.3039731632183
P12004	20.152531315221	18.0338348709507	19.3865915015153	18.0338348709507	18.3715216694581	21.1974623378124
P12081	18.7614828091406	18.7614828091406	18.7614828091406	19.9004704509905	19.6597731130415	18.7614828091406
P12109	18.3498367120696	18.2688625040308	17.5708274854084	21.704870756898	21.9046585573632	22.1268225475999
P12110	19.6555245516036	18.4471380115811	18.4471380115811	19.7964708118783	19.5466847049654	19.738156213018
P12236	18.9649927427974	18.9649927427974	19.3054646743861	18.9649927427974	18.9649927427974	18.9649927427974
P12268	19.508240197112	19.0930181912404	19.4213332717712	22.6793136470231	22.6808196024855	22.8351579720172
P12270	19.5596493671872	18.9982545900831	18.6194567820265	20.4948388734024	20.4897133247286	21.070330082534
P12273	17.9863172861942	19.3884287390677	17.9863172861942	17.9863172861942	17.9863172861942	20.0114501438617
P12694	19.7158271599298	18.9897915867267	19.7158271599298	20.6156626771635	20.435556572141	20.5918605055864
P12814	20.9087521082985	20.5304741104578	20.4258386808906	20.5621748757951	20.2892297387128	20.6633717090811
P12931	19.4829032463673	19.0951794459325	19.0382361210291	20.8326242168238	20.4435888242813	21.0572928774338
P12955	19.3882841300363	19.1650747935343	18.190653943871	20.5716730230892	20.6585197123662	20.8764492447809
P12956	21.6034123655911	21.4002135529448	21.0082122480008	22.1977185550605	22.2398504646204	22.2930956655582
P13010	20.9251571708621	20.3629170403584	20.4253873074809	21.4596326124894	21.7898739544853	21.9489604482811
P13073	19.878386005568	18.2522868734657	19.2587789792911	18.2522868734657	18.2522868734657	18.2522868734657
P13489	19.7163795965211	19.7444740893068	19.1447865882931	21.0416824193601	21.0661280154504	21.0871138493128
P13497	19.1253151198392	18.9696692393261	19.0079214396023	21.1523912222228	20.2535065299463	20.4678681642615
P13500	20.066673684229	20.066673684229	20.066673684229	21.8181915801355	22.1327097752853	21.9898528359118
P13533	18.5461728398808	18.4173497713865	17.6401812529806	18.4173497713865	18.4173497713865	18.4173497713865
P13591	21.3160495938066	19.4565774785464	20.7492380732014	16.9775435858013	16.9775435858013	16.9775435858013
P13639	20.8010966934191	20.3617054928624	20.1121340777929	21.0631830854679	21.1536438333134	21.1578279176857
P13667	20.9735809075794	19.6311179788594	19.7575956442554	18.9740241460727	19.406145080777	19.8375857570746
P13674	19.8332756189279	19.4751727278859	19.4108523375974	18.8143537183756	18.8143537183756	18.8143537183756
P13693	19.0145466884187	18.8150343374634	18.6804303504984	18.8150343374634	18.8150343374634	18.8150343374634
P13796	16.2499225019035	16.2499225019035	16.2499225019035	21.6983369441005	21.3426462748394	21.7259944918632
P13797	18.3305184510081	17.8929126894893	18.3305184510081	20.6103906018528	20.4396282866131	20.7592738332534
P13804	19.2220853318033	19.9918469259404	18.367393194563	22.1857552711101	22.9352089718861	22.9313531072842
P13861	19.9616483709706	20.177786556491	19.4336861505989	20.3660724068292	21.0741630463626	21.1959741819327
P13987	24.3032301661159	22.2392812706107	23.3439055171446	18.5636486544966	20.5656894948285	19.1719355306566
P13995	18.5361324135901	18.5361324135901	18.5361324135901	20.52787808691	21.2284294650522	21.1344015424713
P14174	20.8840631540518	20.7208520643121	20.9781272441952	20.2388559312569	21.5774709552196	20.7890893896612
P14209	22.7392257320361	21.9157800519658	22.2581117823038	20.273058523255	20.273058523255	20.273058523255
P14314	21.8559748850103	20.2884290132664	21.3932809290276	20.425155861928	20.7247936112921	20.7553568275257
P14324	20.5724632792556	19.7015777947146	19.6055547136249	20.664172264297	21.0242712763063	20.6683479259637
P14406	19.1524970830126	18.9969751203978	19.3406306918386	20.6203556284671	20.7082168021303	19.1524970830126
P14550	18.8680160086253	18.8680160086253	19.0298795989487	18.8680160086253	18.8680160086253	18.8680160086253
P14618	22.0619079056764	20.9763533987424	21.7391783590827	21.9221214905569	22.3930351832122	22.353688129194
P14621	19.9689018800718	20.1765991600749	18.8990602906459	19.2722240454261	19.5846905482057	19.0652852102581
P14625	22.3037158170986	20.2192139768187	21.3642085298027	19.7607296380882	20.3833586026674	20.3243594131862
P14635	19.2920068603142	20.4222898365564	18.5832279130003	21.6465118203352	21.4431081045573	22.3351057530237
P14649	24.0557514895367	23.6691443867746	24.1098085866696	17.3869846003824	21.5240206335315	18.1962344382218
P14735	18.145943544011	18.2813725088445	18.145943544011	19.8481532703817	20.0193789970437	20.0365685062473
P14854	22.2741077228693	22.5402895916727	21.706128960011	23.7956008169809	24.8570304344969	24.4952127819854
P14859	18.8196270857191	18.8326299206062	18.8196270857191	19.9953824110511	20.2685204152647	20.528310952807
P14866	21.7504467421233	21.5325131361132	21.1227318190359	24.078351616073	24.0269093884076	24.1553394178243
P14868	20.9504972873191	20.7692991153414	20.2098760522171	21.8128853373262	21.7773510258555	22.01243653598
P14921	17.4871410376955	17.4871410376955	17.4871410376955	21.1859648119355	20.9984877876165	21.3323755160867
P14923	20.3649197395144	19.6137439759271	19.6737215897455	21.085534899078	20.8262833731307	21.6949621951297
P14927	19.1426859726873	18.7554943760027	19.1769837626738	19.1769837626738	20.3686953205574	19.1769837626738
P15151	21.8383419843577	20.5124356242131	21.6128331202303	19.7507716407274	19.7507716407274	19.7507716407274
P15170	20.0256676703586	19.9273324417301	18.4052724050626	20.9715374843829	21.5720328363291	21.5313807177254
P15289	18.3789569620097	18.3789569620097	18.8374493520553	18.8022315478573	19.6463100340937	19.3143594026264
P15311	20.3033171801366	19.3345484599177	19.8293039619785	18.6088746164324	18.6088746164324	18.6088746164324
P15408	18.9352565820861	19.3948945418402	18.1773952656339	20.6984427323983	20.5314436823545	21.0202172784862
P15498	17.7622520245634	17.7622520245634	17.7622520245634	20.3257981348215	20.659442997769	20.8256430825422
P15529	20.8261895728789	19.7724859836671	20.5991563371919	19.7724859836671	19.7724859836671	19.7724859836671
P15531	20.0197011240666	20.0197011240666	20.0197011240666	21.3153338104263	20.0197011240666	21.0919666506478
P15586	20.4109405048819	19.9542916393788	19.7653194494506	19.5307187736129	18.9998962394124	20.2357450652415
P15735	19.8581390910492	18.5586219898655	19.3626990749959	18.5586219898655	19.1580198328692	19.3847756119578
P15822	22.3747969351115	20.3209486907732	22.0895291130514	20.8115507095711	20.9964057037288	21.3732150903836
P15880	23.9308486602225	23.3822790554396	23.594653845407	23.0200674606195	23.3609182449095	23.2371731259522
P15924	19.4917797715416	18.9538913811535	18.0984030050054	20.1190738335466	19.720529995069	20.5621490180555
P16035	20.0303910764382	20.324980297877	19.6986475436224	23.0084176740694	23.213589427356	23.6464236977943
P16070	23.131251306661	21.0460089282682	22.6082915717891	18.174402845358	19.635572637899	18.174402845358
P16278	19.2351156333427	18.3053546479434	18.9141410458805	17.504141509269	18.7695160644781	19.3693560452898
P16403	24.2034616677038	23.651638717454	23.2021169646525	23.1377613480946	23.4339761351756	22.9880702420303
P16435	20.2110547945679	18.8642977716136	19.0431701876971	17.3098046829538	18.7725275434882	17.3098046829538
P16455	20.079562693414	20.5499277037833	18.7646518313011	20.7949392881223	21.2121470890569	21.7513459497601
P16615	21.1928082436368	19.6818637568286	20.3822852039359	16.7114982104173	17.9388521496414	16.7114982104173
P16949	21.2861808802949	19.1913999450542	19.4579215086252	18.2404426749631	18.2404426749631	19.2379821410991
P16989	21.4996055325711	21.1139568625825	21.4264513659995	21.3513003880627	21.0938585316055	21.1502677291966
P17026	20.780630752663	20.1167604385934	20.0228521203095	19.4114900949051	19.6063495152962	19.5998712323576
P17028	18.5252492472765	18.8956210970484	17.9322453469296	20.2996013831685	19.977592123101	20.7169248472237
P17029	19.053590183645	19.0946013408554	19.053590183645	19.053590183645	19.053590183645	19.51749419171
P17050	19.8110555819555	19.8993079555788	18.8023642787373	21.2808835878016	21.4034969617004	21.5924389022674
P17066	26.3821813234885	26.2479412832773	25.9534463628146	27.8387662368947	27.5875482969721	28.0999968477126
P17096	20.6378058592145	19.6370799567378	21.2887869861347	20.9239132892794	20.1665233166441	19.3035883998674
P17098	18.2867603873934	18.2867603873934	18.2867603873934	19.6516865858694	20.2647607435629	19.300298975876
P17275	19.6878752342447	19.6878752342447	19.6878752342447	19.6878752342447	19.6878752342447	21.4029154596271
P17301	22.5963308253991	20.8072868927398	22.1054089638936	15.7760069195516	18.2110443234861	15.7760069195516
P17302	20.1666257050792	19.7369114060635	19.6189270724158	20.1203193150039	21.0208116640112	21.371732228803
P17482	19.0616729425501	19.0616729425501	19.0616729425501	21.050452672522	20.2320803370241	21.0625194414339
P17535	20.1695473863652	20.1695473863652	20.1695473863652	20.8675150793962	21.2387785487165	21.0686042760973
P17655	19.9324545231045	19.8652892621202	19.2991656575026	20.9694983982375	21.406578861904	20.9485284661256
P17676	18.996178135028	20.2991429978203	18.996178135028	20.8611440499758	20.9815117772816	21.0971952094996
P17706	18.3245758296698	19.1044240633519	18.7746831661768	20.6024332762469	20.2109251898204	21.1523224572343
P17812	22.6331141437606	22.7124256916811	21.9156056255429	22.9630426655242	23.6238895038712	23.5871572955153
P17844	22.0730267764021	22.2248516936957	21.6448892962903	23.7002641923664	24.0074824049754	24.12434819507
P17858	17.5652699675777	17.5652699675777	18.2256355733218	20.7262766315351	20.6576197387143	20.7431608693907
P17931	20.1375473536507	19.484795572889	18.6464318522946	18.4166582863398	18.4166582863398	18.4166582863398
P17980	20.42191156213	19.7720145412876	19.8320119829109	21.1033243219533	20.9596126076839	21.0168324620243
P17987	20.7628407837238	19.805017537374	20.0232033681849	20.9532342006878	22.4183693236698	21.6430256660634
P18031	21.2040469563021	20.3904507012704	20.6313605755258	21.7317356623015	21.9986476002634	22.108709286232
P18074	18.5211747748567	18.5211747748567	18.5211747748567	21.1784326050823	20.7583507591679	21.1726543894171
P18077	23.1576443491528	22.8131029046843	22.7812829331383	20.7132860899318	21.1438867596626	20.8922238098339
P18084	21.2668093897202	19.5576337401043	20.7353008949122	16.19103831421	17.9943583101172	16.19103831421
P18085	21.8626572397921	21.0496194248294	20.9413742401783	21.7449703604875	22.6417205265794	23.1837014468538
P18124	22.8194414697827	22.4487540664018	22.2320221708875	21.1432479649249	21.652136172263	21.2680229851467
P18583	17.6439082276132	18.8608414984503	18.8404136575717	20.505955733494	20.1972931863823	20.5437978123967
P18615	18.7926078316902	18.2354975533687	18.1380578199152	21.5099156850578	21.0797351768039	21.5891426061011
P18621	22.8124302217552	22.5289825839854	22.707140782774	23.4391540222772	23.6600628421232	23.0542030926526
P18669	19.8716797489675	17.9562154199155	19.2209268923361	18.2678648573767	18.4450519770967	18.747287676174
P18754	19.5600821558797	19.9227483662186	19.9540495238136	21.6810002118855	21.5046034365176	21.7621287913502
P18827	22.6626236249183	21.2839164764945	22.2886043879224	20.7528227413198	20.6182543648436	20.7528227413198
P18846	19.3147100615389	19.3147100615389	19.3147100615389	19.3147100615389	20.5911264329005	21.6273749957914
P18858	19.9408968141945	18.0795416320838	18.0795416320838	20.4586444291342	20.1241122397897	20.7144976094232
P19022	20.7684476583909	19.0540965352991	20.6315787241694	17.1924584550589	17.3837873509509	17.1924584550589
P19105	26.3697274010563	25.6619397373476	26.2671248736753	18.3934189206451	23.866299150005	19.7035744832916
P19174	20.4981214528345	20.4634227319138	19.7945108675897	20.5453254364999	20.6828686811036	20.7225477277104
P19256	20.6541602589015	19.6024232752984	20.0869117643791	18.7039690192382	18.7039690192382	18.7039690192382
P19338	23.2277592657673	22.7102960643106	23.08254149429	21.5383611271822	21.8024709188865	21.7482540509495
P19367	19.6217194333804	19.0944031759412	19.430705212379	17.8286477060215	19.9511568506028	19.7654410438092
P19387	20.3142687667075	19.9217288205954	19.379712123274	21.1600330411604	21.211020480718	21.7021327147829
P19388	20.2684297902016	20.0243853910538	19.7741815281899	21.2588061253011	21.3177046137212	21.7507138861518
P19404	18.7806159719937	19.5559021323416	19.4486280395319	20.5496717128286	21.4649754436691	21.5593975444996
P19447	17.3309922239998	18.6224511729511	17.3309922239998	20.5868738218182	20.5650530857519	20.6133562748614
P19525	19.4039209081685	18.716839909548	18.5509371406231	20.07433561502	20.1964456026356	20.42440610288
P19634	19.2481352495075	18.5017874375119	19.1362818805123	18.5017874375119	18.5017874375119	18.5017874375119
P19784	18.6006122008381	18.3494035024889	19.1169860488229	21.2441524357772	20.6926049375389	20.8221399016015
P19838	19.3932111907869	19.7063968980969	17.4757290983561	19.6407735796981	20.8336254616832	20.6736061504839
P19883	18.1079409140581	18.5952798965344	17.6939761350678	22.3617510144504	22.2883858155282	22.4037513392103
P20020	21.4138970974308	19.6805351017907	20.9860223576874	16.0340724097047	16.0340724097047	16.0340724097047
P20073	18.7852661668528	19.3708824454647	19.224516279722	20.0056348573163	18.7852661668528	18.7852661668528
P20290	20.7226343020152	20.0669062382153	19.2704278556928	20.8003878343545	21.2145609020379	21.0917202683087
P20336	20.2962272631919	19.5668530623022	20.3174917385983	19.5668530623022	19.5668530623022	19.5668530623022
P20337	20.435895420112	18.4272711637722	19.823581395831	18.4272711637722	18.4272711637722	18.4272711637722
P20338	19.0375972056666	17.9995088008416	18.9350103466376	17.9995088008416	17.9995088008416	17.9995088008416
P20339	21.0012575417772	20.7004690137916	22.0077493482059	18.8678096930053	20.4149300365389	18.99522494854
P20340	21.0215980061432	19.6853608315086	20.5176852574479	18.8026009582079	18.4080899307094	18.8026009582079
P20393	18.7080718272623	18.9551568514792	17.181977664518	21.011311081796	21.2420077704735	21.6225133107551
P20585	18.0073110176878	18.2918250959721	16.8232362289625	19.9916068243089	19.9925329251123	20.1747198311697
P20645	21.6946970275344	21.6615416282968	21.6714968111207	17.9898629424325	18.6780788758006	17.3942567975414
P20674	19.5912345447308	19.2779432435443	19.654061622082	20.5227440049982	20.8109055861577	19.2779432435443
P20700	19.3753565477693	18.7818376807633	19.6932540464175	18.9699974787315	18.9704874260282	18.3888098996064
P20749	18.7223891321558	18.9086251978527	17.9001921801755	21.0411475449227	20.5725037801817	21.2512784442883
P20810	20.1121110209562	20.2783141851011	19.545190942221	21.0608911559017	21.1338022542152	21.365062559366
P20936	19.2652068113959	20.1676679698604	19.2652068113959	19.2652068113959	19.2652068113959	19.2652068113959
P20962	22.5651454839775	20.6647386708404	21.5193480139959	20.7781562742264	20.9482751195331	21.1762535588631
P21266	20.7392470121814	20.8017123006442	19.9869440288721	20.5953836855064	21.076345282411	21.6854702227636
P21281	20.1085651615928	20.8126220184913	19.661350133574	21.6561305508037	21.9069694417935	22.012977587601
P21291	18.6649452446742	19.3658604511373	18.1081356269496	22.2379967982271	22.181293733022	22.4596381012246
P21333	21.843809845304	21.2766342031077	21.3906436933607	22.920512124907	22.9365231395835	22.9741087482381
P21359	16.9939084346238	19.0823148327817	18.8066793336895	20.2644709021478	20.500124029524	20.5833758796992
P21399	20.1921799834345	20.3771971292309	19.798642228696	20.946685478636	21.6397248371783	21.8267827644113
P21580	17.338410821025	17.338410821025	18.078683804195	20.1172482763919	20.4598001387077	20.4753612808462
P21741	23.6794670566906	23.849597717466	22.1814723670758	26.0599652105791	25.995720089452	26.5410598688671
P21796	20.0066578324204	19.317938967243	20.0606071591864	19.2949473380925	20.1098251199726	19.5662875835247
P21912	19.7476520844959	20.4748669650952	19.1846802950543	22.0714837972872	22.931937767225	22.6262569798794
P21926	22.6583995135621	22.3497618047989	22.1915081023566	19.9599645837036	21.0725746188945	19.9599645837036
P21964	19.65589831057	19.3129392746466	19.5990287101575	18.4559622141	18.4559622141	18.4559622141
P22061	20.9247361317716	20.7989006867406	19.8264689379712	22.1083182101842	20.725675521103	21.123074838023
P22087	21.3582197892503	21.384095940569	20.9444095664342	22.3878014549669	22.3793539036528	22.4185556212862
P22102	20.1413436796492	20.2024462356951	19.876587591057	21.0559768220787	22.1363075343773	22.1858483924394
P22234	20.3874902981319	19.7605376268666	19.0919832750238	20.7301679617092	21.2118711141231	21.2237828979702
P22307	20.4756486282612	18.9309658277489	20.3687967363239	18.9309658277489	18.9309658277489	18.9309658277489
P22314	21.6531024399371	20.9382696378516	20.8665151910071	22.446521129286	23.076133546242	23.4541193725326
P22392	20.6401268705414	20.5264331314682	19.986687304435	21.3497666790839	22.3515881066248	22.0729545021115
P22570	18.4476650597951	18.5031357607611	17.765506052902	20.8585698749064	20.8693700656678	21.0233647285686
P22626	19.9995910951975	19.4938166529759	20.4221313188869	20.7205225661455	20.8933649630879	21.1138448931697
P22681	19.3440549620642	19.683366522968	18.3299485949653	20.9008236428132	21.5599293277453	21.5122229143624
P22695	18.7182987729113	19.0158641658893	18.5975508992013	20.5360904585854	20.8254321276427	20.8596925166427
P22830	19.4691809684086	19.966708026021	18.933312326429	22.0010172981476	22.9301455526828	22.3600243053
P23025	19.4618282521406	19.4618282521406	19.4618282521406	19.4618282521406	20.7393786053103	19.4618282521406
P23142	18.0858565247717	18.3972846239922	18.3972846239922	20.851610447665	20.6147551542743	20.8695672586012
P23193	18.0452200891885	18.0452200891885	18.0452200891885	20.2350682791229	19.8140164767871	21.1767465205047
P23229	18.6069342752858	17.7772651576155	18.0882002889588	17.7772651576155	17.7772651576155	17.7772651576155
P23246	20.0170190666527	19.3879218676018	19.4586734734352	21.5131795785896	21.4772900437454	21.689640385921
P23258	20.1636034926111	19.4309862560166	18.7092077574401	20.3157864346906	20.5615572237937	20.5754398109301
P23284	21.5873533554401	20.5143131933311	20.6860018143878	19.3199270295991	20.0030172539896	19.5893934719772
P23396	22.9978488511864	22.5164079133396	22.3882577955009	22.9410171705007	22.9070741996052	22.8116456578014
P23458	17.8306033861643	17.8306033861643	17.8306033861643	20.9133298092417	20.5467534444016	21.1270681432007
P23470	19.5203888496653	17.9156581357728	19.5046773847373	17.9156581357728	17.9156581357728	17.9156581357728
P23497	17.9366980454832	17.9366980454832	17.9366980454832	20.4937518410061	20.2690497534368	20.9538150764904
P23526	21.2056214293563	21.2602947516119	20.7621911054665	21.6013807384567	21.8587704691128	22.1142809677133
P23528	23.3131232847966	23.5149523694577	22.5535986732841	24.3075899153794	24.2274452162162	24.0383132847832
P23588	19.8991224350339	19.1164720648139	18.7973515237487	21.1673836384279	20.7992570004464	21.3796310198641
P23610	18.3830913581513	18.3690351603548	18.3830913581513	20.6985708817681	20.7431203062485	20.4146782834467
P23634	19.9411387798147	18.4841357778122	19.2832466259515	17.4286850661166	17.4286850661166	17.4286850661166
P23677	20.3214046875536	20.3888472480745	20.5022509737128	16.8054956248698	18.6207074174845	16.8054956248698
P23743	18.7761996851893	18.7761996851893	18.7761996851893	19.74237195446	19.8773496812256	18.7761996851893
P23919	17.5965586317307	17.5965586317307	17.5965586317307	20.7454008186563	20.679625384553	20.8789126534345
P23921	19.6656097871233	19.350273041388	18.9918119178592	20.3709092036779	20.5457695577641	20.9906809155058
P24046	18.2773727240286	19.3977944678272	18.2436561979416	18.2773727240286	18.2773727240286	18.2773727240286
P24468	17.8054211952331	19.2576267207401	18.4834253691307	20.9103464488971	21.5462268123147	21.6256710582828
P24534	21.8638313240608	19.8549415204956	20.5401236051779	21.7451438080643	22.0378693319442	22.1546427432454
P24592	20.0099241853168	20.0099241853168	20.0099241853168	20.1916800141953	20.8964825372836	21.2901119889557
P24593	20.7680586731312	20.4658916114591	20.6242962417119	21.4578627140044	21.3046889679057	21.1389409163431
P24666	20.6888653700668	21.0557473802416	20.9381544009353	23.050188885652	22.8171787496917	23.0876929977391
P24723	19.7294288622445	18.0648593545462	18.5984998901681	18.0648593545462	18.0648593545462	18.0648593545462
P24752	19.1340785594081	19.5838717653991	19.1133790299215	22.2801589267256	22.6516602361169	22.887552425788
P24821	17.1383061468548	17.1383061468548	17.1383061468548	20.8577537735326	20.48180971602	21.0466796429032
P24844	22.7178772666401	22.0525470757183	23.0540528455899	19.1641356964611	20.6578507986062	18.8450197749065
P24928	18.6202439625049	18.8744604622974	18.3385389211745	20.7090363377508	20.4366426419791	21.0425152351543
P24941	20.4963733478993	20.3038667350265	18.9111878343669	21.504078110844	21.5569964471829	22.4011049249158
P25205	20.3431806934285	20.6731182906674	19.7572684444587	22.3953880943813	22.2259481741712	22.834962389779
P25391	19.4162630163707	19.4162630163707	19.4162630163707	19.6951355402587	19.4162630163707	20.3275446463895
P25398	22.2819858198557	22.611913719598	21.617930003852	24.2845804403919	24.5488696849873	24.739964227192
P25445	20.7328741004059	18.9713073461649	19.8299159301345	20.7989161542131	19.2166658856848	20.9212112549938
P25490	20.2499788588953	21.2042640042602	20.2499788588953	22.8424736385191	22.7670736826587	23.3004817858122
P25685	20.1346238089935	19.7427391521769	19.7458818270287	20.853604075051	20.6975945267009	20.8586221402356
P25686	18.3672853240285	18.3672853240285	18.8534034714911	18.3672853240285	18.9322419701061	18.3672853240285
P25705	21.0073469533121	20.6924960876995	20.4928147597107	22.6691230630374	22.7743619512757	22.6813144821432
P25786	20.6006304455052	19.7452103250856	19.7978273574969	21.1728474556326	21.0436364631067	21.6360907317483
P25788	18.9775557701322	18.9775557701322	18.9775557701322	20.3393530720766	18.9775557701322	20.2055940788512
P25942	22.53021781317	20.3949844764727	21.6618391192776	18.7491796172888	19.3527886541288	19.1937972758062
P26006	20.9884460341995	18.9986037400057	20.1734427216509	16.7437451259748	19.9748919238489	16.7437451259748
P26038	21.1020831172388	19.3814770578433	20.2175748530419	17.1892661803657	18.222240473228	19.0941993661381
P26045	19.662526637705	19.662526637705	21.3281881398791	19.662526637705	19.662526637705	19.662526637705
P26196	20.0105197027321	19.3391370261162	19.2274924045027	20.2994531736281	20.1887293478183	20.7955078721535
P26232	22.3457625570965	21.0922373233161	21.6736951569931	19.8939454442546	20.0630166315939	19.7954534524454
P26358	20.1534313984301	19.8843863144623	20.4500465652922	19.8792195122707	20.1080095733163	19.7682868349059
P26368	18.6025308391429	18.4803700661385	18.0401985374053	20.6073967917871	21.1704850348851	21.8676998394284
P26373	22.7702265036845	22.694873010925	21.7370381485245	22.2411318287775	21.7271793395931	21.547654527273
P26374	18.709628766885	19.023420419172	18.2009724550755	20.4366784755554	20.2066201131499	20.8761679850367
P26583	19.3605137473883	18.3793759266983	18.479435479632	18.3793759266983	18.3793759266983	18.3793759266983
P26599	21.9559395188132	22.1361953386368	21.8758796926693	23.7619307108914	24.0706069502189	23.8828779327112
P26639	20.0081369633561	18.0178979295192	18.0178979295192	18.0178979295192	18.0178979295192	18.0178979295192
P26640	20.11445288481	18.9390901526875	19.3333154306836	20.4788031515805	20.5676569472371	20.9454755508287
P26641	20.6111313475335	20.2444519418456	20.5132786786567	21.5230722662871	21.238632091546	21.8557622001096
P26885	19.6101850450543	19.3144302074548	19.6480465302949	20.6096490837835	20.6084583944434	20.4517901179511
P27105	17.6291216116591	18.3433387135968	17.6291216116591	17.6291216116591	17.6291216116591	17.6291216116591
P27348	22.0611335607544	21.5188797473963	21.1567942803422	21.8122191209279	21.4383827324565	22.5044489562324
P27448	20.3098047104323	19.3231760438531	19.828115045854	19.6953178263193	19.5443690838423	19.4027253036338
P27449	19.872452738904	19.9353566628667	19.3613259221313	19.3613259221313	19.3613259221313	19.3613259221313
P27540	18.6576899598946	18.905197527195	18.6576899598946	20.7986990311392	20.1977639540512	20.6171853558676
P27635	22.9098699556502	22.4028823133988	22.5775280832582	23.0116453501874	23.5140327281911	23.4612812391805
P27658	20.73063524412	20.5732233625917	20.0709976721197	20.6672697738481	21.1375913330581	19.8323680580826
P27694	18.6833859695234	18.109149308694	18.109149308694	19.8667910479714	20.49215677341	20.4818446594293
P27695	20.0453926885295	19.3594222735	19.754979476504	19.3594222735	19.3594222735	19.3594222735
P27707	19.415247073359	19.8842812317129	17.989600946513	20.6506656649369	20.8168315245653	20.6601996343064
P27708	20.8354464266134	20.6723256875349	20.4826036577656	20.1909785174286	20.4106858917896	20.8807735053675
P27797	22.5596977529104	20.8593807378848	21.7315780147866	19.8786880369185	20.3068114214765	19.8756643980066
P27816	21.3019715993855	21.3418177384132	20.5723493118389	22.8537850982512	22.5841097457588	22.7535849890287
P27824	22.0452082595845	20.6127539326874	21.2915537536202	17.0714846306566	18.8528608448893	18.3929979311666
P28062	18.4321016835296	19.8019909142188	16.9836661169416	22.0862923182449	21.8791524343522	22.4612794492664
P28066	22.3740575443514	20.082841075865	19.668080353062	20.082841075865	20.082841075865	20.6997468059932
P28074	18.4771240630886	20.1280036311669	18.0636418543343	21.3963810600068	21.569614949519	23.0747722695877
P28289	22.0847596445869	21.102080072432	22.6011751535475	16.4526896545701	19.4310072452471	16.4526896545701
P28290	18.1370658348249	18.5484224370313	18.1370658348249	19.3858360050269	20.0228510179751	20.1956694911568
P28331	18.5054331739483	18.5054331739483	17.1683935721412	19.6698508196794	20.1041663448826	20.3655935457563
P28340	18.4862418983013	18.5653102314948	18.0868261583849	21.2861595819217	20.8823108546859	21.7164778595554
P28370	18.3287371204007	19.0747791504682	18.3287371204007	19.8157756786844	19.4887342435113	19.5216966935485
P28482	19.8772366379646	19.6005554460079	19.0963964341092	21.1240641702323	21.2017451353564	21.3944076751529
P28702	19.1346141007488	18.8061768871134	17.8780675601459	21.206296050372	21.0321275642861	21.4913234493369
P28799	20.0133209879127	20.1574154077164	19.4590065143023	21.6472982055072	22.1573300726197	22.1635290238665
P28838	18.7348386992935	18.639149671338	17.332969562722	21.0592465957054	21.6226514644105	21.6962187168552
P29034	22.0145228751891	21.7091577317344	21.052791957893	23.2342619989346	23.2289780061838	23.3541541644877
P29144	18.5673416538033	18.5673416538033	18.5673416538033	19.3368160402079	20.2714307017802	19.5694947771189
P29279	19.678264906758	20.0845745118033	19.3202043573378	22.7843159602639	22.7371360452782	23.1639662785004
P29317	20.9769659854254	19.5011204079954	20.5042534046177	16.2434220802955	16.2434220802955	16.2434220802955
P29323	20.2176601034092	19.3148458959205	19.2932351633255	17.0979193151211	17.0979193151211	17.0979193151211
P29353	21.1196552342004	21.2541441062159	20.6429811000091	22.1475181592127	22.6610608522392	22.4996313204153
P29372	21.7216364934037	22.1249579448996	20.9801204082195	23.2518357278316	23.318146848965	23.559251668941
P29401	18.2195025553466	18.5893899485061	17.3339899077428	22.2932315223643	22.3206876553441	22.4156438143002
P29558	20.9236963038971	19.8954047102909	19.8954047102909	20.3208384363299	20.1848924086555	20.2741838122522
P29590	18.825072633611	19.2272827672341	17.5168744212787	22.1711549450314	22.077728906551	22.4067696494516
P29692	22.2839398311465	21.1464547774526	20.7334622159982	22.1704810293544	22.2634556041136	22.5553408161008
P29992	20.4739706755398	18.980174073101	20.1065042092843	17.4146405069104	17.4146405069104	17.4146405069104
P30040	21.6592562949085	20.0825559312488	20.4861804211388	17.7690073171448	18.316553362581	17.7690073171448
P30041	21.8793942833958	21.6298568567695	21.3123401601334	22.5786348638574	23.1114158421271	23.4360276725826
P30044	20.0030117882292	19.8411793375676	19.4638167372822	21.8332775494633	22.2456050676669	22.2899427989991
P30048	20.8198437556848	20.8989891780613	19.9341505835128	22.9432496169001	24.2370188186144	23.6962268078674
P30049	19.60490346307	19.0291628825387	19.8178599024123	19.8130590292116	20.6059572970169	20.1510847045052
P30050	24.0560023410129	23.1198332098099	23.9222706155333	21.8341050311685	22.2961287715217	22.3918727118046
P30084	19.6714781732579	20.1360107415575	18.9553751299224	22.6836573616651	23.6312367425047	23.3545368380946
P30101	21.9963629485182	20.5151260473418	21.0966889561656	21.2048632531248	21.2673425406867	21.3599449722738
P30153	20.9254378414438	20.4202269878808	19.8915416072601	21.6206751906084	22.079915258806	22.1925956712148
P30154	18.8454206391372	18.3078119921972	18.8931993372267	18.3078119921972	18.3078119921972	18.3078119921972
P30279	18.4610663540624	18.4610663540624	18.4610663540624	18.4610663540624	18.4610663540624	19.7450160633073
P30291	18.8876604338908	18.8876604338908	18.8876604338908	20.2148322801103	19.9252753178186	18.8876604338908
P30419	19.2525022468019	18.7197695350069	19.35003803946	20.0734394859175	19.6737531875429	20.0943632985951
P30519	19.8567846539111	19.1503383857986	19.194836446932	19.1770242394209	19.2030319269258	19.5905697681559
P30520	19.3832355314696	19.8914520631525	18.3555402234447	20.5816278104744	20.8930428353722	20.9187170967725
P30530	19.7320621619317	18.3186150377137	19.8628636539941	18.3186150377137	18.3186150377137	18.3186150377137
P30566	19.6838170893657	19.4488100013158	18.5396782403872	21.1227463854956	21.2280382135958	21.2510232968023
P30626	19.5305314059253	19.1431628871886	18.9935074872957	17.7772773431754	18.8770975442567	19.7190991439896
P30740	18.7335270841646	19.6199591779187	17.7454258710987	21.7820879353226	19.0823295355367	19.7127399579591
P30825	19.8816786067032	19.1715059266652	19.186956855887	19.1715059266652	19.1715059266652	19.1715059266652
P30837	18.3768519345023	18.4670167534897	17.1814050915893	21.2008403686815	21.9662432429262	21.5862159307277
P30876	19.3681657708338	19.3494433385578	19.1875505826079	20.6897925782256	20.3010194060189	20.8481748995675
P31025	19.0588755149415	19.0588755149415	19.466669473268	20.5485471825896	19.0588755149415	19.9646202615922
P31040	20.0264825169012	20.5938336861453	19.5797959186984	22.5174266617517	22.7629980888673	22.6928763866347
P31151	18.8368928747633	18.8368928747633	18.8368928747633	18.8368928747633	21.1708465185527	18.8368928747633
P31153	19.4182212767779	19.8061252913197	19.3060959415401	21.3579671368527	21.5995855536302	21.4858272252728
P31273	18.2101017735193	18.2101017735193	18.2101017735193	20.7732389156964	20.431781148733	21.032358446795
P31276	19.3039072834096	19.3039072834096	19.3039072834096	19.3039072834096	19.3039072834096	20.2797756353538
P31350	18.5385341113255	19.5997970352234	19.4097437347465	18.5385341113255	19.2063287491331	19.3778404590035
P31431	21.020903275754	19.280568615582	21.1616775363756	18.6211165122413	18.8539991579398	18.6211165122413
P31629	18.9672052551799	18.9672052551799	18.9672052551799	20.5158567399224	18.9672052551799	20.0123297095192
P31689	21.2375455486755	20.9679545132525	20.9117844612997	21.2866827381613	21.1792391714853	21.7317169986337
P31751	18.4000529467184	17.4477406448793	18.3917239049024	19.9518840906783	19.8718724757529	19.3904745874087
P31930	19.349288479404	19.8642267051588	18.9881466743787	22.0493123507317	22.2675973936676	22.2824816033289
P31939	18.7160806900226	18.2408302172498	18.5204268536124	18.2408302172498	18.2408302172498	18.2408302172498
P31942	19.3120187975783	19.7038479153576	18.3154287246867	21.5146494096408	22.0622663042927	22.0776195684398
P31943	21.6231860290177	21.9771907029214	20.8876105866596	24.2454636698209	24.3671663395268	24.4253569492704
P31944	19.0175812949778	18.6356448075301	18.7221955991319	19.527191893896	18.7221955991319	19.6610924956742
P31946	23.2493109301235	21.5594406576051	22.5813485365278	21.2688258928314	21.2993230821734	21.3059884180851
P31947	21.2247898849397	20.6652846166433	20.2606589124349	21.8804623923919	22.5748206138692	22.4967792608862
P31948	20.0548503939067	18.6924139892473	19.0588025185465	18.9516059083272	19.9192456660245	19.9369999184225
P31949	22.1906557393594	20.7771088232811	21.0215602295116	20.4061108631223	20.5165988574699	20.5932316099655
P32004	19.4696508086925	17.3559432707672	19.1343052660162	17.3559432707672	17.3559432707672	17.3559432707672
P32119	20.1230071618183	20.0851593958782	19.8680160520709	22.3658264306649	23.3666311902706	23.4946351124087
P32321	19.5422500017715	19.6016348148931	20.0656751891026	20.2994682232064	21.7673203440886	22.0960438506215
P32322	19.8798690401845	19.7164335441819	19.0999682606299	22.1499823967689	22.5600572844561	22.885873701247
P32780	18.5022252204799	18.7772170227221	18.5022252204799	20.202813762617	20.0714357536583	20.1784006940146
P32856	18.6208112612283	18.6208112612283	18.3341502846693	18.6208112612283	18.6208112612283	18.6208112612283
P32969	21.592035992029	20.8437962459608	21.6712825752397	20.736336727303	21.5855297631621	20.6712136438064
P32970	19.4741025050692	18.1317351604433	19.08519249711	18.147776487804	18.147776487804	18.147776487804
P33121	18.2716951923866	18.2716951923866	18.2716951923866	20.2668444923873	20.4120016904346	20.1568077562775
P33176	20.15577898445	19.593405842849	19.5037433260611	20.4977148177653	20.7240851773375	20.8183216703716
P33240	19.798190403447	19.5417648790396	19.0298478220676	20.6642945778141	21.1168827180136	21.4598513048357
P33316	22.4987214164865	22.876670122982	22.1157960457743	23.0491586509182	23.269286325525	23.8417102619668
P33402	19.0077016212009	19.0077016212009	19.0077016212009	20.2345990333713	20.21460536366	19.243258121159
P33981	18.377293758671	18.2195966222212	17.1201126647662	20.101804747298	20.2859795227018	20.5548721586857
P33991	19.6624098108467	18.9149230955695	19.8746209957756	20.0886990953765	20.3566537589702	20.6837504532789
P33992	20.3763262162167	20.5072419804956	19.7167894049012	22.6312384270059	22.680500974679	23.0262670055
P33993	19.9970308775026	19.2584831470826	19.4798129188329	20.2777424660508	20.5402040616498	20.6156277542505
P34741	19.4537733314581	19.4537733314581	20.7158590654707	19.4537733314581	19.4537733314581	19.4537733314581
P34897	19.2445998934669	19.5285048217273	19.3140084641597	19.6390706839477	20.0480949952082	19.6367615086614
P34932	20.3283489355204	18.6419730249439	19.6741948897927	20.4986592944051	20.4836306021793	21.1966569114407
P35030	20.0287093065428	19.1221688860794	19.7875168105567	22.1041967125646	21.5739419770588	22.0826440425066
P35052	20.9657236667004	19.4721796329742	20.3318131195094	18.5845055360418	19.4832565545413	18.5061135249648
P35080	21.6311874221631	21.7708107121459	21.1311043084636	22.9234468539547	22.5538974186126	23.0009057923591
P35221	21.4628203246678	19.3244820557412	20.8150571768458	17.7631673234524	18.9314181862957	18.5175004378944
P35222	21.5085354568353	19.5932781882012	20.5528797824527	16.7146641621279	18.9272351645194	16.7146641621279
P35232	17.7747931717965	17.7747931717965	19.6847020784017	18.9373720681046	19.2697613500066	17.7747931717965
P35237	17.4720674528637	19.535323386682	17.4720674528637	21.6675417616478	17.4720674528637	17.4720674528637
P35240	20.3073533306443	19.1207474570173	20.0495385382018	18.3593132596748	18.454878171632	18.4120213023785
P35241	18.8805078365398	18.2051198566355	18.2051198566355	18.2051198566355	18.2051198566355	18.2051198566355
P35244	18.4672328602734	18.4672328602734	18.4672328602734	19.5663636457108	19.3694910561619	19.6414966015448
P35249	19.8285061031843	19.5047354971013	19.5083156190789	21.521706434984	21.6561899586421	21.8758770148144
P35250	19.8319495954812	19.0777932734293	19.0344772767914	21.4797610095984	21.2086498672033	21.8208255424521
P35251	19.2314545983815	18.7767066196916	19.2351614505724	20.4629517993416	20.19031532662	20.3919071206309
P35268	21.9999005799798	21.3362175365231	21.7791711941524	20.9870527164078	20.2862302786956	21.1842020883455
P35270	19.905787106274	19.9183165399677	19.1893475768799	19.5633437379726	20.2496241016743	20.4226080769991
P35321	19.3849541800228	19.0811484395765	19.4158023413929	20.7341852058677	20.4658108857255	21.2308279246628
P35556	17.8808916964543	17.6805076698512	17.2021198601247	22.3405805840461	22.3146126135591	22.4688738752814
P35568	16.7741980062544	16.7741980062544	16.7741980062544	21.2025753366379	21.1193457640322	21.2617236128846
P35579	26.6843285996471	26.5363904847405	27.1230222882843	18.190712157511	24.0391890081807	20.0732175054251
P35580	25.0775592813705	24.5211890965036	25.4071667213181	16.1192428513541	22.3876929479428	18.4896260735619
P35606	19.6712129254268	19.003601481562	19.9560961903489	19.303164561525	17.3479624241341	17.3479624241341
P35610	19.5801455375983	19.2383791850477	19.748312734766	19.2383791850477	19.2383791850477	19.2383791850477
P35611	21.8989258051474	21.1156508875852	22.1055139639054	19.4852702720566	20.3544711079439	20.0554052166763
P35613	22.6403143879544	20.9115515651279	22.5071497294911	18.77322048626	19.5282841710331	18.77322048626
P35637	20.6239970546619	20.0218919367467	19.9680710294133	23.0544617976299	23.3908601724298	23.2317652499591
P35658	18.8268472636844	19.1952721121362	18.5804071702618	20.6258050856285	20.7292797629302	21.0500738934341
P35659	19.8401476663195	20.0897976441382	18.9787730670043	22.2195144114496	22.0968018217286	22.7197612519142
P35749	20.9143126228174	18.1946192499158	17.9080983883332	18.1946192499158	18.1946192499158	18.1946192499158
P35754	23.6757662495095	24.0422139049531	22.7876590138489	24.1343638794289	24.66894485047	24.9841024860999
P35813	19.0866797384707	20.1984523612606	19.5617326352038	20.7748722254154	21.0738418723167	21.3409327234935
P35914	19.5830095107393	19.9830432272191	19.1465665918493	21.7773887730388	22.408700283632	22.7961094023668
P35998	20.2695776849451	19.633302410397	19.7914660692405	20.0058369507866	19.872046435469	20.7374714991344
P36269	19.9307866014155	18.8571762762604	20.0528476245462	18.8571762762604	18.8571762762604	18.8571762762604
P36405	20.251122990227	19.5392396308786	20.2745035277526	20.6976148579256	19.4723775387419	20.5220335034412
P36406	19.4951494864083	18.6296591847894	19.4596169885798	18.6296591847894	18.6296591847894	18.6296591847894
P36507	19.8861206978175	19.1676835598251	19.1676835598251	19.1676835598251	19.1676835598251	19.1676835598251
P36542	19.5664906561594	19.6066060283633	20.0254200976362	20.2476247757866	20.8187767186959	19.8020770519065
P36543	20.9003983789654	20.6253113724737	20.1622157153569	21.7779366222964	21.6595828584833	22.2279698105637
P36551	19.1606186730901	19.6280950541957	18.5509688033843	21.2119629221459	21.5337782643253	21.712917595699
P36578	22.6724931059359	22.6922661799413	22.4264659989365	22.4974965927927	22.6718570505139	22.4058920773917
P36871	19.6029996065693	19.0691241618477	19.0691241618477	19.0691241618477	19.0691241618477	19.0691241618477
P36873	21.4238487970613	21.1602155288671	21.207681337613	21.5022250109618	21.5178436155784	21.7582835458458
P36954	18.5578782064773	18.5578782064773	18.5578782064773	20.0903698941957	20.2381858400412	20.8279676515651
P36957	19.5455304574894	19.759032926254	18.5813340823827	20.575731661715	21.1637114118522	20.9113567815177
P36969	21.6972031390438	21.919079510396	20.1651907609831	22.0574704576797	22.4255289317776	22.3064738983699
P37108	20.5436229848996	20.5646445677836	20.6922085725196	21.7927104800171	21.5115903772341	22.3333855430849
P37198	19.4526654535913	20.0999574131327	19.3188807253847	21.037151135819	21.1326812758162	21.516071731694
P37802	21.6434962562942	21.2620715963084	20.8648075527556	22.6900416839024	23.2562798148243	23.8155125491867
P38117	17.7838722975548	17.9172111695274	18.3942421854617	20.2250399677265	20.4414290335325	20.56326898466
P38159	20.0622344808612	19.0507449808083	19.7248725139561	20.1742399312057	20.8624615196701	19.9429119012642
P38398	18.1618464613551	19.0155632749412	19.8324215078516	20.4612816817636	20.1125970517344	20.8868016507744
P38432	18.3111247548898	18.8038198770016	18.0749206878422	21.27742602854	20.9484364415495	21.8654459307405
P38606	20.8446841934825	20.5810762296834	19.8466425006287	21.1263272124442	21.5364090829078	21.930494446718
P38646	20.6353186439843	20.8788698926787	20.3113981730604	21.7954995418877	22.1781683583775	22.1508801515937
P38919	18.9756981087966	18.2376462955555	18.2376462955555	18.2376462955555	18.2376462955555	18.2376462955555
P38935	19.1549010769667	19.1549010769667	19.1549010769667	19.5005952810112	19.5036260891911	19.1549010769667
P38936	18.6755846376143	17.6542011844657	18.6755846376143	20.5886022018826	19.387095177503	20.993357743262
P39019	22.6079308177565	22.1046905678017	22.4932874877244	22.273219054575	22.1686380598879	22.1523602648524
P39023	23.3176800061772	22.2136042144344	22.7004406052022	21.5884820860355	21.7870048885076	21.7179953353174
P39656	20.5819888815163	19.5389148835488	19.8239573203143	17.3132190937526	17.3132190937526	17.3132190937526
P39687	20.7373586044497	19.3546268766717	20.3560092083092	18.2856564953963	18.2856564953963	19.203824968856
P39748	20.5573910891262	18.7966878675921	19.1455003396135	20.0191830230691	18.9934285168189	19.5456170924942
P39880	20.7818763619259	20.6507524975222	21.5547167139546	19.4523221802585	19.4032594967806	19.4523221802585
P40222	20.3451332465604	20.4333345550329	19.4747336580648	21.2036152751372	20.9361645063324	21.6001778826441
P40227	21.2368277365704	19.9767295772647	20.0889496015222	21.2943161496393	21.4309766723315	21.7766717866299
P40261	20.6372784240912	18.8657061797842	20.7272080841317	18.2386451329896	19.453676483046	19.5856532825927
P40424	18.613597542521	18.613597542521	18.613597542521	19.815392043658	19.7568515249499	19.8927262606079
P40429	22.3962929757939	21.5838905668986	21.8272733575497	20.5477212952353	20.473062964027	20.1569763341663
P40616	20.3818647992592	20.0602301637197	20.7233406685528	20.2243789478326	21.203685596162	21.8116941999457
P40692	18.2815155158677	18.7685065456498	17.8356712027657	20.6037100222367	20.2466258026107	21.3512037173296
P40763	20.0541467791219	20.372935009183	19.9014112045063	21.9335279606761	22.2852214000831	22.5401150523891
P40855	19.1211080534561	19.4660062476601	18.5382825071096	18.5382825071096	18.5382825071096	18.5382825071096
P40926	20.1763938008062	19.536895040839	19.7784663987925	20.5465754158108	20.7741940500113	20.6243697436312
P40937	19.6504947762319	19.67011993718	18.9473586954671	20.6916245843812	20.8847313770929	21.3141271655956
P40938	19.6390989668215	19.4207483615332	19.3055364548351	20.9757793283781	20.9153783722805	21.2270345762522
P40939	21.6923443176514	21.2423085700049	21.3040384741511	21.8077940458724	22.2843736788566	22.2046403323507
P41134	19.6222185008724	19.6222185008724	19.6222185008724	21.428900241868	22.1196160207188	19.6222185008724
P41161	18.8571089550554	18.8571089550554	18.8571089550554	18.9989748976657	18.8571089550554	18.8571089550554
P41208	19.9721762255307	19.5655490303062	20.381744261461	21.2726873990879	19.6298150004676	21.4809998078311
P41212	18.9746171764584	19.963727773665	18.963769156827	20.781264067163	20.6979906293704	21.3906825903363
P41223	18.316535780227	18.1848019594196	18.316535780227	20.3095076568525	20.2986768380632	20.908945328804
P41227	19.1346491824917	19.2098969185922	18.4062421315725	21.5183589055993	21.9678217240733	22.2773468264032
P41240	20.3942014735959	20.5875585438567	19.7138148188605	21.813365030016	22.0945155987958	21.6910410678565
P41250	20.1070262982703	19.7204404020416	19.0703974407439	20.6584808974792	20.4176755244612	20.8742113076076
P41252	20.2358058073616	19.8474765264526	19.5231768206074	20.8862895664127	21.1356234398865	21.3115757426293
P41743	19.9888168179385	19.4808222523659	19.220436972117	21.1901484171459	21.1801485975944	21.6489859541043
P42025	20.6002361838116	20.5829970415283	20.4352100643009	21.4919621092643	21.6235812240322	21.6263896052948
P42166	20.1496090946785	20.2800548761942	19.2836338440457	21.8776427483079	21.7011940098288	22.2259620591437
P42224	20.4013136039643	20.4031923403695	19.8044560913384	21.0672313805955	21.540357528629	21.4131146329374
P42226	19.6480720732494	18.2979162840425	18.2979162840425	19.9664010301276	20.8733415168529	20.8035927807095
P42285	18.9340639222807	18.9982933848628	18.2223647815805	20.4741080795605	20.4336966132082	20.9845998601276
P42345	18.6111887381272	19.7290578760937	18.614659183078	20.1928466715859	20.213926189905	20.7320698787298
P42356	19.7179835265051	18.4791106132637	19.4781469941584	19.6633999032413	18.6460422592436	19.9931189417781
P42566	20.979678910496	19.6475445751143	20.2972923934856	19.3322525153103	19.2235883959423	19.5807777014888
P42574	18.9172133978704	18.7260218223204	18.9172133978704	20.4120261474477	20.3864862324537	20.8316416915904
P42677	22.7806470554282	22.6003230602673	21.4320073445399	23.6643748154442	24.4199626734836	24.0139485652213
P42684	18.9832644029402	18.8465663743278	18.8465663743278	20.168309919453	20.272846372764	20.3470867086235
P42696	19.7778437219343	20.2275516049247	20.0421601297489	18.8879487640611	18.8879487640611	20.3745033721772
P42704	19.6116906679711	19.0218447111253	20.3025584946378	18.6567181537841	18.8912898350695	18.6549762670723
P42765	20.97728294768	21.3581029136854	20.8270714699847	22.9831569819987	22.9821962573223	23.0001487778501
P42766	23.1466787578252	22.7142569482206	22.7901658589515	21.7396257589203	21.3605170407529	21.2572042147339
P42785	19.7532587847387	18.4486182508473	18.9758805785099	19.3178732173215	19.5611695446389	20.4721903926015
P42892	21.0927799305784	19.3699864269754	19.797581482249	16.9060046486007	16.9060046486007	16.9060046486007
P43034	19.426157738254	20.0302994071017	18.1648119374725	19.9258224012943	20.0419601987369	20.1770037877484
P43121	21.6802368966819	19.5752154104751	20.8013296701667	18.9649251623255	18.7009096589343	16.5005284901864
P43243	21.6963562472544	21.3808334439251	21.1525034041579	22.169541411505	22.0507825639035	22.5052006902557
P43246	19.7650345389108	19.6385663549808	18.8418156695539	21.1875955600388	21.0717990949188	21.9810576861482
P43268	18.8492151674231	19.445011864378	18.0597944001064	20.2793136394588	20.8017181076543	21.6496276942066
P43307	20.768633412663	20.0276842537526	20.0307817244213	18.8216515424132	18.8216515424132	18.8216515424132
P43358	22.1585143026774	21.7670775812927	21.6785403164856	21.8990557944893	22.4892337546044	22.6214265939177
P43378	18.4195967489669	18.4195967489669	18.4195967489669	20.7069170681369	20.5251474244008	21.1986946047985
P43487	21.9261055942698	21.2742287223324	21.1736004334045	22.1393634989734	22.2768442855785	22.0224607468445
P43490	20.4407893379434	20.6373120876665	19.7870377545739	22.4692347103918	23.1233510019961	22.8865279369121
P43686	20.1310064352741	19.0570012766436	19.7580409948953	19.7891276689767	20.4371470052474	20.0520676446155
P45880	19.7390484970253	20.2395904084135	18.8268999328126	18.8268999328126	20.8902058849494	18.8268999328126
P45974	20.9191172998553	21.0064724523239	20.0329919673559	21.0393031600758	21.9850502062562	22.2263264640859
P45983	19.6312336951523	19.9619073763587	18.8338118913973	21.6043082347254	21.978088789245	22.1707083544885
P45984	19.260275716888	19.7851448701359	17.5770312772478	20.7630367381768	21.3294281564916	21.4331554265718
P45985	19.5086157229648	19.2418317653405	18.6604405898747	20.4270523310934	20.8885207395404	21.1507267532595
P46013	18.5077163709994	18.6549129933381	17.9506326700864	22.1969296800218	21.9793933466089	22.3796470064182
P46060	19.3102822853761	19.2167808095389	18.2609580831946	21.0913629122837	21.3152597046452	21.6454754453812
P46063	20.7160286668046	21.081784690092	20.5059187144526	22.2626045970755	22.832915210375	22.8926679552643
P46087	19.3215174553577	19.0734818009846	19.0797616195897	19.3899822243245	19.7642194874826	19.0499855751674
P46109	22.9573951275871	23.159490181549	22.4207766587122	23.9456607353317	24.1359972092346	24.4327019911367
P46379	20.0352714628064	18.7012311787179	18.7317728503568	17.7411045307149	18.9673098062436	19.4463235516408
P46459	21.2309499018857	19.9836205088393	20.6522757358036	18.4773784486533	19.0930793066621	19.2435791869382
P46527	18.1575803264418	18.1575803264418	18.1575803264418	18.1575803264418	18.1575803264418	20.3654614584728
P46531	18.3176598439972	18.3176598439972	18.3176598439972	20.5634669040014	20.3185335656302	20.557885952536
P46734	20.4307567722417	20.7740022855617	19.6352134126379	20.786899752995	20.8035385025271	21.0121117152993
P46736	18.3753967993047	19.1793317240317	18.3753967993047	21.169397747008	20.811577918286	20.8902994334046
P46776	23.4996351408086	23.4899497502377	23.4566297137086	23.5754026048057	23.9943997040674	24.1144970579482
P46777	21.8475348857163	21.2103085793172	21.3428739347246	20.3098410046345	20.3658219835909	20.8064335423836
P46778	23.8586229374433	23.7629078490191	23.6177433936664	22.8448740019083	23.1808429232628	23.0002854803913
P46779	23.8334078029789	23.6413710031418	23.3062766284943	23.7884765788241	23.8642010639246	24.300095573308
P46781	22.3434890642041	21.9925186683348	22.0924717412472	21.6873161024947	21.8967185285036	21.4617149831878
P46782	22.3475120180326	22.1525153743806	21.9557235660836	22.5014114377654	22.7228096730316	22.9815409637409
P46783	22.0329071731558	21.6632781959412	21.9041926392385	22.3037393648486	20.8080492494792	21.1844935880762
P46821	20.4382558773317	19.9768722569316	19.3837498162988	20.8325131880311	20.8143171081617	21.1248587115483
P46937	18.0613115344262	18.0613115344262	18.0613115344262	20.6795024323365	21.1052052173451	21.0442719261667
P46939	19.2019884549057	18.9044677986741	18.5421297324569	20.6924614876799	20.2914213587036	21.033746547524
P46940	20.4117096233806	19.9076990301459	20.1311782661929	20.0248377806978	20.1772686136271	19.9692135895079
P46977	20.1905417216579	18.7162530097812	19.0708910630151	18.362410339398	18.362410339398	18.362410339398
P47755	23.3297066037939	23.1686498277436	23.3968325215221	21.752405214131	23.1054682687742	22.3057842443807
P47756	24.2048782564225	24.221458790941	24.2165879197058	22.619185275477	23.9463555332835	22.9090091901829
P47897	20.3887027856961	19.8837362380297	19.5095807291621	20.930651582467	21.0570744529713	21.7774302267968
P47914	23.1697374443294	23.5030649567774	23.0347165749678	23.7979854874728	23.7018133337254	24.0368537788247
P47985	18.3969334089043	18.3969334089043	18.3969334089043	19.7291806480085	19.9196979224454	20.3130854939229
P48047	18.6533186163867	18.7943460750468	19.6002163888389	19.8648325340547	19.9101962658267	19.7242282076832
P48059	19.3177502749189	19.0163216882272	19.4444618556868	20.525313650563	20.8945406126009	21.3770781819965
P48382	19.6684033916203	19.6684033916203	19.6684033916203	20.3459708575317	19.476021260381	20.8603168809597
P48436	18.8572899144008	18.8572899144008	18.8572899144008	21.7126416045573	20.6180840854618	20.8528856635738
P48444	19.2239678844964	19.9062339552827	18.942066833529	21.2005790063515	20.9932443500828	21.3409876709282
P48449	19.6664316894692	18.6432202379344	19.1153168845595	19.0386710246682	20.1280847927076	19.4673078738026
P48506	19.8238391236364	19.2722008995409	18.706547749372	20.0970561625452	20.4192016962215	20.595023679193
P48507	20.4084025307044	20.9252629616249	19.8796342090611	21.1603866086277	21.2596721221893	21.567559872814
P48509	23.5258945245448	20.3916533514585	21.9782607965682	19.5807046207881	19.3788841665336	19.5807046207881
P48556	19.433716692012	18.8441232396058	18.8267901602943	20.4051033850207	21.1178047704195	21.2646886800565
P48634	18.4776491963855	18.995467141879	17.744801023922	20.546021733088	20.8119913821677	21.2451618672689
P48643	20.6047037375608	19.7305389409982	20.0458885583502	20.9880276203002	21.178544109725	21.2321238008813
P48729	18.2623073561374	18.2623073561374	18.2593353482488	18.2623073561374	19.6003295842935	19.5169602916755
P48730	20.6140157602685	20.1549914639355	19.7159613117638	21.473432235317	21.8218717321215	21.4203581087279
P48735	19.1692214811597	18.612577472079	19.0387157615077	20.7783659797048	21.1707734928457	21.2286464237474
P48739	20.3378005428019	20.0593768211237	19.3549903334262	21.2657979424143	21.2831162836926	21.5068028235267
P48745	17.7749983893875	17.7749983893875	17.7749983893875	20.1432368750739	20.7573312734054	21.0207280026438
P48960	22.8818553133195	22.5550975212447	21.664309287704	22.779696115928	22.6306875794631	23.5591004513493
P49005	19.6072657650894	18.6900985545549	18.7917847936334	21.0612349929651	20.741450469517	21.5367718897139
P49006	23.604311254307	22.1188014841712	22.8420720720214	21.8923826378964	22.3317299763766	22.5003474195496
P49023	19.8466151445688	20.2400125162426	19.0693846440369	20.4464178704551	21.1191374208307	21.1740965209782
P49116	17.9797706129265	17.9797706129265	17.9797706129265	20.147800878328	20.0799344060776	20.1709575612056
P49137	18.3828912206841	18.3828912206841	18.3828912206841	20.4607100367975	18.3828912206841	21.0532478386268
P49184	20.4913295652206	18.3323743545512	19.8747943789637	18.1404420752482	18.1404420752482	18.1404420752482
P49207	23.681437176082	23.2980905294761	22.6417224429859	22.8831102717514	23.1928584587374	23.7501194331511
P49247	19.1197428304501	19.4180084842726	19.1197428304501	19.3149313866417	20.1209073304589	20.6808523065261
P49257	21.2440212521722	20.0397810999135	20.4441120332425	17.9287768264399	17.9287768264399	17.9287768264399
P49321	20.9531166652562	20.6117605272765	19.9995508115079	22.4746055108338	22.0611521073611	22.7110606598675
P49327	20.9905101546993	20.8628914143291	20.4710897891968	21.8078244265	22.1723488880807	22.2388480234167
P49354	19.4118364131334	19.9411938884886	19.4118364131334	20.7112791899692	21.6235250645952	22.3931536958794
P49356	18.7391539235427	19.6587203504891	17.4144612825787	19.7601528895091	19.4473447580838	19.3908448196447
P49368	20.9666720677859	20.4284405156435	20.4355502683557	21.2194690509007	21.626294032599	21.7362367618626
P49411	20.6214931026692	21.1737092462581	20.3241661713168	23.1101986810268	23.788139566524	23.6898267547159
P49419	20.4647683831026	20.6078189928342	19.8220892112338	21.6282350048252	21.8694276944242	22.2524023676414
P49454	19.0157776959109	19.0157776959109	19.0157776959109	20.5825983558589	19.0157776959109	20.1595521396152
P49458	21.1561166554663	21.0264104244336	20.7038586961591	23.3802506401689	22.3754710904812	22.4158062001041
P49588	19.2449943759402	17.6856044084861	18.5157374859782	17.4902181705966	17.4902181705966	17.4902181705966
P49589	20.9235179284553	21.0679530619973	19.9688587108512	21.3409976941897	21.5603055415994	21.9692049139358
P49642	20.1252786565194	19.7163708359539	20.1252786565194	21.5483956287928	20.1252786565194	21.6889809672207
P49643	17.9980296252515	17.9980296252515	17.9980296252515	19.3659007227558	17.9980296252515	20.0207241400342
P49674	20.0160747433773	20.3795500540175	19.3753246376519	22.3426947514506	22.3815273993165	22.7598173624229
P49736	19.5228387661728	18.6399847926439	18.9798583099477	19.8920773369748	19.8016826219148	20.8662047310405
P49748	19.8683736592495	19.2804741219066	18.8391665892072	20.5789088901899	21.0731844809528	20.7959813814123
P49750	19.0912774480409	19.3971146196574	18.6271274364433	21.5802299256207	21.4039210482573	21.6700149422148
P49755	20.5857968173515	20.6128087696952	20.6284192974297	19.1913956514775	19.4913753600197	19.2949542297848
P49756	19.1935140765304	19.1321452236385	18.400491196923	21.2335204738418	21.0520979496227	21.469713540938
P49757	21.7036640415175	19.3376279309136	20.9924794058514	19.763782916223	20.2487112536071	20.3114321746278
P49759	18.9380566503819	19.3203178219307	17.9225579620519	21.7952369253991	21.8897062628525	22.4352770875003
P49761	19.5914202796979	20.0864045623249	18.5299893258577	21.5438990049159	21.5091932903659	22.2533520444897
P49768	19.4139056031669	19.8905438155192	20.1229077699909	19.4139056031669	19.4139056031669	19.4139056031669
P49770	19.5613228379373	18.9628769590429	18.8131294508783	20.8295326156363	21.1414621840642	21.6026281438957
P49790	18.328422560298	18.3281414739942	17.9290799490251	21.2532438035948	21.6472953992208	21.497071546489
P49792	19.4823725244641	19.7566989568821	18.7140603222326	22.0256804631556	22.1572642139959	22.3684182549169
P49821	18.4113980578738	17.5292460179958	17.2320896388783	19.1269727210578	19.5262482698484	19.839571267397
P49841	19.965990439141	19.8552482714501	18.3521774711834	21.2430215957885	21.3135453260249	21.8252584763194
P49848	17.8903712229324	17.8903712229324	16.7914872527286	20.0687634027412	19.480808535518	19.7901685584001
P49915	19.999605614435	20.3254146214231	19.3453055653083	22.241359851005	22.3409033304074	22.7013818945615
P49916	18.3634100418937	18.3634100418937	18.3634100418937	20.4760348907494	20.4550162587894	20.7741924567769
P49959	19.5094017048916	18.9391802592153	18.093731799893	20.754228192775	20.7153010129211	21.4349548024564
P50151	20.3063269617154	19.0044776064269	20.3451255163706	19.0044776064269	19.0044776064269	19.0044776064269
P50213	20.2713526888607	19.377945326991	19.6692555286611	20.7286345140304	20.4442046336138	20.6515769422448
P50281	21.3018741527556	20.2723383162542	20.4103440530025	20.8353156391404	21.3965610593135	21.4769356259111
P50336	18.7907613467141	19.4950694532538	18.7907613467141	20.755786506506	20.704423386616	20.567539769655
P50395	19.3689384706359	18.8645700966938	18.2203429519106	19.7420214273369	20.7856553114411	20.7638362481478
P50402	19.705833765222	18.5051307965487	19.9135474286059	18.5051307965487	19.298964731232	18.5051307965487
P50454	21.1496462079684	20.1703375348345	20.6392656522839	22.1365560380517	22.6660165546031	22.6058558316204
P50461	18.9242126912816	18.9242126912816	18.9242126912816	21.2210945054163	21.0624863597046	21.4378054134995
P50479	21.4392557012099	21.3090789735409	20.6768447755615	22.8566014862448	22.6957263974278	23.0644135493127
P50502	20.4529352957479	18.4528348999424	19.8092298897706	18.4528348999424	19.9256634598841	20.4511273763307
P50548	18.6730664058942	19.5281639040934	18.6730664058942	19.6235140089141	18.6730664058942	18.6730664058942
P50552	17.8919683090226	17.8919683090226	18.3477398702451	17.8919683090226	17.8919683090226	20.5702506325332
P50570	19.4290112828173	18.6349946241125	19.6467853766592	19.7701222994549	19.0527949253083	19.6783068497793
P50613	18.4474509815354	18.4474509815354	18.4474509815354	20.3735423415965	20.5985019589494	21.2918481408908
P50748	19.247308841218	19.1469622828116	18.9601598608474	20.1498489704918	20.5788616684366	20.8189634317958
P50750	19.9051700714033	19.9588861271693	19.1789492821535	21.9058334449659	21.7764025429747	22.3823622499673
P50895	21.7387940190214	19.858145706567	21.41163802008	17.1767483154217	19.6285232440755	17.7090974148213
P50897	21.1612808035845	21.3784546203149	20.4016862945518	23.2033332880574	23.5843529599462	23.2220500315241
P50914	24.8740808752448	24.2312978492378	24.1648048552181	22.9836149761091	23.2867534042115	23.4259491025936
P50990	21.14938646967	20.1793076399996	19.9558633517527	21.6608370835388	22.0629486942657	22.2885552946621
P50991	20.7783027362367	19.6418619195487	19.5662684837569	21.0086049574049	21.004137972385	21.3359611400332
P50995	18.7838487393805	19.6715342685498	18.5515078366916	20.3992037613702	20.5358346061391	20.8506259340612
P51003	19.1211530186586	19.1211530186586	19.1211530186586	20.0456497583512	20.0335832104281	20.2625792860446
P51114	21.2220321684361	20.963995631134	20.4052802712397	22.1419232281182	21.9559263489814	22.2855916141744
P51116	20.5957810491134	20.3131859711047	19.6652276199684	21.0465465818318	20.4835537120909	20.5421173495334
P51148	21.9900188785828	20.2913067254361	21.8685283698477	19.591993805763	20.4848055715084	19.8886644371062
P51149	22.2662189853862	20.8383951990872	21.9686917904332	17.9687362114167	19.1295184078321	18.0234306662173
P51153	20.9214768405308	20.6620751260954	21.1555843231007	21.3971121903839	21.9345933019519	22.0405563083524
P51159	20.3155179383388	19.0905070586216	19.6459768128496	18.2604811736229	18.2604811736229	18.2604811736229
P51178	17.7634041519725	17.7634041519725	18.164123954348	17.7634041519725	18.5703632959054	17.7634041519725
P51398	19.1402252868271	19.1402252868271	19.1402252868271	19.7777370218059	20.0170766830657	20.6451271305094
P51452	20.1648919360107	20.4421305103875	19.2211775553072	20.4684441404732	21.9290076125631	21.7210426481311
P51531	19.4367023546747	19.3939045150925	18.3705677501063	20.9147608167874	20.6150291874991	20.9128834872208
P51532	19.4581923581517	19.1015618823634	18.8234003822835	20.609131422872	20.0475107881004	20.7553448882197
P51570	19.049385793583	19.2652150485206	18.2272708776659	20.6507906540912	20.5765290891322	21.1743917926458
P51571	20.7805265529582	19.8173144190328	19.7405496112485	18.1811019633678	18.5596840105782	18.1811019633678
P51572	22.7212248368157	21.2109784511325	21.1360463201163	18.7356328130467	20.6566117130054	18.7356328130467
P51606	19.6041891016424	18.9106509388141	19.6041891016424	20.9063322762273	20.5479105197125	19.6041891016424
P51608	19.1216004726556	19.7965280982926	17.8639492400605	21.8065117854505	21.4597963849318	22.3725497822678
P51610	19.9158478422573	19.9919186133379	18.9989270073153	21.8829459382979	21.6888406515441	21.9789322798796
P51617	19.5803878387088	19.9337207545344	18.9716424450557	21.123100112069	21.7331156413414	21.3909696331833
P51659	19.8390847851101	19.2294265197753	19.2294265197753	19.2294265197753	19.4545537715306	19.2294265197753
P51665	20.3441487974007	18.7909806915904	19.8585955803714	18.7909806915904	19.7711169915286	19.4295855746463
P51668	21.2162442606454	21.4849834286881	20.8968396164164	23.1925946983942	20.5133370989227	22.2617525252567
P51692	18.6744798052287	19.2452095535574	18.2780109285033	20.7999467874938	20.2265754467059	20.779493545837
P51784	19.4092300295091	19.3484873586434	18.9755940352231	20.3023981204624	20.5013410403075	20.7883965742114
P51790	19.1663336765108	19.0416814240351	19.3997758333598	19.0416814240351	19.0416814240351	19.0416814240351
P51798	19.0517351014103	18.4075374627998	18.9391247573637	18.4075374627998	18.4075374627998	18.4075374627998
P51805	18.514100303507	18.514100303507	18.0368973225067	18.514100303507	18.514100303507	18.514100303507
P51809	21.8715575582497	21.0250027882027	21.692813696184	18.1897266167756	18.4803171222569	18.1897266167756
P51812	20.0110971976796	18.8543619431481	19.1798377334406	20.6316866100022	20.6617810103152	21.2637447286606
P51858	21.1359102392731	20.805437173835	20.3696919180884	22.4687973813234	22.0070499326573	22.9843614430895
P51911	17.4636603863853	17.4636603863853	17.4636603863853	22.5758820184857	22.0461096718036	22.3857595710574
P51946	18.6480676789027	19.4092986043361	18.6480676789027	20.4807685256476	20.1496160966504	20.2867187029895
P51948	17.7743884786442	18.4860537987991	16.9774440326313	20.5516752532733	20.2132616372274	20.933510914249
P51965	18.6645287160043	19.0083306748195	17.4806963538525	20.0898990651085	19.8595460835923	21.8805721255988
P51970	18.7588427385243	18.7588427385243	17.4614912101189	18.7588427385243	21.3828793466821	21.5897048878511
P51991	19.7928572888436	19.8066664706406	19.5799130516867	21.5055971509675	21.6057200740557	21.3982316934325
P52209	19.2085221603635	18.4255898861271	18.6787520872067	18.0783474009873	18.0783474009873	18.0783474009873
P52272	22.5011191128491	22.3198152385173	22.0229141056953	22.4855092215448	22.5753985419679	22.6022686964887
P52292	19.1434513972327	19.0466913025554	19.4396281363318	19.828759875969	20.1210730052111	20.9600424233116
P52294	18.4596249466325	18.4596249466325	18.1652087309515	19.9368553490695	20.301236147824	20.4345170262579
P52298	20.1357908663923	19.9390721457254	20.1357908663923	22.1959811749543	22.0043250909828	22.1726556265403
P52434	20.4049507656055	20.4114094738981	19.7113486281262	21.7376524461622	21.630655566562	21.8163328531575
P52565	21.4008258228937	19.8187180572864	20.7336718421103	20.3518026430617	20.2566315735087	20.8416303266159
P52597	22.1298395066419	22.6341744892362	21.6713473639344	24.62720737303	25.0951121129288	24.9638615806087
P52630	21.0056686570831	21.5293263655873	20.7325731380844	21.3675366500852	21.6628182324925	21.8985398893497
P52701	19.3717110694387	19.3611690206468	19.1857436190865	21.1658903529163	21.0645574190365	21.4469131073388
P52747	18.113824969165	18.1069300980258	19.2557889415978	21.1145633293663	21.0460861476587	21.2288046211695
P52756	19.0505119611254	19.0505119611254	19.0505119611254	19.9018588175473	19.6605825119017	20.3696540675343
P52815	18.3510207889897	18.8584434591326	18.6287904402491	20.3976712353634	21.516651710656	20.7666225147843
P52907	24.3189426314896	24.3829942519903	24.5350725350609	22.2664749751295	23.4488714647017	22.9264328209789
P52926	19.421483194228	19.421483194228	20.6216389879814	19.421483194228	19.421483194228	19.421483194228
P52943	21.9353280199268	22.3278960816402	21.5947604223832	24.1368584106525	24.6008069283997	24.8234523109938
P52948	18.9957287015513	19.0224740142813	17.7882713346662	20.1944633514562	20.2543774285101	20.9005340124047
P53004	20.6708358424241	19.7119121642014	19.36116236742	20.1005071779463	20.3707396369388	20.4598004014265
P53041	18.9679291226627	19.1637189779635	18.8093050244392	21.019241972762	21.0785122884407	20.833347393513
P53350	17.9683487214752	18.3269847480252	17.3859592550977	20.8099848671622	20.3564035434359	21.2699175573189
P53365	18.7424387531727	19.7765226779634	18.2774188565177	20.5158983347327	20.8988584957808	21.7144592949993
P53367	18.2953492383502	18.7150856461325	18.1290150278154	20.7262710948568	21.4520072839306	21.7951308173121
P53384	20.9939017572665	20.7980954432362	20.3573441502235	21.8159409138602	22.3888615592945	22.5236503694416
P53396	18.7643858059923	18.845638164137	18.2479532727014	20.4647662476694	19.943208376204	20.8193767266538
P53582	19.0397372430028	19.0397372430028	19.0397372430028	20.2867155027524	19.0397372430028	20.5524765493319
P53597	18.3045238914527	18.1534830375665	18.3045238914527	20.0148398171857	20.7157101879301	20.5312372186578
P53602	20.0104965677556	20.2233989074144	19.4489392191066	20.6904701516444	21.2353164643333	21.3444301359482
P53618	19.8874908479059	19.0849489163071	19.1727091360689	20.6003750750273	20.9342945046152	20.99568466628
P53621	19.9048048471857	19.502010737932	20.1561465744793	19.1797434341558	19.4435691978371	19.6513634028877
P53634	21.3437686091789	20.9615304837554	20.6921116891773	22.0584138566752	22.7623931259189	22.5507630623844
P53680	22.7697961491975	21.7915725483322	22.2835739369724	20.1506172007263	20.9433730974094	20.3206505045533
P53779	21.5597258044934	20.306202945968	21.33062905915	20.037966085973	21.7381263576505	20.5551033704115
P53794	20.1149001812341	18.7541495972364	18.9867597421286	18.3328076974529	18.3328076974529	18.3328076974529
P53814	17.8820229827752	18.4148959088062	17.5876695820877	21.410614238658	20.8833017547276	21.8859780067987
P53985	22.5487342626439	21.0105342750324	21.7238225695157	19.5321196903549	19.5321196903549	19.5321196903549
P53990	20.2739950829399	18.7637527052648	19.2902388134996	18.7637527052648	18.7637527052648	18.7637527052648
P53992	19.7565608543054	20.3712741262088	19.2247438656153	21.3410054032046	20.7364260609089	21.837992259219
P53999	22.1595133143211	21.3831179709911	21.1841438544629	22.2572164322553	22.0743600106587	22.5846325846278
P54105	20.7924356781791	19.602010992186	19.3327251872612	19.3327251872612	19.3327251872612	21.1147454129412
P54132	19.1693646356925	19.5802160438622	17.5938938212401	21.0652110036251	21.3512759702692	21.5820324424513
P54136	20.5962357046849	20.3014929986563	20.1445306951052	21.8604043709288	22.0905700123526	22.1751391473146
P54252	19.5300347397152	19.3593353187621	18.127064289239	20.7835948744334	20.5344343582596	21.1329900431644
P54253	19.6706661389239	19.6706661389239	19.6706661389239	20.3057665305461	19.6706661389239	20.7170702681268
P54259	19.1108858291794	19.1108858291794	19.1108858291794	19.8033082180501	20.3322099915185	20.1563063346747
P54278	17.6470123834318	18.7155964912308	17.6470123834318	20.5828139040956	19.8067375838393	20.573141382292
P54289	20.7773369972597	18.6899008632294	20.3143291097218	16.0494501512484	16.0494501512484	16.0494501512484
P54577	19.1249670359666	18.2816299990817	18.2816299990817	18.2816299990817	18.2816299990817	18.2816299990817
P54578	19.6828817555455	18.1487525053164	18.9568914584244	18.1487525053164	18.1487525053164	18.1487525053164
P54619	19.4724460358884	19.4953662325531	19.5763449514837	21.0442624493102	20.9214093469108	21.4444606007177
P54687	20.2595407371244	19.8918173387949	19.9401914777456	20.325840692054	20.9402361837084	20.8729239078817
P54709	21.2011143934803	20.1488574741175	19.9757871902837	18.5773102606141	18.5773102606141	18.5773102606141
P54727	19.856632179466	19.1605113393353	19.5790858123384	18.8319842403926	18.5631142745708	19.1236453545181
P54760	20.2052304297079	16.5092415597474	19.3349880921103	16.5092415597474	16.5092415597474	16.5092415597474
P54802	18.4477194373471	19.1648452231082	17.3774743204229	18.0873979731032	19.0809201905867	20.0029977358872
P54803	19.6641000482623	19.2472946670424	18.8509337134516	19.9116209783011	19.9976974186209	20.122273976922
P54819	19.2994852741609	18.9468689871729	18.9285082706628	20.5039204402232	20.2800863055546	20.8173968454894
P54886	18.7250870146723	19.1646669305122	18.86378296159	20.9298213952485	21.7875820976001	21.8643126355353
P54920	20.7578862117855	19.4487496657437	20.4437270002361	16.8867236955449	16.8867236955449	16.8867236955449
P55001	19.292487327531	19.2383657217085	19.292487327531	21.2817075690783	20.775042443424	21.8171872622514
P55011	20.178793435793	18.4042258705296	19.2490759288749	16.9011407576671	16.9011407576671	16.9011407576671
P55036	20.2101788380875	18.4635141300726	19.6017578243914	20.2589231044403	20.4307093223598	20.708965226789
P55055	18.193010150122	18.3325119348155	17.4452448320584	20.7061582019125	20.8885944786882	21.2709603041456
P55060	20.4394386635451	20.5165090988514	20.6817471286363	21.5698934534839	21.6255158814292	22.0103648488798
P55072	21.2710745815874	19.8480968303661	20.6815868054817	19.7514041301362	20.037300897291	20.1160656189445
P55084	20.9723957264356	20.7669842000696	20.6116739441219	21.1598336806613	21.8724074839149	21.6133841438609
P55145	18.7032898850422	18.2694747425929	20.1740628991123	20.9537743987858	20.9922659798133	21.4232524018422
P55196	19.3074359373726	18.9219347030186	19.5414361744141	20.4628483386938	19.619304274479	20.5665700164228
P55209	21.2073809047355	20.9427846030078	20.9050985678563	20.5646888072959	22.2228365683948	22.5838853517094
P55210	20.0316888102635	20.0316888102635	20.0316888102635	20.4623193288817	20.8193755399934	21.2050653364077
P55212	18.4732538794938	19.0336341351426	18.4732538794938	19.4240414282097	20.2416207697566	20.4549004019561
P55265	19.9131432785482	20.343448231919	19.3413448543323	22.2977056691907	22.5105812524652	23.0747652887932
P55283	19.0349799343226	18.1585447216164	17.9439776347616	18.1585447216164	18.1585447216164	18.1585447216164
P55290	21.645513058565	19.17695880946	20.9680970076586	19.3737849537568	19.3737849537568	19.3737849537568
P55327	19.3315377129869	18.678178985625	18.6111610811352	17.8897865417504	17.8897865417504	17.8897865417504
P55735	20.9963715536713	20.3859992822142	20.5601223370863	21.2080798615943	20.9079934186615	21.4257566779755
P55769	20.1933468549322	19.5842519092675	19.2717702729687	21.8755831113469	22.2228873813809	22.3970731958015
P55789	19.2971726691451	20.5861900089607	20.2019195555602	22.4522124972143	21.945140360669	22.7390283313152
P55795	20.77399404198	21.3668183336386	20.4398833685012	23.4241751728292	23.1455322934934	23.6919723966022
P55809	18.7866370400728	18.7866370400728	18.7866370400728	20.1796256598615	20.0730472083729	20.3405918376014
P55884	19.9471857953752	18.4691651974236	18.8844282311424	18.6560152587766	18.7950566228249	19.7683457790383
P55957	20.3833865915437	20.4236069454511	19.4891545826494	20.8703675585063	20.7945093850986	21.595192574853
P56192	20.3579777877203	20.1817649905838	19.5935406770667	20.9947046041715	21.2879356390202	21.6011717995682
P56199	19.1204886363236	17.6350405163494	18.2336230647788	17.6350405163494	17.6350405163494	17.6350405163494
P56270	18.9183831300199	18.1944377043865	18.9183831300199	19.8188840267746	20.8248381551651	19.2874058175274
P56277	21.8715536731639	22.4958157567389	21.1442882190509	23.6248208152663	24.2550057962467	24.1027989413512
P56537	20.4878037990492	19.887665749041	19.8441618597418	20.7647802034927	20.7296757310517	20.3629093223774
P56545	19.4776224209986	19.6537223750306	18.8937543411572	21.6708309989556	22.0944073980829	22.6896114873469
P56559	19.9098990359426	19.2613248432035	19.749843026862	21.5942432292516	21.5194361676021	21.3100801694087
P56937	18.8102713490237	18.1801764348877	18.1939890255942	18.1801764348877	18.1801764348877	18.1801764348877
P56962	18.367241985255	18.5653207898825	19.3282748372162	18.367241985255	18.367241985255	18.367241985255
P57060	20.3439563316525	20.5414784072171	18.5931451851921	21.7703869628252	21.9109017072734	21.6597071098113
P57077	18.8297623490836	18.8297623490836	18.8297623490836	20.3084571721623	19.993699135906	20.5351749461486
P57088	21.3023856682491	20.1171297529574	20.2866329800664	18.9470045994203	18.9470045994203	18.9470045994203
P57721	21.6885800737447	22.3456907290063	21.6885800737447	21.8867014260343	24.0194188410493	24.2416011561703
P57737	18.5813368156464	18.4525795649541	18.3527237350261	18.5813368156464	18.5813368156464	18.5813368156464
P57740	18.6283155061821	19.5039747784422	17.9961719229235	21.4710050416295	21.8115380739193	21.5949566005718
P57764	20.2629837534343	20.8661102003007	20.7776413803631	21.3208259624657	21.1670180852224	21.62375241926
P57768	19.2983582647172	18.6237707053182	18.4673711753974	18.7900517585106	18.7900517585106	18.7900517585106
P58335	20.7706860914182	20.0125942328351	19.736092493853	19.6354534400572	19.6354534400572	19.6354534400572
P58397	19.5156499219753	18.6262822430469	19.3754346354081	20.5974834990867	21.0312261238124	20.511541324714
P58546	21.0864712550998	20.8157153236294	20.3890836368827	23.066374983909	23.1371313118034	22.9911974712944
P59998	24.3059410103918	23.7882420624346	24.5087818127771	20.1758225310269	22.7295934312982	21.0970129318132
P60033	22.2186052792346	21.279584958534	22.2121875255013	19.5761514960625	19.5761514960625	19.5761514960625
P60059	21.1548831500354	19.6124881459893	21.9680833345783	20.0216292697865	19.7227915227233	20.0216292697865
P60228	20.329562912774	19.3184782768503	19.6840685832721	20.2896980235637	19.9100039593169	20.8217882159161
P60468	22.1911179210011	20.7360162819056	20.7768709274128	20.7894429804125	20.8973335938878	20.6405168950296
P60510	19.2343208883622	18.8754674283224	18.707167103631	20.8759211422128	20.5465417228939	21.0592638867368
P60604	18.3941975749983	18.3941975749983	17.7051367682655	18.3941975749983	18.3941975749983	18.3941975749983
P60660	25.0357534644383	24.7137478026337	26.2152733384675	17.9150711535118	22.2353706107479	19.5335804656258
P60709	27.4753051709572	27.0585318618558	27.5869624143277	21.1729554720984	25.5044776012379	22.3651968095578
P60842	20.7706922175483	19.2726164027689	18.9026016790248	19.7752172905792	20.4860877684236	20.4174265123608
P60866	26.4272120257996	26.5265857631776	25.5327569053193	28.2606070656461	28.7274609955473	28.6450552014869
P60891	18.2365011776479	18.2365011776479	17.4519200239878	19.1025731432585	20.2587924107597	20.4630869418603
P60903	22.6234844521964	21.9029023019137	21.9180495619378	24.0319494536738	23.2473164219181	23.7319900519459
P60953	22.1091660671941	19.9977582263333	21.632935866951	18.6378441727638	19.040406082535	18.5275287083393
P60981	20.5288508159436	20.3100519801205	19.7879864185299	22.1425483987316	22.1070451735036	22.7093893817487
P61006	22.402530158452	19.7382654229826	20.9687016262922	18.5353872884161	20.3638658302338	18.5353872884161
P61009	19.9436142253907	19.639350792125	19.0624631307863	18.8215257198195	18.8215257198195	18.8215257198195
P61011	19.9383443854261	20.1635540676206	19.64733143832	20.6978457915314	20.6704993002824	20.8620145473362
P61018	19.4379616092956	18.3370198870233	19.3434960837953	17.5136530774019	17.5136530774019	17.5136530774019
P61019	22.4338930968076	20.8122602542959	21.8876356490181	18.5196428200248	20.3356389009927	19.4813927399341
P61020	21.8197962780683	19.9652375972175	21.7941608645756	19.2886916204487	19.4660346023109	19.2886916204487
P61026	21.6282279633156	19.2775517070039	21.5156732713202	17.8488347295851	17.8488347295851	17.8488347295851
P61077	21.7866155872442	21.9807855935523	21.5579944304823	22.2400982064305	23.0048432039569	23.311801000457
P61081	19.6404054575566	19.6581456610374	18.7321631045241	21.5465375089379	19.1534365272504	21.5857930681161
P61088	21.025734308037	20.1441752764776	19.6450642951385	20.5830603983838	21.0233980712933	20.7752949337407
P61106	22.1568798217817	20.8095435006567	22.1024205866415	21.1421364466257	21.1145483876157	21.1849498682198
P61158	23.3448775611742	22.590028868931	23.3027261801602	19.1810655297322	21.1845623103869	19.4566914639252
P61160	22.2080726865731	22.1487406140331	22.3505049482334	19.1339972283518	20.440203216176	19.2384432102926
P61163	21.2644992979548	20.9712310570078	21.0016870091216	21.723279785346	22.0329857303384	21.995316845562
P61221	20.953394413896	21.5431970960608	20.1955693322139	21.8481860300336	22.399252951243	22.6911955311648
P61224	21.7698200062222	20.0540423018097	21.9255696146287	19.2611225898871	19.4125626189363	19.2611225898871
P61225	21.6135462722705	19.9580149111967	20.3313467910566	18.4039119237146	18.4039119237146	18.4039119237146
P61244	19.3037376731278	19.3037376731278	19.3037376731278	20.4584460186887	20.2834359142464	20.6279213592618
P61247	23.1975930092991	22.9981369406058	22.8267073100073	22.7452910588442	23.081908192703	23.2575028056281
P61254	23.0268837262449	22.7671494281337	22.7821156082809	21.5102826993248	21.3645129430587	21.7825796654374
P61289	20.3033020491729	20.3466460202029	19.4918419983462	21.710575647453	22.1138651621362	22.2775767655098
P61313	23.3110978733792	23.0263680739334	22.7240587460334	21.8835845030113	22.0456610614839	22.0781830589791
P61326	19.2904389538233	19.2904389538233	20.2407348044242	19.2904389538233	19.2904389538233	19.2904389538233
P61353	22.4509385488335	22.4616866311491	22.3529092507486	21.3590079543525	21.3550262973241	21.4725564315435
P61421	21.1322529465821	19.7665342599011	19.2797168506571	18.7106985426138	18.7106985426138	18.7106985426138
P61513	22.0173865301115	22.2452353967939	21.786014312345	21.5601683252728	22.4440238917529	22.6783589499297
P61586	22.8399315088439	21.4332148057183	22.4309925564646	20.4505672073857	20.8189690728531	20.6735240768741
P61604	20.9418735330376	19.7113018620961	20.8844759244841	20.9556466076845	21.6861855145064	21.3987843981806
P61619	20.5029006378654	18.7549481702683	18.2300237066568	17.7467975614958	18.9899442554612	17.7467975614958
P61758	19.8072082796346	20.1133438210866	20.5394164272128	21.3799077788379	21.8391788120478	22.2372939088899
P61769	22.0216348553755	20.9856229050874	20.3156149309407	19.217202688943	19.217202688943	19.217202688943
P61803	20.4624754200188	20.067370907818	18.9239667871149	18.9239667871149	18.9239667871149	18.9239667871149
P61812	18.9716620120753	19.7215573105383	18.0898072253892	22.5535644361544	22.5146034891195	22.683709267178
P61916	23.3553025449684	22.5010467357833	22.9552735818998	22.3081025030617	22.4713464821697	22.5427352243249
P61923	20.7310666271216	19.2790263169855	20.2023633243164	20.0608882761898	19.6989251353601	20.5764912859847
P61960	20.3961064112453	20.3961064112453	20.3961064112453	20.1911477050549	21.9155649138641	22.2023090108647
P61962	18.9654903250065	18.9407678041982	18.4752173042594	20.8478875949535	20.7773313570381	21.2675821565836
P61964	21.8475499163282	21.8302180180328	21.8302180180328	23.5297372677366	23.633870736764	24.3329570529333
P61966	19.9344128146428	19.6818790383451	19.9078605776015	20.2401346464827	19.8483278813553	20.1752679713974
P61978	21.9560559995039	22.3305563630481	21.4195307167741	23.9569686705058	23.4481552576007	24.0309527419655
P61981	21.72849155863	20.9786610032795	21.5508928337782	21.6167050188598	21.4879206744957	21.3505925021986
P62070	21.3511135675474	19.1663724263625	20.1704527000423	19.1663724263625	19.1663724263625	19.1663724263625
P62072	19.1134641440005	19.4170938610714	18.9237381130607	21.2368815716726	20.8892788064152	21.1531885168868
P62081	22.1205747933254	21.5997159332841	21.8725577270015	20.6875916978368	20.4580684929104	20.7910740852725
P62136	20.8127256413095	20.8508158676591	20.858827684096	21.6578569383945	21.852554659752	21.7763110551751
P62140	22.0438987925546	21.3057392902455	22.3840615843311	20.697772351278	20.6857453568967	21.461189702183
P62166	19.5995739099113	19.5995739099113	19.5995739099113	21.1051680173999	19.2937838930944	19.9431468899774
P62191	19.6698445642961	18.7125068363978	19.242059385803	20.2549182638321	20.2235885228705	20.5500109619516
P62195	20.4960330309233	19.6712302549713	19.9184328692556	21.1487402925118	20.9180240755978	20.8607735776193
P62241	23.3512756004087	22.6057442277731	22.6705181869466	22.2287894859405	21.899653957447	22.0804525870386
P62244	22.4640064977965	22.3414289280289	22.4969128907694	21.9509302147533	21.960422487194	22.1030703736738
P62249	24.3052532763771	23.6399887994111	23.7080898720219	23.6188467099013	23.469208234988	23.5966303828531
P62258	21.6746719650749	20.5727755302038	20.9992364870555	21.3260781705749	21.0817785807745	21.5289043246147
P62263	22.7295968543885	22.3566876899924	22.6784363616394	21.8784126566649	22.2149896669177	22.3036189081284
P62266	22.0518916673913	22.128809978077	21.4192318665806	22.5737512937183	21.9771850542799	22.6988079163784
P62269	24.0929258637521	22.6846258032281	23.1433660880864	22.7335453389249	22.8415862297177	22.6508246093278
P62273	21.5960601425496	22.1036934139853	21.318566331288	22.6906571699165	22.8343681491493	23.3984787569337
P62277	23.2879866827816	22.5053745674593	22.8448575620377	21.8497749168385	21.8391346112542	21.9148252589754
P62280	23.2794632793592	22.9243890403927	22.7120508425468	23.2111405423847	23.1047993143318	23.2457440327578
P62304	19.5674516412247	19.5179231119434	19.5674516412247	21.3387912842944	20.7315603286713	20.8291108848303
P62306	18.8949942157916	18.5810439976778	20.7489351542094	19.7527125824822	19.1834718283421	20.4222878300627
P62314	20.7455592732878	21.1387557095073	20.3399096808755	20.9855546919365	20.6747693228886	21.1625551810766
P62316	19.6188566842664	19.4897492522267	18.7292425203989	21.3338354442267	18.1780063580122	21.1068268939913
P62318	19.0121343143147	19.0121343143147	19.0121343143147	20.3874253228495	19.1960024566898	20.2576990447971
P62328	23.0907012214934	21.5967344348803	22.1173818981301	21.3372589936289	22.2160049418832	22.15486907457
P62330	21.4015140888405	19.2317460368604	20.082559068914	20.9039663251258	20.2085725911217	20.5817564592758
P62333	20.5048095621803	19.9570532791855	20.4084849228772	20.348588452314	20.8151711007295	21.3168149772118
P62424	23.6649315294604	22.8938906398455	23.2545025706821	21.9048079316472	21.8177665041923	22.0336950624233
P62633	22.7738661188801	23.0974008430522	22.4653682309074	25.2463262181923	25.1504524290063	24.7376049282027
P62699	18.9957325026435	20.0682704374097	18.9957325026435	20.5899207396673	18.9957325026435	18.9957325026435
P62701	23.8963425840297	22.7744297304287	23.0700918039653	22.3170483971255	22.2202292333541	22.4978258838708
P62745	18.5624764375671	18.5624764375671	18.1714218062849	18.5624764375671	18.5624764375671	18.5624764375671
P62750	22.4473844024686	22.0223220312606	21.9473406709199	21.095914736679	21.3541695121313	21.0961302138298
P62753	22.4406255808025	21.9845646860859	21.9674284178921	22.7216087447997	22.6774507997314	23.0088661713101
P62805	23.7264947638369	23.5335175388143	24.3147521169513	23.2141407430435	23.6791091695438	23.2640555200965
P62820	23.3573753998617	21.8460034985698	22.8522844726858	19.0976340981159	21.0978172132312	20.314297770579
P62826	21.7421747882438	21.1340244165668	20.5840190593652	22.8514586000372	23.0445549024174	23.1542274324076
P62829	24.1565552710796	23.3445005396392	23.8212805010732	23.0756982112309	23.0331010153001	23.6265060616052
P62834	21.6769890883619	20.4734953467567	20.8948841505614	17.6213031205013	18.354711935912	18.1750238897332
P62841	22.3569156739337	22.0339663521647	21.7086336032452	21.3075029337992	21.4785607171081	21.4910613055248
P62847	21.9723250163979	20.933365769496	21.5843812769703	20.1931111956686	20.8013801554781	20.730136202299
P62851	23.7799705559011	24.2020264501467	23.9282093867998	23.6528042593702	23.3220904972228	24.1165108666211
P62854	24.119346460375	23.3723090449646	23.4552048249626	23.6058873348373	23.4845546588282	23.1600919793564
P62857	22.5643790639454	22.8578982193087	21.4373971814225	23.8485132997571	24.0399999635101	24.7644065626436
P62861	21.8940195099856	22.0718808150438	21.5912239191239	21.3338292676523	21.7924982539129	21.3139296250507
P62873	21.6538510811606	20.622466343191	20.7009373540149	17.4065666580017	17.4065666580017	17.4065666580017
P62877	20.3915641604765	20.7943602113623	19.9077348269555	22.6216977419427	22.1810164655863	22.8201279349261
P62879	22.8684331277664	21.688232420916	22.6364108528707	18.6864682503489	19.9368427344463	19.1917302551629
P62888	24.1870316840323	25.1181696519732	23.180319626284	27.2896409492514	27.0298858399921	27.1988909534953
P62899	23.2077142815064	22.6338434038666	22.5643450242522	21.9792597150117	21.1339241288587	22.1208465046484
P62906	22.9265413518732	22.1435419879525	22.4400345549332	21.0757863684831	21.4378964621667	20.8150351672369
P62910	21.6936924223795	20.8773195702012	21.0556586705813	21.0774809242795	20.9956306978185	21.243531916851
P62913	22.9714238981248	23.2307059146116	22.1855154965051	24.6066272154044	25.2754624746762	25.2954710154374
P62917	23.581713868417	22.9319351152479	23.0626675805753	22.2451940969682	21.9178502596232	22.297822554561
P62937	22.7162852052789	22.4726123233591	21.9649917213545	22.590357391358	23.0447047088752	22.9308286971822
P62942	20.5016512966281	20.4608907146662	19.7341366986213	21.2108720981561	20.7539736376308	20.4683751766388
P62979	22.3598411140597	22.2342628045192	21.541290843206	23.2221275784444	22.3979533171228	22.4760336931292
P62987	20.021465332243	22.0776125138272	19.9936423158963	22.6746395413939	23.0301484677252	20.6567098981368
P62993	20.6921046785562	21.638570044241	20.5165217301689	22.739946525031	22.9797290825353	22.967925135969
P63000	22.9140949223955	21.539982148612	22.299891492259	20.0521326074562	20.5445111346116	21.3208977935396
P63010	21.9327730223624	20.6835687909992	20.7752674825895	17.508621139363	19.3530520803951	18.5446126539684
P63027	22.0451361358761	21.1378030207267	21.4943451757106	19.4160594309097	19.4160594309097	19.4160594309097
P63096	20.4035769040216	18.8742360438748	20.9647930862201	18.1086703540359	18.1086703540359	18.1086703540359
P63104	23.305885905668	22.0365040923277	22.8012914345141	22.4411268373824	22.5172086878771	22.8180248126239
P63151	20.7598013619135	20.747926903332	19.6981462051879	22.6256883256101	22.7455211234808	22.828571930884
P63165	19.44854346504	21.0417791039275	19.44854346504	21.8980107662883	21.7402672836335	22.2074248157026
P63167	22.0409586778231	22.0905198249703	20.7893388687636	22.8662302527315	22.5889121662158	23.0056683189636
P63172	20.198862175483	21.0291583618396	20.3040941099447	20.198862175483	21.2772113658877	20.9098390771101
P63173	23.1664145971485	22.3205689530756	23.3393641268677	23.7053246701196	24.4312380567276	24.1827649509668
P63208	21.7108755542135	21.5319434810144	21.4337820692124	22.2817192616865	23.2515024482853	22.6918838954602
P63218	23.0167496799532	21.8710632645258	22.3300183173865	19.8423875567339	19.8423875567339	19.8423875567339
P63220	20.3922311672397	21.0943262453006	20.0698724512893	22.6803086626824	22.9903767218776	23.0486218919868
P63241	20.7873347450179	20.8062877888647	20.1652152024334	21.785950707336	21.6156985113847	21.5832864155242
P63244	20.7571782167642	21.0681256840501	20.0415710005557	22.6544071391371	22.7881396541352	23.1961658477706
P63261	29.4174337976142	28.3581947434165	29.4521810268434	23.9980030367844	27.4956198322065	24.8907038681843
P63279	20.3178873670076	19.8238708959115	19.4022517111359	21.5836819341128	21.0165142125091	21.8348968261473
P67775	20.3736397699092	20.7744825676649	20.4524831201732	21.4512148468884	21.6067642366622	21.868179123443
P67809	22.5084415486295	22.6663227879191	22.7142963962226	21.5097564562672	22.2431750963188	21.7905903436019
P67870	20.0994179520204	19.8703477975507	19.6046253891566	21.4059454633242	21.0823376230554	21.7380299814497
P68032	23.8273295312579	23.1209723038399	23.8186312189349	19.3299516045212	22.3099737345065	19.7581693413644
P68036	20.4736620710088	20.808164174207	20.2943661656789	21.7096140556503	21.0690673901282	21.5888427604155
P68104	23.6727994348956	23.2144444031751	22.7424455567992	23.9813434064289	24.9215380777491	24.6099786524232
P68363	26.6286926676441	26.1281187105697	26.4415272013108	24.4131233322232	25.5943585176203	25.1372670510848
P68366	21.7971613131004	20.0920874017539	20.4302894355995	19.303553473684	20.1769226258097	20.191087235124
P69849	19.7208006409935	19.5101205549828	18.6750095687122	18.6750095687122	18.6750095687122	18.6750095687122
P78310	20.4351735803645	18.0509244541395	19.5446907420165	18.0509244541395	18.0509244541395	18.0509244541395
P78314	18.7659289459481	18.6304731228705	18.7659289459481	19.9975220612327	20.595266288972	19.9446359790454
P78316	18.2942832745195	19.4124210451916	18.1101690745909	19.878049726473	19.7319551261448	19.9062742513612
P78318	18.8451520654472	19.0951579623174	18.7151146097908	18.8451520654472	18.8451520654472	18.8451520654472
P78324	19.8207314794932	19.0420322870375	18.7467318533287	19.0420322870375	19.0420322870375	19.0420322870375
P78332	18.2318840273732	18.2318840273732	18.2318840273732	20.2690762158914	20.1526146339565	20.4014692065069
P78344	19.3716326249878	18.0279960508208	19.6821283894889	19.8787831158491	18.0279960508208	19.8989542561376
P78345	19.1999975902219	18.7476880001236	19.0397354152802	20.7359081007335	20.4580542960766	21.0667127692054
P78346	17.8298054102033	18.8580644621241	17.2083871723213	21.0678014558218	20.1713086028888	20.9650128865572
P78347	19.6987329688267	20.1041169194576	19.450523027979	21.3830032785306	21.2208231406598	21.7346039809855
P78356	18.9237937626653	18.9237937626653	18.9237937626653	20.6713990787171	20.1461864939173	20.7175395067957
P78362	18.9392577484679	19.0268532521153	19.4277742288294	18.7919855745163	18.7919855745163	19.8795865137483
P78364	19.1412517799758	19.1412517799758	19.1412517799758	20.4461985350567	20.8670063795371	19.1412517799758
P78371	20.9906407962152	20.0270394963678	20.330572886178	21.4999006390048	21.9207379331359	21.8910762516581
P78406	20.3880100705108	20.1121816774606	19.5746499208991	21.2943435692374	21.2114658853164	21.7519832224668
P78524	18.4368235036818	18.4368235036818	19.685992479212	18.4368235036818	18.4368235036818	18.4368235036818
P78527	20.3698520426124	20.520311135708	19.6327158499247	22.9211983499518	23.4267927997998	23.7264843781795
P78536	19.2463673887336	18.3045445414829	18.3045445414829	18.3045445414829	18.3045445414829	18.3045445414829
P78537	19.9620058570104	18.1983077490315	19.6801220357145	18.718183415459	18.718183415459	18.9750932221142
P78539	17.1031841029308	17.1031841029308	17.7287466197907	20.9353346167511	21.0278060745284	21.1212947934865
P78549	17.8305609300261	18.079636844022	18.0935928634192	20.3814920259425	20.5853783528403	21.2046225920726
P80294	20.3667616081363	19.333877900029	19.333877900029	19.333877900029	19.333877900029	19.333877900029
P80303	20.3306684998862	19.8107228125412	19.1206593652782	18.9176794037099	18.9176794037099	18.9176794037099
P81605	22.1476750589974	22.1799328334419	21.5068044764693	22.7637710249282	23.368043680303	23.6769887107879
P82650	18.9085910140107	18.9085910140107	18.9085910140107	20.1320997775484	20.0944609298555	18.9085910140107
P82912	18.8867330021069	18.6483645916223	17.672072699252	21.5700711448583	21.727711598874	21.5548110052194
P82914	18.6630600033168	18.6630600033168	18.6630600033168	20.4430799685428	18.6630600033168	18.6630600033168
P82921	19.3430025780342	19.2867101988895	18.5061052290555	20.9421596117232	20.7950579514151	20.7649612709792
P82932	19.2971537229644	19.0601878181263	19.5064220563367	20.9295157715103	20.9303082416525	21.3356939498662
P82979	19.650464520345	19.4493009207738	19.4493009207738	21.0273286738477	19.9335062492115	21.0537179388484
P83731	23.7147934378116	22.6973380096559	22.9601380344017	22.5196963997888	22.5617919120219	22.6364457916675
P83916	18.9358705466821	18.9992736302015	18.9526203114075	20.0730611947649	18.9992736302015	20.7083754747127
P84022	19.5572583026342	19.5539673932396	18.3173915712582	20.5483290894064	20.5515165970087	21.1355980205646
P84077	22.4215455957195	21.1058116854147	22.3734784294695	21.5631510511471	22.2206816502401	22.0184156282825
P84085	21.2982040392715	20.7282566646845	20.1927412663155	22.3839890341533	21.8258954110747	22.5931051307523
P84090	22.3878323183425	22.3632576575043	21.7722418604956	22.8352911589899	23.2775166374651	23.3174339135247
P84095	20.9308200814361	19.9447405928358	20.1592154054739	20.4783528318854	20.5872864646823	20.7440914315944
P84098	22.8531770414719	21.8891577713261	22.3463179790703	23.3810551542717	23.8281421830024	23.623503846383
P84103	21.8379788360461	22.2101688997804	21.0924713438812	24.4153608975778	24.615325318426	24.5864213900385
P84157	20.3135408715753	21.8135568665413	21.7681941539183	20.3135408715753	20.3135408715753	20.3135408715753
P85037	19.3770334950893	20.1261050748937	19.4892273261664	21.886571367377	21.9326270130995	22.1942756280034
P98082	20.5977275981823	19.3055307823878	20.1920842104559	19.0470711586588	16.9734456205651	16.9734456205651
P98160	19.3057370224803	19.276408260373	18.8554123089248	18.748010662021	19.8622235999466	19.0034256922656
P98172	19.5091393111082	18.1864800693304	19.0473758065042	18.3745700916538	19.8610748902536	18.3745700916538
Q00013	19.6509459727314	19.6509459727314	19.6509459727314	20.4034645048268	19.5872946038903	20.6052070540662
Q00059	19.0846805006169	18.0535453327874	20.1963115063528	18.0535453327874	18.6285420193647	18.0535453327874
Q00325	19.2720283637844	18.9041004691861	19.0807058283351	19.3055102668329	21.3892110640822	19.0084929936934
Q00341	20.213961446753	19.6479885215597	19.190872865714	21.0171759455134	20.9756830355828	21.7215123422053
Q00534	17.9955549334268	18.1929977752237	17.9955549334268	18.9723646566807	17.9955549334268	20.1831788050504
Q00537	19.66761491229	18.6991619761105	18.708007709641	20.554984322084	20.2361621266689	20.3877793645942
Q00587	20.2405834689171	19.2679086724302	19.9956457396836	21.0047441477168	20.7679917137914	20.9612510541614
Q00610	23.167702661067	22.3226033665351	23.1113398229738	18.3740654842979	20.550563444292	19.1096296171669
Q00613	20.1367087534697	20.1367087534697	20.1367087534697	20.8549383667655	21.0616876791286	21.0942050504231
Q00653	20.4789485961799	20.6564700633902	19.7217265469257	21.4183867768209	21.9688462308417	21.9466657008476
Q00688	19.3636817523865	18.3940376876838	19.0916025804454	20.2361634238081	18.3940376876838	19.7771134483799
Q00796	18.579250669082	17.7545598837366	18.579250669082	19.7624316886864	20.4187780163185	19.9255930040471
Q00839	21.0234039186862	21.0737661461835	20.9600747833592	22.4526016611257	22.9035203811313	22.6179474305115
Q01082	21.5626097551178	21.0897789682231	21.1403329780379	19.5632821110856	20.1562158110055	20.0020255415921
Q01105	20.8347309468105	20.4732897584212	20.7330126959405	21.7843736885199	21.3701226315915	22.3432725801492
Q01130	21.0257053548739	19.878574920769	20.2942045679845	19.9504258667529	19.9504258667529	20.8338754496163
Q01167	18.6193686451605	18.6193686451605	18.6193686451605	20.0346479743387	19.3923265126083	20.0691921792573
Q01196	18.5873978498841	18.5873978498841	18.6502757116185	20.4603940925561	20.2266895654989	20.5794270810791
Q01201	18.7006086409884	18.7430534218688	17.6046010451322	20.1859174429501	20.4575411773881	20.7040462651373
Q01433	21.3779480430307	21.3312251915622	20.477415019616	21.3481841744043	22.2642431626278	22.0580942304052
Q01469	20.1478385709272	19.6918505461271	18.1846959517997	19.933644407024	19.4485915350082	20.5671812202934
Q01518	21.3112753976961	19.1384663614628	20.1416689915893	17.8431574533557	20.2033442649037	20.399385675282
Q01581	18.7672025855964	18.8034442831641	17.6215596969593	20.7267710335937	20.7283891849958	21.1661571014879
Q01650	21.2046377607145	19.5066848444098	20.2375971376747	18.473615261075	18.473615261075	18.473615261075
Q01658	19.4716893996228	19.646576928661	18.4576709836789	20.9026121302951	19.2666005182414	21.2046377210267
Q01780	18.8192636576034	18.792011965241	19.0554670031497	21.2793711626373	20.9564063610977	21.573673239678
Q01804	18.7514503262514	18.8437604046743	17.9265625778493	20.0869025747983	20.2208350229593	20.5303436495027
Q01813	18.0134113692853	18.6301967352784	16.970581569178	21.5261328088023	21.6184887654726	21.6500805460091
Q01831	19.6072515094705	19.6072515094705	19.6072515094705	20.0898506446472	20.1195446192285	20.1706243844941
Q01844	19.2972085643788	19.2997596759528	18.9185226333241	22.5722850856708	22.9382478796182	23.0494813381914
Q01970	18.7586946997715	18.9592937194464	18.0833212567605	20.4355884525653	20.1975367456072	20.7503447926096
Q02086	18.9860151388439	18.9860151388439	18.9860151388439	20.1229512922524	21.1622452127856	20.5141389594453
Q02241	20.079500730828	19.5868292865246	19.5594991287946	21.3333238339828	21.4201813129276	21.3952923610945
Q02252	18.2927340768382	18.2927340768382	18.2927340768382	18.2927340768382	19.8489357549358	19.376992339395
Q02383	18.0970745418318	19.7454621351528	18.0970745418318	18.5556305526489	19.9524619225475	21.4843371107426
Q02413	20.8966143836352	19.2584446959147	19.3394237132723	19.9057824476628	19.3394237132723	20.8116865131061
Q02446	18.9311990338341	19.4680553691338	18.9311990338341	20.5393743726323	21.221998480361	21.579617177124
Q02539	21.62883250075	21.1970708564452	20.5718755085274	21.0560441471622	21.0051769961287	19.3613513347658
Q02543	22.0051956900707	21.7059589217452	21.0782453487531	19.8612127299769	20.1141949453806	19.7415979304294
Q02750	19.6898835571609	18.3003891006402	18.4559529188261	19.5020895568324	18.4559529188261	19.6611838850282
Q02790	20.5513341917931	18.7267639886193	19.5189802294226	18.6747181689951	18.6747181689951	19.770824364399
Q02809	19.9509660335401	18.9721905377672	19.2772647222964	20.1593169250306	19.9431914318114	20.1671724789065
Q02878	23.6495527113242	22.8484924905512	22.8307354199427	21.8438554768453	21.7820379837042	21.77441042617
Q02880	18.7285910186725	18.6539985038509	18.5889045955141	20.8125885581873	20.8853363284719	21.3141424947188
Q02930	20.2594677316812	20.2594677316812	20.2594677316812	21.2462772879794	20.7364087096312	21.6418985569776
Q02952	20.1147011362749	19.2890827772957	19.2176986510804	21.1033851794567	21.2262490870509	21.5681576895028
Q03001	19.6120849615746	19.1987598877271	18.9526885693242	20.3626322528718	20.3940957894343	20.6135108700212
Q03113	18.7719069599869	18.6461640169761	18.5641687104984	20.425885335281	20.5368574190771	20.6479940435329
Q03135	22.6192185497105	21.0611603188632	21.4772548990064	19.4952279878614	19.4952279878614	19.4952279878614
Q03164	18.9575890047111	18.9575890047111	18.9575890047111	19.9362351867041	18.9575890047111	20.5142141725037
Q03169	18.0754905239286	18.0754905239286	18.0754905239286	18.9441062729924	20.1509239544032	19.0370695316762
Q03188	18.4019606938366	18.9722656572906	18.4019606938366	21.6190767554779	21.7100223950973	22.0974660147918
Q03252	18.0651463587854	18.0651463587854	18.4066177643238	18.0651463587854	18.0651463587854	18.0651463587854
Q03405	19.8090369775784	18.9069236394409	19.8096406567698	20.859673354852	20.1087054849076	21.2681148063098
Q03426	18.7068114140504	18.7068114140504	18.7068114140504	18.7068114140504	18.7068114140504	20.6512906959905
Q03518	20.0327692948744	18.3090792483175	19.4110179830309	18.3090792483175	18.3090792483175	18.3090792483175
Q04206	19.6899431849884	19.506233157863	18.6541519240434	20.4959036765414	21.2329031035417	21.2711833487798
Q04323	20.3290937428244	20.3807697841658	19.5336518667671	21.8764006651967	21.4600696908108	22.1478818338561
Q04446	19.0203312223085	19.0203312223085	19.0203312223085	20.4437267357354	20.2985996554016	19.0203312223085
Q04637	19.9718009501802	19.2224060604436	18.8973306658642	20.1679135616149	19.745432873232	20.6306370687875
Q04656	19.4048488638908	18.627781170265	18.7783106243432	20.0838949209616	20.1788235857364	20.3772895340806
Q04721	19.2648692051855	19.6317748479845	18.5788329589323	21.3923097145873	20.7002202824855	21.4065122755378
Q04759	20.1655419407163	19.1638626629639	19.6783092448911	18.4920603912329	18.4920603912329	18.4920603912329
Q04864	18.8200021335936	19.1215252983974	18.8200021335936	18.8200021335936	19.5538091909762	19.9679485155169
Q04917	20.4397646491678	20.3906796228697	20.1214326876562	21.0920486551406	20.8054848081336	20.9602797155585
Q04941	20.9729730479831	19.4957663064251	21.5906152791165	19.3828173526835	19.3828173526835	19.3828173526835
Q05048	18.8472527057227	19.5917586480745	18.8472527057227	20.377238952537	20.7770692404089	21.1587586368093
Q05086	19.2488890163705	19.3051277637516	17.4655780769824	20.9389963437287	21.1857845173805	21.421764312136
Q05209	19.9999033226823	20.4145055190374	19.2919783644809	21.3002322046101	21.2624998648196	21.5717332367635
Q05397	16.987680803601	16.987680803601	18.8719122392222	20.3763649702637	20.860947007704	20.853317540721
Q05519	19.0568164707556	18.9975032529108	19.6856708502419	20.2269123952758	20.6540253355437	21.2038319659147
Q05639	19.0617050869647	19.2450036598301	19.2450036598301	19.2450036598301	20.2925351754852	19.2450036598301
Q05655	20.7742330612496	19.1587046261647	19.8798393443294	16.9800997300103	18.504567953045	18.0487559987648
Q05682	21.5431140059879	21.5417570987144	21.7648266431099	22.2789156700108	23.153553521124	22.8288824610268
Q06124	20.6807657936631	20.8327666172892	19.5016334471679	21.5034080140103	21.6551006416432	21.6724156437016
Q06136	20.1557743010875	19.0722659073011	18.5284941905195	19.0722659073011	19.0722659073011	19.0722659073011
Q06203	19.2803728076402	19.5304262131002	17.7716096910391	20.0425599738294	20.6502070916541	20.4664448854067
Q06210	20.828547172953	20.5695523725669	20.0677960669651	21.7514989368275	22.7527044302884	22.4903653602978
Q06265	18.8039014778453	18.9945239151124	18.6991163097189	20.6776356581257	20.7724638205004	21.4282175522034
Q06323	21.8763041889037	21.7483950038547	21.3544965391442	21.691165145725	22.762174807822	22.8934560633749
Q06330	19.4826067382174	19.7896921088378	19.1778544960703	22.1767127832509	21.7789105447564	22.6312049493097
Q06481	19.1510906160423	19.1510906160423	19.1510906160423	20.0387353793209	20.1277630381769	20.3342073008071
Q06546	18.4797569885474	18.4797569885474	18.4797569885474	20.3665300024313	20.1815016623732	20.0414890346856
Q06587	18.8696730441279	18.8696730441279	18.8696730441279	20.0991991025723	18.8696730441279	22.2252551254949
Q06787	20.0330138359842	19.0745942979709	19.5737942468948	19.7735678084401	19.7534233184659	19.0745942979709
Q06830	22.4298133578867	22.4498855489385	21.8192833772188	26.0489942063281	26.0315175884298	26.2079080719991
Q07002	18.0829800651739	20.1070669086272	18.0829800651739	20.812645566704	20.0399806451815	20.2840718644082
Q07020	23.605740207268	22.8377613420978	22.9716364139166	22.1638425029262	22.1023570388989	22.4061296845103
Q07021	18.9139378095281	19.2307799608714	20.0132992899642	21.1527473397152	21.2072602276179	20.7358843845576
Q07065	21.588544879976	20.0442105073951	20.5638890329373	16.1609630731963	19.1778990601583	16.1609630731963
Q07157	19.9590964422009	19.5154413907894	18.798121971798	20.5993750697768	20.5530630165658	21.1328570223138
Q07352	19.8884241593551	19.6607484323076	19.2210794682517	20.7961047056913	21.5609767192324	21.4372159048675
Q07666	21.4246710527557	20.7446437396976	20.540641785579	23.2141463110138	23.4975333775285	23.4572179346926
Q07812	21.1769776338313	21.7835252948296	21.0687047215765	22.4889180434084	22.5505877779209	22.9906566057235
Q07817	19.550405719982	19.3847853816874	20.3491121612742	19.3847853816874	19.3847853816874	19.3847853816874
Q07866	19.5855887723119	19.3935635223287	18.092404038102	20.6169495692695	20.3533504870433	21.1773431228856
Q07954	20.3070786169119	19.81835030548	19.673363842264	19.5079236514315	19.4938144313587	19.7013462713585
Q08209	19.9921346049123	19.9536031105224	18.8946505485366	21.7224761881449	21.069928070042	21.5087396902357
Q08211	20.713624380338	20.4853395437405	20.4495484022706	20.5201417337435	20.4978542722637	20.5255249121097
Q08378	18.6757878205178	18.891685348424	18.0092169753546	20.4234568921922	19.3044217039054	20.4575221021061
Q08380	19.1354102459332	19.1354102459332	19.1354102459332	21.1947309989374	20.5369391841087	21.1626186690376
Q08431	19.4259473079868	18.2311688245591	19.137031270474	17.4456859732177	17.4456859732177	17.4456859732177
Q08495	18.4358383371707	18.4358383371707	18.4358383371707	18.4358383371707	18.4358383371707	19.6520155210912
Q08554	20.2486732320685	20.347208302276	18.9196341254721	20.6159273616673	20.0607193498652	18.7603065848614
Q08722	21.1590611615866	20.8576834255833	20.9859809427123	19.1670173587608	19.1670173587608	19.1670173587608
Q08945	19.0293091435191	18.1798636459473	18.8930385183089	19.139040425778	18.6415730963497	19.342742838223
Q08AD1	18.665679664129	18.665679664129	18.665679664129	18.665679664129	19.4377707018471	19.6891638810707
Q08AE8	19.6245542306793	18.2017692590653	19.1742508204423	18.2017692590653	18.2017692590653	18.2017692590653
Q08AF3	19.8875741994369	20.2243889589378	19.2110267582672	21.5436483385872	21.36990486821	21.2771240021476
Q08AM6	20.1553050103717	19.3988606504866	18.2309563400796	20.426314087435	20.1223489138365	20.3992849812779
Q08J23	18.7251747311118	18.1762538288674	17.8953318732374	20.9026233089023	20.6476483679651	21.3025585168224
Q09028	19.4538733135648	20.0370746555532	20.2746925696573	22.0122602114391	22.4544327660122	22.8162431496991
Q09161	19.0200439995984	19.3408750091233	18.3133257408809	21.4209584112985	21.0604733231042	21.886561661326
Q09472	16.9431115445035	17.9269147574118	16.9431115445035	20.1247703028415	20.1774152861873	20.6215036139083
Q09666	20.5021334648681	19.8011449604981	20.1824816381872	21.0390206472843	21.3511634343329	21.9038270447676
Q0PNE2	19.1445159685675	19.1445159685675	19.1445159685675	19.1445159685675	19.8194409232583	19.1445159685675
Q0VDF9	18.7606509228846	19.169841890738	18.7606509228846	18.7606509228846	18.7606509228846	20.4031897358106
Q0VGL1	21.775527838074	21.2820493251241	21.0192502092226	20.3497785305961	20.3497785305961	20.3497785305961
Q0ZGT2	22.0284840764313	21.4324485397804	21.723223417069	15.8652672583193	20.0953564149006	16.8520800902314
Q10567	18.9780670281286	18.9780670281286	19.3427306631632	18.9780670281286	18.9780670281286	18.9780670281286
Q10570	18.9567026244049	18.7300394195628	17.8133546046003	20.2781151598665	20.1588311558109	20.6405191108554
Q10713	19.8926641472732	19.4367440076108	18.7456718305659	21.3483245325965	21.0984579438763	20.7025516851792
Q12765	19.2165594350235	18.2921041858691	18.388576681846	18.2921041858691	18.2921041858691	18.2921041858691
Q12769	18.6220122543494	17.9007169140408	17.0346397917765	21.0350422998929	20.4236351229585	20.4194665359475
Q12778	19.2935228769457	19.6351649618592	19.2935228769457	19.2935228769457	20.9029169345538	20.8213247365185
Q12788	17.8720697051599	18.6130742768958	18.1547832918902	20.7226749366362	20.2456005710829	20.7103821540519
Q12789	18.8562526274705	18.6449950363664	18.3516652733568	20.5351656322189	20.5141409907348	20.7744484162659
Q12792	19.7018877184275	19.5394179390225	19.402162893911	20.4034900212237	20.2440117620246	20.587642580662
Q12797	20.8861450929106	19.6866803752586	19.6310709496268	18.1119056651948	18.1119056651948	18.1119056651948
Q12800	19.1891446100918	19.463935877664	19.0727961665527	20.8128796244235	20.5028722507947	20.667151837996
Q12802	17.5718620911769	19.2044533571761	18.9993814231319	19.4814550047484	19.2593021179108	19.7661675702225
Q12805	18.567104783925	18.567104783925	18.567104783925	19.6832536096199	20.6270534725865	20.8078759319096
Q12824	19.6032298585764	19.606999629186	19.2129986385795	21.3328896759401	21.834806655326	22.0701173454996
Q12834	19.1177680850109	19.4220486665646	18.8983772767397	21.7054849847513	21.7681254520981	22.3933713173641
Q12841	19.4003567950831	19.3941202922039	17.8506045091618	22.8435462230137	22.6466484981193	23.0076170331863
Q12846	21.5204062635107	19.5384073291632	20.3482911616559	18.3193078146781	18.3193078146781	18.3193078146781
Q12857	19.2075718985696	19.2075718985696	19.2075718985696	21.1947871378805	20.7791700610523	21.2839860862454
Q12872	18.499056499796	18.499056499796	18.499056499796	18.499056499796	19.5432099193073	20.7335647344407
Q12874	19.716367248814	18.7335061510973	19.0315980676554	20.5285948736351	20.2067553818021	20.8920385256272
Q12888	19.4978727044146	19.6439797499287	18.7024443708512	21.433606471712	21.4757290787106	21.6971756609805
Q12904	20.8788336032631	20.817040082749	20.3346845426115	21.5460007404195	21.6031273317243	22.0629774743816
Q12905	20.589775968574	20.3470069659015	20.2662465886828	19.9403118184322	20.9839980375097	20.7613079639786
Q12906	20.9961993844098	20.1656476910811	20.6646159064656	20.8272639796271	20.5870187236256	20.6712789071603
Q12907	20.4341773015831	20.108175078268	19.9657129551634	17.7960690322656	17.7960690322656	17.7960690322656
Q12931	19.8711525363422	19.1281940220377	18.7705050273438	20.9458463201623	20.9427361152511	21.2017393596602
Q12933	19.45087462585	19.3492055397119	17.5048629765855	20.4341279833149	20.5951409785629	21.0374564698071
Q12948	19.1424312146299	18.2703671965554	19.1424312146299	19.1424312146299	19.8616592391285	19.9662801762989
Q12955	19.389917972849	18.5660688703985	18.9615408349628	18.5660688703985	20.2062337382931	21.7400812280768
Q12959	18.9519566813429	19.1231058124519	18.5346355912871	21.2075313737533	21.0591407246214	20.9893584948457
Q12962	20.0576328875703	19.7847528781033	19.6199946784889	21.5524354905652	22.2207232818654	22.6146397297255
Q12965	22.3789083467761	21.3252964744353	22.1382376679452	15.3408156300577	19.378025111771	15.3408156300577
Q12968	18.4733717483128	18.4733717483128	18.4733717483128	18.4733717483128	19.7836623491237	18.4733717483128
Q12986	18.9136805781857	18.8646468658329	18.4054260012801	20.9143537462571	20.91523765218	20.8810041681203
Q12996	18.286921317995	18.65675020317	18.1692246794986	19.9436359227429	20.1496469844838	20.6718273202974
Q13009	19.4929014916384	19.4929014916384	19.4929014916384	21.1568715541106	20.8246914594375	20.4921726238472
Q13033	19.4404031802402	19.4264621318254	18.9075311353044	20.3594049616061	20.1730740752096	20.4990636035513
Q13043	19.7929629728422	18.7063631718946	19.2764438379811	18.6583250795517	18.6583250795517	18.6583250795517
Q13045	21.4330562310552	21.0398317138336	21.9433706154894	17.9571900836432	19.2478956157246	18.6270371548061
Q13049	19.0427258544501	18.7542180392444	19.0427258544501	19.8128710367835	19.7818599924787	20.6029412971201
Q13057	19.529459843239	20.1346795434543	19.3979880131535	20.9624042064375	21.825311731415	21.8858005340374
Q13085	18.4195592563185	18.2606899633674	16.7280518472461	19.6491943891822	20.248439862594	20.3205057773936
Q13098	19.2915394663167	19.2697097143352	19.0904558176766	20.4668511694952	19.2915394663167	19.2915394663167
Q13107	18.4080480595841	19.2106200110778	18.3872069330139	20.2805527428543	20.1640805225606	20.6387633754892
Q13111	19.6530922476894	19.6530922476894	19.6530922476894	20.4162848640895	19.8327944853933	20.3575004492366
Q13114	18.9096189604376	18.9096189604376	18.9096189604376	20.169937325141	20.4315402818993	20.785958541037
Q13118	18.3035636459008	18.3035636459008	18.3035636459008	20.4388383674276	21.1466135839122	21.3127279984908
Q13123	20.7151698391677	19.5025323272948	19.5025323272948	19.7414118942159	21.9793832480054	22.2592075613083
Q13126	20.2463124686758	19.4695906443714	19.3956977174202	20.485909683808	20.7078718770533	21.0828258002429
Q13127	18.7280690074693	18.7280690074693	18.7280690074693	20.2224598810591	19.8450015268469	20.1967990197518
Q13131	20.0437314821758	19.2784741867805	19.0669316319912	21.554751545164	20.9796138581291	21.4342346227945
Q13136	19.1635583388305	19.1635583388305	19.1635583388305	19.1635583388305	19.1635583388305	19.874246290538
Q13144	18.7610973393285	19.5036898788089	18.1922509638688	20.5752902063311	20.4019044527896	20.4103448289962
Q13148	21.4940218102119	21.1622968656805	20.8127964787309	22.0981416453677	22.8716415403718	23.2144818125587
Q13151	21.2386153444606	20.8123106921602	20.3445148931383	20.7808432031014	21.0814632793282	20.1714659077511
Q13155	20.3643706660149	20.5760994296277	19.6831838253656	21.1462775087533	21.4365643192996	21.8658876379975
Q13162	19.163958532486	19.163958532486	19.163958532486	21.3945655345843	20.2182949654682	21.3449547838827
Q13185	20.175298073869	20.5964719421838	19.6623325617772	22.6929053730035	22.728389932631	23.1117129769593
Q13190	19.052752847049	19.052752847049	19.052752847049	20.4852170864846	19.052752847049	20.5226258389593
Q13200	20.8363597125835	19.7754798690611	20.3626984972385	19.8128897383815	20.2797975176595	20.5534138169755
Q13206	18.4691989470523	18.4691989470523	17.9123802993228	18.4691989470523	18.4691989470523	18.4691989470523
Q13263	20.0626272939323	20.0883679510297	19.1478925782421	22.9712341415576	23.2985792693892	23.3519787142048
Q13268	21.9876359605592	20.3631893811731	21.2909554219885	17.9413607680321	17.9413607680321	17.9413607680321
Q13277	22.3528163893446	20.5591025455254	21.6537815838015	19.0502181914894	19.0502181914894	19.0502181914894
Q13283	20.5172965223591	19.8313568811398	19.8825584542247	19.9588162858436	20.2367871063954	20.8613146567143
Q13308	20.4487192076407	18.9040161553585	20.003421111867	20.3185065225755	19.1611493141275	20.7517456939812
Q13310	19.93707068223	19.8119839401027	19.23203822719	20.8214651959345	20.4953192766132	20.8462022493947
Q13315	18.5860829312364	18.8819956281792	18.1253773732301	20.6342702159363	21.0652639041813	21.3356038189355
Q13322	19.1334230386218	19.377796750541	17.9455820851484	20.0330013416186	20.1578553915508	20.6611656120153
Q13330	19.7968848382131	19.7968848382131	19.7968848382131	20.6637066439284	20.0754246827543	20.5797265626345
Q13336	19.7206046457451	18.4538787771004	18.4538787771004	18.4538787771004	18.4538787771004	18.4538787771004
Q13347	20.6466987745285	19.2501362006828	19.6976442941322	20.0232358488369	20.2424679318086	20.4430969063472
Q13356	19.668012343638	20.070877333138	19.3643084195041	21.8108480479425	21.417274148135	21.9871830380243
Q13363	19.3881912998878	19.4392548148692	19.4823472695894	21.2493305504008	21.3831788297878	21.850388419779
Q13393	21.0850144793145	19.8401477248873	20.553687229279	16.5797557738697	16.5797557738697	16.5797557738697
Q13404	19.8308964776923	19.7999168466028	18.3085612357376	18.3323908264645	18.8728272939073	19.5361318217301
Q13409	20.1594308058621	20.0273541922887	20.1481139156409	20.8544529132175	20.1912352341147	20.9756855116916
Q13415	17.9443408897575	19.5837932857555	17.6468620195467	21.0443820340204	21.4347799860387	21.5804939509739
Q13416	18.3698459510064	18.3698459510064	18.3698459510064	20.0334320598012	19.5475200916099	20.160870364887
Q13418	18.5217996943337	19.25640089651	17.2414345976572	20.3372890241754	19.8876972035852	20.211169119639
Q13425	18.5490547691908	18.5097897314485	18.5490547691908	20.2557471040989	20.2965724505993	20.5932671026208
Q13428	19.5471760072448	19.887195545176	19.373307445664	21.8877479266284	21.7045259603803	22.1186704864495
Q13435	19.7459828718133	19.3583764908678	19.4539050250403	21.1474145788088	20.6683197207003	21.4255655487333
Q13442	20.0698307216983	19.0800760838522	20.621744467626	19.0800760838522	20.3909233547015	20.472020638615
Q13443	20.6527442980557	19.6903053024723	19.7147802965726	20.4812258257518	20.1791163953126	20.7079509946185
Q13449	18.7537429275855	17.6594719811757	18.9078197557321	17.6594719811757	17.6594719811757	17.6594719811757
Q13459	18.6404495106177	17.3972652497952	19.1567102547948	17.3972652497952	20.1420833518815	17.3972652497952
Q13464	19.8606724174913	20.0956114202044	19.06505433389	21.6232361818388	21.5527028233956	21.7732251468415
Q13485	18.733565876604	18.733565876604	18.733565876604	18.733565876604	19.6344074579479	19.8292721686195
Q13488	20.3201042942129	18.7567717828361	19.4464113764583	17.9371551295828	17.9371551295828	17.9371551295828
Q13492	20.1505822527716	19.0958424508436	20.2860531927653	19.6363215041335	20.4249440695248	20.7210678878419
Q13501	20.2272939797531	19.738904201677	19.6798964842678	20.4030140476638	19.8657497242941	20.3130002876074
Q13506	18.0732190846953	18.6372146941688	18.3179987863282	20.3184269977144	19.9678702242039	20.8809319245634
Q13510	20.0268332405103	20.168252557828	19.7934845261968	20.2128496986443	19.6613679010481	20.819652887447
Q13535	17.7914683849798	17.324998407225	17.7914683849798	19.8960186617844	19.4913579830666	20.1450453177668
Q13541	22.0146576792234	22.8012144535041	21.5773486460286	23.4299971795834	23.2503581679235	22.6044219695638
Q13546	19.4201793959835	19.1656484506062	18.8008542109283	19.4955390187915	19.2340225306657	20.3284074727448
Q13547	20.0746123713179	20.3373554509159	19.1036907344003	21.369000188605	21.8247730412863	21.8909571880244
Q13555	19.4172839636173	19.6546456637998	18.1161263240202	21.037397110632	20.4734868657844	21.2756228818965
Q13557	21.0700986943686	21.0019005682507	20.332264245566	22.1090772648987	21.6268952849996	22.0041588677474
Q13561	20.3320060657341	20.2506389439115	19.614068870256	19.6863754176667	20.5047763065457	20.6724231423691
Q13564	20.033091881127	19.4172772716393	18.5409881648621	21.2210461083972	21.1019055073651	21.7132226480289
Q13572	19.5792802237412	19.5792802237412	19.5792802237412	20.2583864985728	20.3046941251019	19.6788224147424
Q13573	18.9996075933781	19.3022365057772	18.6995341374411	21.387731426398	21.4992160644826	21.5081704764366
Q13596	20.0243878524766	20.1845747135542	19.3032125472524	21.1397942725163	21.3401040574575	21.2817781918814
Q13613	19.2806656135299	19.2806656135299	19.2806656135299	20.8933963719264	20.0764420059628	20.2672321046315
Q13615	17.8430761089815	17.8430761089815	17.8430761089815	19.7389851125274	19.481293697074	20.1776144638378
Q13616	19.8856339206851	18.4019550455495	19.2878742135205	20.1506243132598	20.9068836141694	20.5366920374207
Q13617	18.5506956975079	18.5506956975079	18.5506956975079	19.904361027205	20.4524436028864	20.7009793149809
Q13618	19.0109289266716	18.992781234728	18.5988462258874	20.4993264896101	20.4567802298577	21.0637573532312
Q13619	18.5278491129389	18.3200056660968	18.5278491129389	21.046536954098	20.9869526782745	21.3997671900041
Q13620	18.5136935980949	18.7174681829937	17.7086530382857	21.1418410305854	21.2263341170934	21.6204017231068
Q13625	19.2867897117104	19.2867897117104	19.2867897117104	21.4369872804425	19.2867897117104	20.614299837603
Q13636	20.4377694620247	19.6166458310678	19.8789114218021	17.9058251820255	17.9058251820255	17.9058251820255
Q13637	21.4911143327529	19.7942350556613	20.7162845468729	17.5971014448783	17.8601777028087	17.5971014448783
Q13641	20.1682928019034	19.3583262477937	19.606956102635	18.5619681806389	18.5619681806389	18.5619681806389
Q13642	20.5577987136926	20.8925759603766	20.0672732189294	23.0179195364429	23.2042311374235	23.1932447360703
Q13643	18.00814011042	19.1782250922738	17.1696605202031	21.3441966026432	21.5029905601409	21.8167157142995
Q13671	19.585653065241	19.0243861557778	17.8881583447968	20.9569810204259	20.9207010911381	21.1647914260596
Q13685	18.5244050879022	18.5244050879022	18.5244050879022	19.9724615242362	18.5244050879022	18.5244050879022
Q13724	19.7323189992391	18.8816093960554	19.0428405705101	17.1314487636662	17.1314487636662	17.1314487636662
Q13740	20.2892412538182	18.7269273122058	19.3860620114077	18.7269273122058	18.7269273122058	18.7269273122058
Q13751	17.1956574205362	17.1316890037474	15.2580907487612	22.4667562886362	22.7338679254527	22.955190615413
Q13753	15.6031424657468	17.4510445420038	15.6031424657468	22.7400036061162	22.6616686808259	22.8614751463898
Q13769	18.5980666068655	18.5980666068655	18.5980666068655	19.8258784336619	19.4499165076262	20.1085161192067
Q13796	19.328237014539	19.6368634825174	18.7825038417527	21.4221364456478	21.3851548821192	21.6724093641699
Q13813	21.2067540563575	20.8142621474135	20.8970540348092	20.3046595499094	20.1087352558617	20.0190243410448
Q13823	18.3316549459865	19.423675001097	18.3316549459865	20.2626646889557	18.3316549459865	19.8052203794868
Q13838	20.500991472277	19.4127623960172	20.158823483523	20.7461601201812	20.2557034022858	21.0299897916173
Q13868	19.5083814678523	19.8904127386405	18.6216529716342	21.5195065203689	21.2298533308977	21.7657384843279
Q13888	19.4953481310158	19.4953481310158	19.4953481310158	21.2930905237447	22.3172206118084	21.4796455705336
Q13889	18.9567218251677	18.37920049065	18.1285761569848	20.4908568670133	20.0692108542361	20.2670753751689
Q13895	19.4877563264489	18.7104869234344	18.7755607276169	20.5256508991481	19.5679740605687	20.3499327195969
Q13950	18.1094385288593	18.1094385288593	18.1094385288593	19.0996271535372	20.8602086215539	19.7944064778455
Q13951	19.7591855308607	19.4823824002601	19.4823824002601	20.7826599929925	20.3305486047101	21.029813639358
Q14008	19.2138754443207	18.4856072578475	18.1112461613665	20.2639878338468	20.506555786456	20.9266696349681
Q14012	19.416338871281	19.6221852444825	18.6481397803016	18.6481397803016	18.6481397803016	18.6481397803016
Q14061	25.0427523986869	25.4416024217384	24.7685440801363	26.8970544429875	26.35335855611	27.0179838359436
Q14103	20.5632908196493	19.5129218009089	20.2082658405694	21.0245621124276	20.8140065159426	21.0987179781937
Q14108	21.1061492114329	20.6444632869928	20.5742820071645	18.1747856790607	18.1747856790607	18.1747856790607
Q14116	20.1037053560975	20.5570240642262	20.5374045147852	21.9900912200271	21.9907028270332	21.8722664662084
Q14118	20.2597096478786	18.0391093530229	18.0391093530229	18.0391093530229	18.0391093530229	18.0391093530229
Q14119	20.3485260824194	20.7261102250612	19.9000148323408	23.1940724865274	23.2315458219749	23.3310121579653
Q14126	20.5184095497058	18.3775307367187	19.7176822019043	20.3991032630261	20.1741161897896	20.5313174937985
Q14135	18.427656778789	19.8227205647336	18.9389800933397	21.4493722495132	21.2610425021908	21.6506462065362
Q14137	18.8038894072514	19.8883606648895	19.246733198807	20.2713125732083	20.0374032833854	18.8038894072514
Q14141	18.9317274052947	18.9317274052947	18.9317274052947	19.9706620184053	20.5169478656964	21.0222603995318
Q14142	18.5786780502343	18.5786780502343	18.5786780502343	18.5786780502343	20.3056372500778	20.3573510843757
Q14145	18.1517180677415	18.3898457501571	18.1517180677415	19.2756097636904	19.6202421383219	19.1790941290179
Q14146	19.3686083251272	19.3686083251272	19.4854510723167	20.7660041434071	20.3620074130269	20.5362564853945
Q14149	18.3797285321435	18.3797285321435	18.3797285321435	20.1106736537645	19.4805888188694	20.3440523498952
Q14151	18.7063717997394	18.150876658895	18.7063717997394	19.6235169090697	20.3741084403467	20.6780573183326
Q14152	19.5345746850124	17.9100688270939	19.3778294431452	17.9100688270939	17.9100688270939	17.9100688270939
Q14156	19.0781675314851	18.5969368218884	17.7862470205945	18.5969368218884	18.5969368218884	18.5969368218884
Q14157	20.4889098759438	19.9838990972612	20.3344805745991	19.9784734457106	19.7478013634624	20.6720066899161
Q14160	20.5086692582364	19.6243975940002	19.8650708006027	21.3804044157989	21.4746417747974	21.8204567489131
Q14165	20.1108693997019	18.6947702058787	19.9453148574642	18.8162370134183	18.8162370134183	18.8162370134183
Q14166	18.4677074850074	18.4677074850074	18.4677074850074	18.4677074850074	19.7682085444336	20.3467366615307
Q14168	18.1555363180084	18.1555363180084	18.1555363180084	19.0267848658133	19.4920412692942	19.8469003813983
Q14191	17.8994012209941	18.3846129712205	17.8994012209941	20.1790439557128	19.9831890574281	20.6151719689091
Q14192	21.6026548842249	21.6841105347321	21.069023323263	23.5745118407543	23.7755631895222	23.714258251055
Q14194	20.9334142275403	21.0785403393963	20.3995037897527	21.1537125636407	21.6797979862519	21.7415133507301
Q14195	22.4248867170377	22.5036496734773	21.7499394801729	22.870369065386	23.4005980249809	23.5047050026335
Q14202	18.9365842823675	18.9365842823675	18.9365842823675	20.5666778680163	20.1756750988918	20.798822835285
Q14203	20.0180907220545	19.4504669929361	19.5541170250162	19.7863906803253	20.2306819831851	19.987266502764
Q14204	20.7014901928595	20.1665090833243	20.1756935390397	20.2535156832063	20.621978743681	20.6767393056052
Q14207	18.5298091246172	18.5298091246172	18.5298091246172	20.5076999646337	19.7960229762835	20.6586657152629
Q14232	18.4339883640346	18.6493941679157	18.6493941679157	20.4029982231953	20.8591794476558	18.6493941679157
Q14241	20.182877099309	20.182877099309	20.182877099309	21.0481091696509	20.9469834891899	21.2464254513307
Q14247	23.3040432052557	22.9222028066393	22.9334738660594	22.6500490646882	23.5348394123391	22.7977869014627
Q14254	19.6499542162426	17.9173715606172	19.2751122927904	17.9173715606172	17.9173715606172	17.9173715606172
Q14257	21.2492821759269	20.7940377327102	20.4612276920142	20.3773460251826	20.4829575783259	20.6593733386254
Q14258	20.2578079386599	20.6677637196473	18.9359222714215	22.4749623566528	22.6987554883378	22.8822806436857
Q14315	20.2934656648534	19.7602391134296	19.893602205041	21.1966829556063	21.0086221034409	21.2734237631577
Q14318	20.1263921175494	19.1097156854415	19.3388639097296	19.382498076928	19.9733607664105	20.2660409683497
Q14331	18.7129150891171	18.7129150891171	18.7129150891171	21.7557442747004	21.1010767841067	21.8396511026799
Q14344	21.1759724919278	19.6365346502121	20.2968309709675	17.2204775062512	17.2204775062512	17.2204775062512
Q14353	19.1285379640012	19.1285379640012	19.1285379640012	19.1285379640012	19.7734992336458	19.1285379640012
Q14376	20.2622686553689	19.9864072032345	19.3507211958729	20.314101519744	21.062495426382	21.307045095812
Q14393	17.9385452176367	17.7531442098192	17.7531442098192	20.769658012161	20.4892647514031	21.0093603009575
Q14444	19.8816416074939	19.9794329635785	19.2291690418992	21.5450478269731	21.4905406527795	21.6103190171772
Q14451	17.6120374471848	17.6120374471848	17.6120374471848	21.1577574503773	20.8117251047635	21.2423347979695
Q14493	18.3100880649394	19.0620649464932	17.4363672186415	21.4971077804612	20.0922477976001	21.6290935685339
Q14498	21.2015912198317	20.2924222319288	20.6128716881502	21.2317448866543	21.5790515016417	21.6482277287333
Q14527	18.3186617386137	19.0005187423856	18.3186617386137	20.8034489277276	20.397188082865	21.2161668292338
Q14534	18.9532589231796	18.9532589231796	19.2720415855948	18.9532589231796	18.9532589231796	18.9532589231796
Q14554	19.7378769686082	19.7378769686082	19.7378769686082	21.0960427969774	21.253700663138	21.5582443635841
Q14558	19.15219541852	19.15219541852	19.15219541852	19.15219541852	19.15219541852	19.8415363356184
Q14563	18.6497738680135	18.0750120150685	18.6497738680135	19.6740196843951	19.9572028675617	18.6497738680135
Q14565	27.4458096182331	26.1679503830488	22.8252472392676	22.8252472392676	22.8252472392676	22.8252472392676
Q14566	19.4669539770867	18.9633877959205	18.5761454351955	20.4480724100042	19.7798862944174	20.5218079063162
Q14573	19.1216044289981	18.6289862003399	18.715934857863	17.4212714846986	17.4212714846986	17.4212714846986
Q14644	18.121692293521	18.121692293521	18.121692293521	19.9142734338989	20.1968513399174	19.7116197068162
Q14653	19.1935576032442	19.5091489900913	19.1935576032442	20.3368298835482	21.2934705685762	21.2793410228809
Q14657	19.9184052387409	19.9184052387409	19.9184052387409	19.9184052387409	21.0847094342748	20.9194812985592
Q14669	19.5176345610942	19.5624913246154	18.9010722652232	21.3164200182979	21.4377856514509	21.7311746954662
Q14671	19.6244685618652	19.9690622416603	19.3785157427109	20.6211349138329	20.5032886289492	20.8210648376335
Q14676	18.7452083965592	18.6955693781281	18.034536819733	21.254785344449	21.3785832490058	21.4284304862019
Q14677	21.2580832659023	20.3005066983496	21.0236366061926	19.0300969080743	19.3706240126015	19.9334690235155
Q14683	19.0549584446105	18.4845860556232	18.9719042212606	20.3076304138579	19.8893831116216	20.7303151196996
Q14684	18.76923479609	18.6762448609995	18.7260099799809	21.4246673358183	21.3917669621325	21.4724472665579
Q14690	19.4459249574718	19.3146926551117	18.4385714345711	19.2894012883948	18.8054528078622	17.5825996207466
Q14692	19.0956064562341	18.9779254900653	18.8972009670119	20.650027693543	20.88358126059	21.0229207890551
Q14694	20.2317297948844	20.4160524424028	19.4477002687103	21.9799493981929	21.7141152021976	22.220122292731
Q14697	21.5335852350096	20.1377290624091	20.9850376038026	20.1033941806604	20.9465840609148	20.7614651077879
Q14699	21.6234228832588	19.8677074293913	21.043476838944	19.4541988058791	21.6728842147872	19.4541988058791
Q14738	18.6358465518674	18.256912597036	17.9725762338251	20.6918627211724	20.8715030140972	21.0231270771219
Q14739	19.518144259337	19.1933932011239	19.6354584798009	19.1933932011239	19.1933932011239	19.1933932011239
Q14764	22.0242421475053	22.0876948100689	21.5746106549902	21.3172036335596	20.9587410727436	21.5635984273958
Q14781	18.3039537403585	19.1538194024542	19.4511563672224	20.9980489881172	20.6904491357009	21.4580544652877
Q14789	19.5372046743191	21.069653099978	19.5372046743191	20.9728862558931	20.7340240125914	19.5372046743191
Q14790	18.3980525248444	18.678388920509	17.9081415541413	19.5363045375503	19.4686697402633	19.7187462670322
Q147X3	19.1246122358094	19.365777117615	17.7803342189729	20.5463651215625	20.593517098433	21.1325669533454
Q14807	18.2647719412092	18.9717126839494	17.3579148526406	21.9093650546425	21.5347680653269	21.8445608435084
Q14814	18.5718692726267	18.5718692726267	18.5718692726267	20.4223402214816	20.0753806890678	20.6352086819076
Q14839	19.4810676142854	18.999155745188	18.178863002392	21.1819103097456	20.8259361202636	21.356086269142
Q14847	21.3211815640986	21.6995894238589	19.9687253827852	24.5979165616947	24.5217103496194	24.8075435665276
Q14865	17.6892633866342	17.6892633866342	17.6892633866342	20.5188544935525	19.9259874729287	20.5032742212736
Q14964	18.9207283706077	18.9207283706077	19.1794934607072	18.9207283706077	18.9207283706077	18.9207283706077
Q14966	19.4948187325516	19.4612324405616	18.5764886570767	21.457925697216	20.9425964669015	21.4501550421271
Q14974	20.8100822027247	20.4385055318971	19.4702068521331	21.2143351475309	21.7896755304696	22.2173866294617
Q14978	20.9516225992372	20.4938654106647	20.741430138483	21.9171774239032	21.1708006456213	21.8337215172968
Q14980	20.7800265251056	20.5811591350569	20.2165855856989	21.7519818379747	21.9612866451465	22.2570840851499
Q14995	18.4975328750432	18.4975328750432	18.4975328750432	19.716852902069	19.8843285068375	21.0133964301012
Q14997	17.7478027789622	17.7478027789622	19.2748238871041	20.4620001576988	20.4823872179621	20.8433799133342
Q149N8	18.5493690446744	18.5493690446744	18.5493690446744	20.0475171819713	18.5493690446744	20.5279419789573
Q14C86	18.4521289440913	18.1536259236536	18.3969957923218	18.1536259236536	18.1536259236536	18.1536259236536
Q15003	19.9721350295954	18.9314518342861	19.403926452955	19.8795197024034	19.9401871213628	20.4860521277345
Q15004	19.5236401118909	19.0288618888579	19.5236401118909	21.0437045549289	20.9456495655151	21.1433666719016
Q15005	19.9377137102763	19.9377137102763	18.8711453806823	22.1126921597406	19.9377137102763	21.0348388591991
Q15006	19.5456356732569	18.5111946358118	18.8783509418577	18.5111946358118	18.5111946358118	18.5111946358118
Q15007	18.8726801772026	18.5674265822471	17.5836192073046	21.3418943442679	21.070423468638	21.5152292114337
Q15008	20.0564958000662	18.899555882796	19.5900604334024	19.6190055407797	20.5243414893302	20.0661340250443
Q15019	20.6516850634481	19.8738175199598	19.7982955351434	21.299415658179	21.7273138138733	22.156520604524
Q15020	18.5243087819456	18.5243087819456	18.4110251954005	20.0998154366669	18.5243087819456	20.394850842345
Q15021	19.6876641920446	19.0905215289786	18.3654078207054	20.0878792170676	19.8879513231156	20.3223831948823
Q15022	18.541299272721	19.2897242308079	18.541299272721	19.8134868345309	18.541299272721	20.0097775789727
Q15024	19.0903537845625	19.099368503046	18.4888004784512	20.5137338124704	20.3673333929496	20.9184870696102
Q15025	18.831764637794	19.4325559409228	18.831764637794	19.2451123967363	19.5925972288559	19.453523027658
Q15027	27.1637818672839	26.1924442513745	26.8892901111251	23.662226638838	23.892143164821	23.662226638838
Q15029	19.6323690329838	18.3395406350416	18.6642948384291	19.9619138516366	20.224357556703	20.1780603704043
Q15032	19.1948292250403	19.6183045564519	17.8222991658045	21.4003441733587	21.3203139523554	21.6392915339618
Q15040	18.4055815036002	18.1247188281294	18.4055815036002	20.7243397554075	20.7332984409537	21.1588660224194
Q15041	19.2036799852948	19.9577519304659	19.2036799852948	19.9570662035569	20.3884385684392	19.7001749998709
Q15046	19.7578763075926	19.7097948896336	18.9474432062352	20.1811173022947	20.713583125611	21.0782523415847
Q15048	19.4442123516439	19.4442123516439	19.4442123516439	19.4442123516439	19.8525441012282	20.2796071046128
Q15050	19.5851833946038	19.075197388475	18.9060311869405	20.1038167669332	19.3395730114937	18.9060311869405
Q15052	20.905324806126	25.0571476007746	20.905324806126	20.905324806126	20.905324806126	20.905324806126
Q15054	20.2481864612566	20.2481864612566	20.2481864612566	20.2481864612566	21.159989894461	22.1599760265292
Q15056	19.590226928717	18.8323720678719	18.7281457915349	18.5443327246338	18.5443327246338	18.5443327246338
Q15058	17.9409716564621	17.9409716564621	17.9409716564621	20.1769810504711	19.7321214979061	20.1498589018755
Q15061	18.4677979660382	18.4677979660382	18.4677979660382	20.1888707539763	20.0882754488296	20.3041460798005
Q15075	19.2874296444238	18.563173314145	17.9476114685203	20.67034832646	20.7139550707255	21.1207748391947
Q15084	22.4978338232993	20.5176554668267	21.6212966252574	21.0662257050656	21.2708601259913	21.4027686798301
Q15102	19.1688669536878	18.6017218006907	18.6017218006907	18.6017218006907	19.7068559205738	18.6017218006907
Q15125	19.0822982637925	19.0822982637925	19.6407594899495	19.0822982637925	19.0822982637925	19.0822982637925
Q15131	19.2054282594303	19.2054282594303	19.2054282594303	20.3904389054559	20.2160096932895	20.2041564151873
Q15139	20.8178362679652	18.8988007206947	20.3119683476146	16.8523870366666	16.8523870366666	16.8523870366666
Q15149	22.4378660692456	21.7107112899528	21.8803192561724	22.6108791771416	22.8741773902509	22.8841900553655
Q15154	19.5033027314666	19.3170187668873	19.3351285584904	17.6748293219716	19.5768214332302	17.6748293219716
Q15181	20.6283393395949	20.6319665928196	20.0306039118192	22.4223082119819	22.8461205341878	23.0047976346357
Q15185	20.7594967636765	20.2464279224857	20.6243623075908	21.2945396860794	21.6908796852422	22.3654832231862
Q15208	18.1362503201768	18.1362503201768	18.1362503201768	18.1362503201768	20.6146385729113	19.7005273671376
Q15233	20.6065413236023	19.7302885068528	19.871771701932	21.4661939999718	21.4191998502094	21.8862890205323
Q15262	19.4924413101047	18.2768947357301	18.8197560430329	20.0156072389381	19.8094220566857	20.3931617264557
Q15269	19.2558012345462	19.4494192898295	18.6033975022299	20.3688885082872	20.7601747230381	20.1302233942512
Q15286	21.8625097179444	20.1756909841938	21.7593196905383	17.8642588434662	17.8642588434662	17.8642588434662
Q15287	19.2708511420038	19.2708511420038	20.6612390934248	20.3305892213105	18.8828005462264	20.5873544168404
Q15293	21.5099347249681	18.8919527472075	20.2913729326154	19.9548488861058	19.7085442215516	20.2570916644516
Q15334	19.1697951695396	18.9581688221246	17.6291063025101	20.8799792936753	20.331948269711	20.5314727872896
Q15363	20.5347033348624	19.6278151634009	20.1590930344299	19.250066058218	20.0303794873913	19.250066058218
Q15365	23.3166127387186	23.4184566434008	22.5987110623257	24.2477900803728	24.3405586236885	24.9184772210079
Q15366	21.4607664097888	21.3669860046841	20.313261555163	22.8646361242572	22.8560483610614	23.2508158147444
Q15369	21.291610817619	21.7868948148048	20.7781064317858	22.4513943809289	22.1517096137375	22.1308311683929
Q15370	20.870490065517	20.8553651576224	20.5563553861768	22.4115491351946	21.9552886221408	22.2825638503715
Q15388	19.2324979112444	19.2324979112444	20.0730849297412	19.2324979112444	19.2324979112444	19.2324979112444
Q15393	19.2886507015087	19.6335865055467	18.8731864780094	21.1482984492222	20.9774133399327	21.652855834311
Q15398	18.6505708708816	18.7189024525765	18.3541144882867	20.2294864694048	20.1431517164055	20.5542773565867
Q15404	19.4993322241864	19.4993322241864	19.4993322241864	19.4095566014526	19.9825691722842	20.4555531093169
Q15417	22.280801274491	22.2916783954217	21.8343815526679	24.3539982569757	24.0705765718333	24.5957899766317
Q15418	18.406954332331	18.406954332331	18.406954332331	18.406954332331	19.5056276880844	20.2917922095686
Q15424	17.7782392754047	17.9915742729091	17.353247741739	20.8930369506173	21.1982207277109	20.8839104762371
Q15427	20.6767749050946	20.218731499448	20.200465462826	22.0790730741401	22.0299244564287	22.5435586916002
Q15428	19.6792676794312	19.0179911715242	18.4977415597271	20.5510924600736	20.5373014681679	20.8006758420051
Q15434	19.4551784801679	19.2803956106022	18.9876708773942	19.0654229534148	19.0654229534148	19.0654229534148
Q15436	19.8727902152697	20.2337649479972	19.4584131070551	21.4925216049256	21.282765968726	21.7664226326055
Q15437	18.7748639564316	19.2656163347428	17.8353984774996	20.8338945867357	21.0463923693694	21.2211718115154
Q15459	19.7105469311749	18.9973864343605	18.2346187891995	20.3724263422415	20.2235405340567	21.1273049186754
Q15464	17.9081613220446	17.9081613220446	17.9081613220446	20.4391824971627	20.4005867082925	20.6711888119745
Q15475	19.024733893198	19.024733893198	19.024733893198	19.024733893198	19.4759870183756	19.024733893198
Q15477	18.9919398753584	18.9919398753584	18.9919398753584	19.9438856516686	20.0119924025103	19.6946815154788
Q15542	19.3668009902558	19.3668009902558	19.3668009902558	19.3668009902558	19.3668009902558	20.4624102348727
Q15560	19.2455183924195	19.2455183924195	19.2455183924195	20.8206257229104	19.2455183924195	21.0295205960152
Q15583	18.3913155840175	18.7435931741842	18.3913155840175	21.1044782097139	20.6622885346315	21.528084924393
Q15596	17.8610625162839	18.5173157805998	17.8610625162839	20.038792113218	19.9103913444818	20.6208700494862
Q15599	20.5004684312412	19.5907750467989	20.1215372478981	17.5719503826725	17.5719503826725	17.5719503826725
Q15628	18.6512968510271	18.2765299875636	18.6512968510271	18.6512968510271	19.7741860593617	19.6646526398525
Q15629	21.1024905982038	19.6827950744247	19.9682287390937	19.6827950744247	19.6827950744247	19.6827950744247
Q15631	20.5205670655984	20.4077873196106	20.170433593155	19.088572518273	20.9578370938593	21.2775344266346
Q15637	20.9216968883316	20.8218154871495	20.0067695637883	23.0207896526005	23.2381173326483	23.392342265353
Q15645	20.0675800858183	20.0430223195285	19.3550688079565	20.89177328617	21.4575765255764	21.5200012330145
Q15652	18.9522843301536	18.4952809479211	17.388061047344	20.7085622458983	20.5109147251287	20.9674433642304
Q15654	20.5039800975414	20.9620020909251	19.9965741948033	21.2215839273796	21.3369050852755	21.5962372555998
Q15678	19.9428464164357	19.074519454257	19.3505688425462	20.4354425114334	20.0734094572407	20.3573763799833
Q15691	19.9823972099539	18.7285451244067	19.4218449335183	19.9580592765534	19.8780712350807	20.4872182539821
Q15717	19.8031044659392	20.2620718704086	19.3523357734601	22.1394748435704	22.2693199662532	22.5105010987631
Q15723	18.1170261340243	17.6305905112555	17.5503317786879	20.3287878945674	19.8088416730906	20.5896124949101
Q15738	20.5522004067066	19.6484837320242	18.9311085480865	17.547576233837	17.547576233837	17.547576233837
Q15742	18.7940081762898	19.8906552641179	19.1712838925801	20.7302102353656	20.1541730983219	20.5354253168398
Q15746	21.2664833768443	20.8836150388063	21.5099838951609	19.1606330709705	20.0165150220839	19.3592202824747
Q15751	22.306623758598	20.0022965965168	20.0022965965168	20.0022965965168	21.2368837052448	21.7502136440771
Q15758	20.2826133830541	18.4052933780177	19.6088425957569	17.8354208898261	17.8354208898261	17.8354208898261
Q15768	18.9045650378873	18.9045650378873	19.6787520893374	18.9045650378873	19.6588862299885	19.8916555076071
Q15785	18.5186270524103	18.5186270524103	18.5186270524103	18.5186270524103	19.2022849058751	19.2543080508248
Q15788	18.7080513189167	18.7080513189167	18.7080513189167	19.8672176606634	19.9964732976701	20.2508449703409
Q15796	18.9625155685432	18.8835061097667	18.9625155685432	18.9625155685432	20.0590625329259	20.5318877655962
Q15814	19.2318437628878	19.3548702647527	18.2868619157793	20.4442822784012	20.6278048999906	20.7931394904742
Q15833	19.996841582554	18.5097135208271	19.5564130091042	17.2731789093695	17.2731789093695	17.2731789093695
Q15836	23.9124147399888	22.3736481537414	23.1060928787002	19.0445223818676	19.2754642298797	19.0445223818676
Q15843	21.9062865727423	20.5650411416846	20.9343181722322	20.7938756145331	21.2982098777138	21.3541604638051
Q15906	18.882839759403	18.882839759403	18.882839759403	20.4596561930294	20.051027264457	20.6863084190787
Q15907	24.1747323750012	22.8344769491478	23.7052645900045	19.5320531911728	20.9224795552484	19.558193964029
Q15942	20.8888455430029	20.3187136346335	19.7055753213022	21.3405208107437	21.6596301291945	22.0122626753189
Q16181	20.7624801159856	19.5743623728101	19.7962942880182	21.6384385457029	21.1271659875167	21.905955418033
Q16186	20.7362367218956	20.7213481091231	19.8421732877764	22.2651374679323	21.9173210931077	22.2660919517692
Q16204	19.4694509770935	19.2159191964146	19.2626617472263	21.2830834757205	21.1069705745158	21.5381893173986
Q16270	20.7802344384509	21.0410309740364	19.8927768801681	24.0560642279104	24.3443571360625	24.4989777352515
Q16342	18.659528728626	19.0230359571066	18.6151399147785	19.9698166111579	20.6408957461298	21.1614441326838
Q16401	18.2341683334521	18.5849953119011	18.5849953119011	18.5849953119011	18.5849953119011	18.5849953119011
Q16512	19.0370031849752	19.0370031849752	19.0370031849752	19.0370031849752	20.5691948401262	20.2592115815211
Q16513	19.845253796364	17.6757230911103	18.9561912223536	17.6757230911103	18.22940631481	17.6757230911103
Q16526	16.6073774418469	16.6073774418469	16.6073774418469	21.4081381807002	21.1264268620143	21.7359695437685
Q16527	23.0853273693769	22.8980924213579	21.9436304808199	25.9461273833268	25.630682833219	26.0172616784337
Q16531	19.1085610981854	19.4536514562149	17.8140373640155	22.1453728349691	21.9299220920061	22.2445456291511
Q16533	18.232615301008	18.232615301008	18.232615301008	20.4987380049354	20.5730290218773	21.2815461172477
Q16539	18.4337339923943	18.4337339923943	18.4337339923943	20.0062651772417	19.8547366379989	20.4587118880187
Q16543	20.6782405960552	20.0263716146195	19.2011979803171	20.8268594580469	21.655754703953	20.8635305752553
Q16555	23.5780921912447	23.7802605740307	23.2628660110481	23.4266593681758	23.8330979767149	23.7356786828624
Q16563	20.7564326136296	19.5563827247967	19.3978854219037	18.400783305363	17.5832916313635	18.400783305363
Q16566	19.2109165941146	19.2876861918254	19.3207308460421	21.0030628100725	20.8195935735975	21.3445019456685
Q16576	19.742231243604	19.6879404455846	18.8881333458947	22.5685423062072	22.5145365604576	22.5641616416281
Q16610	17.6686840979949	17.6686840979949	17.6686840979949	20.3828828926866	20.17712461432	20.3122371284599
Q16629	18.6492490088022	19.2903735667419	19.0916125177666	21.4828501542318	21.4094148494702	22.0106790417362
Q16637	20.1650325046895	19.6224766924597	19.1781195582697	20.448711071824	20.3732502176705	20.6649906408875
Q16643	24.5923804841707	23.8307455103161	24.4681052174981	17.7045500200698	22.4217019971936	18.538684585664
Q16644	19.2758114159422	18.6390305683545	18.9020501980841	20.6797635216514	21.0013836286719	21.2476448231587
Q16658	20.9216072711938	20.2700243803194	20.2580696194487	20.6665630111864	21.0060095516074	21.0232046558663
Q16666	20.6959702741544	20.4191445061821	19.5931731624991	21.8255100486227	21.8334169676057	22.0248439221895
Q16670	18.6691219437083	18.5589795066556	18.6691219437083	20.5928873382583	20.7838364003268	20.5842299877388
Q16698	19.3785788818162	18.5499768662628	18.5852514811224	18.5499768662628	19.268307356666	18.5499768662628
Q16760	18.2838040259361	18.8170431007821	17.9660739006331	20.7036770856137	20.5119668639282	21.3086186994329
Q16763	18.7428382571217	18.7428382571217	18.7428382571217	20.335457399994	19.9107996293454	20.0210981038637
Q16775	18.4754422558986	18.4754422558986	18.317515341598	18.4754422558986	20.3429878758114	20.0587337834858
Q16778	23.116322351662	22.811150338846	23.3787192103496	22.5116754185465	22.9678674962748	21.6331839652903
Q16795	17.8717061967425	17.8717061967425	18.3278132786958	17.8717061967425	19.0470107470437	17.8717061967425
Q16822	19.1814246644315	19.3325127227011	19.113358142459	21.1249469305328	21.4122926856743	21.4519800524077
Q16825	18.2034498388565	18.5219126116768	17.4950777906139	20.5554413533675	20.3183189692052	20.8586791614631
Q16831	21.6194316988541	22.1607509929018	20.9782031362505	23.7424669112508	24.1229161593763	24.2860045116776
Q16850	19.2433072592893	18.3155811037069	18.3155811037069	18.3155811037069	18.3155811037069	18.3155811037069
Q16851	19.9313364157286	18.1578443551384	18.8433301174333	18.1578443551384	18.1578443551384	18.1578443551384
Q16854	19.4353199864376	19.7290523323986	18.6231105728011	21.3978566324161	21.9293695573841	21.8844869446637
Q16864	20.3411134307899	19.5958646778056	19.6986897868902	20.4977435364033	20.5247872516354	21.031179855963
Q16875	19.0153461651632	19.1060359670701	17.4129415528636	21.2134212259758	21.4093888238594	21.9213241351558
Q16881	18.4043873766503	18.7278937625711	18.4043873766503	20.2180938974952	20.648743131943	20.671131106303
Q16891	19.6198546723894	19.00260725968	19.0740240727237	18.6381953129808	21.0420676638069	18.6381953129808
Q17RN3	20.0665514136723	19.7006377618589	20.0312919413861	20.3670805191769	20.6057742396048	20.7029526078865
Q1KMD3	19.023683963239	18.9809664255116	18.3320427177668	18.2253526615693	20.4346645973645	20.3717771230001
Q24JP5	19.359361135921	18.5800979147714	19.3668447612945	18.9796004854784	18.9796004854784	18.9796004854784
Q27J81	19.626480700921	19.3823173563752	19.7047878760928	20.8031629434876	20.5241839918046	21.2811878406893
Q29983	20.7749145121728	19.3994489816015	20.2057735755258	19.6072769784223	19.6072769784223	19.6072769784223
Q29RF7	19.9950531215863	19.8189436955293	19.4613091940561	21.1617294054942	21.4997688035076	21.8765774395704
Q2KHR2	22.0163731505726	21.1782245074262	21.4658894888533	21.292291597816	21.5173510456376	21.8426481296193
Q2KHR3	18.5793103160177	18.9439826579775	18.1429488991659	20.847494481496	20.4305482221158	21.0156006788039
Q2M1P5	25.1285128446586	25.2135233689631	25.4319968689903	22.6753142967056	22.6059236474381	22.6753142967056
Q2M2I8	19.6090664612712	19.0704747749218	19.3737149801103	20.1420194856963	20.2814555851031	20.5231689175338
Q2M3D2	18.439883440243	18.439883440243	18.439883440243	20.0174731380961	19.4975059485668	20.7209719530914
Q2M3G4	19.131263056276	20.5453067119101	19.131263056276	20.8253695045604	19.131263056276	19.131263056276
Q2NL82	18.3778402327265	18.3778402327265	18.3778402327265	19.9990845021339	19.7664220355429	20.0767689884636
Q2QGD7	18.8864267763144	18.8864267763144	19.0820865995692	18.8864267763144	18.8864267763144	18.8864267763144
Q2TAA2	19.8743040848677	20.0864330940812	19.8743040848677	21.0825034434872	19.8743040848677	20.5343754828495
Q2TAK8	18.1765171829119	18.1765171829119	18.1765171829119	20.2935418921376	19.6411891597506	20.2990967937403
Q2TAL8	18.9269152915277	19.0753737872784	17.9757765170011	21.206756000157	21.1519002000904	21.5559588603134
Q2TAY7	18.5256036087505	18.5256036087505	18.5256036087505	20.3175477364685	19.9289391086834	20.6745190857248
Q2TBE0	19.3838764129946	19.3838764129946	19.3838764129946	20.4850479475153	20.3023443524799	21.0414489392262
Q2VIR3	19.2560094634797	19.2560094634797	19.2560094634797	19.2560094634797	19.2560094634797	20.1410586508855
Q2VPK5	18.9241086265416	18.3290533670973	18.3290533670973	20.0070120555526	20.4681369201098	20.3370573897507
Q2VY69	19.7037206722775	20.2445736184948	18.6953787102748	20.6511078402132	22.1752836740935	22.4936856059569
Q32MZ4	19.2241079029157	19.0377984809106	19.2899463547959	20.5736877306184	20.5226152786224	20.5257005161413
Q32NC0	18.9450013863335	18.9450013863335	18.9450013863335	19.5073688774468	20.0029364272297	19.8449577373048
Q32P28	20.768862904201	18.9692737609187	20.0767240523587	19.8572538566118	19.902882651555	20.3629668995832
Q32P44	18.3793027030386	17.9945201894013	18.5068132258466	17.8418851029782	17.8418851029782	17.8418851029782
Q3B726	18.3822407458001	18.8207557301341	17.9526921918216	21.1311386221374	20.7849381609354	21.1977534300734
Q3KQU3	19.442571612292	19.3340386435261	19.2651935838523	20.070718891022	20.0835674527249	20.5741910020523
Q3LXA3	17.691906106939	17.691906106939	17.691906106939	19.7867280301478	20.817587089823	20.6456412421114
Q3MHD2	21.4990927095546	21.199624274102	20.9584141393534	22.7240363680201	23.2247995781789	24.4577314187195
Q3V6T2	20.3837701987104	18.5576857522562	18.9130987277449	18.8224753958601	17.585720660422	19.1926182309161
Q49A26	18.1066301124933	18.7070966939566	18.2755046160573	19.9917981036006	20.9054139181098	20.1082280885384
Q49AG3	18.2149662557111	18.2149662557111	18.661701915219	18.2149662557111	19.3682100975649	19.1021251174868
Q49AM3	20.0234524027104	19.2402167836392	19.0135961573699	19.9779659716666	20.4215736034877	20.3335822235579
Q49AN0	17.547247374551	17.547247374551	17.547247374551	22.141114198003	21.6257957311574	21.8389935109521
Q49MG5	19.7666279992753	19.7666279992753	21.6355330378042	19.7666279992753	19.7666279992753	19.7666279992753
Q4G0J3	19.0414374225722	19.1874737484458	18.5749252587986	20.364994325371	20.4598059636566	20.6771362159516
Q4G0N4	18.8605079999305	19.8432653568776	19.7556319608673	21.236998597966	21.2155900121159	21.5114671550161
Q4G0S7	21.0498258793557	19.1191100937904	20.2039350461252	19.1191100937904	19.1191100937904	19.1191100937904
Q4G0X4	20.0014331725309	18.6538757025362	18.6538757025362	19.2596825294513	19.3158604031623	19.7845975020313
Q4G148	19.3768201251386	19.4921439999534	20.3516370116516	22.2161178398635	23.3853304034825	23.161664407067
Q4G176	19.028056026983	19.028056026983	19.028056026983	20.2704971995124	20.6788228091743	21.143926304973
Q4KMP7	19.9318184866189	18.5138888847318	18.5138888847318	18.5138888847318	18.5138888847318	18.5138888847318
Q4KMQ2	21.1014078363801	17.91199774897	19.6751604842069	17.91199774897	17.91199774897	17.91199774897
Q4LE39	18.4876409553398	18.4876409553398	18.4876409553398	19.5414382467234	20.4751832911098	20.7525947205309
Q4V328	19.3921678064022	18.4508313751935	18.4508313751935	19.4855225871252	19.5780863449102	20.6487048137901
Q4VC44	18.7279145689886	18.7279145689886	18.7279145689886	19.8447713914297	20.2113324222562	20.1512953225583
Q52LJ0	19.7001630636469	19.9781088120839	18.739143692277	21.9627742750545	21.7708442191297	22.3852800832661
Q52LW3	19.5062236975024	19.6815115182044	18.8371781855271	20.4359401102449	20.163028001139	20.5802401918701
Q53EL6	19.0015894582679	19.3375672493783	18.4502909301687	20.497911915413	20.5105071538513	20.9997655201341
Q53EP0	18.8462648699116	18.8462648699116	19.5663330493681	20.490529442266	18.8462648699116	18.8462648699116
Q53ET0	18.6819841944439	19.9197850892616	18.2571370829183	18.6819841944439	19.7005355258326	18.6819841944439
Q53EZ4	17.9005532613056	18.822485911124	17.9005532613056	20.5135056985318	17.9005532613056	20.516914864384
Q53GG5	19.4505978353003	17.9897358138084	18.8516182467309	17.9897358138084	17.9897358138084	17.9897358138084
Q53GQ0	19.2498844421706	19.0877457614306	18.7791752982266	18.5395502647393	18.5395502647393	18.5395502647393
Q53GS7	18.4880571399467	18.4880571399467	18.4880571399467	19.94742043424	20.9025403858044	20.4473773696062
Q53H47	18.1361535310025	19.0714630963436	18.1361535310025	21.2774331989378	20.0369429314792	21.336359377908
Q53H96	18.8651871432091	19.2243606834743	18.5684311025975	21.4634419744897	21.9154612231308	21.8269175984796
Q53HL2	18.948690341042	18.948690341042	18.948690341042	20.5696501682372	20.3749233549382	20.651682789173
Q53QV2	19.6153851000668	19.1156029630538	20.3978621595701	20.3965243022547	20.3518357008891	20.2061477145124
Q53R41	18.5862447893793	18.5862447893793	18.5862447893793	19.8993512728835	19.3361988100224	20.0520644348587
Q53S08	22.839565381403	19.3214900442879	21.3616990666268	19.687039586599	19.687039586599	19.687039586599
Q53S33	20.4159639591656	20.4159639591656	20.4159639591656	22.2708955409803	23.0448232722877	22.5692001515565
Q562F6	17.3690744741903	17.3690744741903	17.3690744741903	20.6377031418354	19.8949926583469	20.6391635002509
Q562R1	19.8016454906085	21.0769409072385	20.722903959992	17.7454035344154	16.9571965613919	19.1205490875587
Q56NI9	16.7681873680203	16.7681873680203	16.7681873680203	21.0949092435894	20.599607633592	20.9262854559551
Q56VL3	18.535917816566	18.535917816566	19.0560766125222	18.535917816566	19.5127560326277	18.535917816566
Q58EX7	19.2139399941851	19.1282380017047	18.6604287982432	20.4300030055134	20.0546972745561	20.2845034234052
Q58FF8	19.2697857631367	18.9524665711702	18.9524665711702	18.9524665711702	18.9524665711702	18.9524665711702
Q59GN2	23.2400840536698	22.750005703773	19.851284231551	21.1816684961194	23.5987630822128	21.1816684961194
Q5BKY9	19.9911302970677	19.4610185889769	18.937647262853	23.3461806416817	22.7897686067751	23.2814848075249
Q5BKZ1	19.3442721860861	19.0033206472465	19.3962751197245	20.4990861056877	20.2029383252164	20.523301862792
Q5BLP8	19.7593404475428	19.7593404475428	19.7593404475428	21.1023432779112	21.3032514041132	21.6516463448451
Q5D0E6	18.5674364437305	19.0477226040731	18.5987228259268	18.5987228259268	19.9104408737287	18.5987228259268
Q5DJT8	19.4526172726113	19.9867557625128	19.4526172726113	21.1078258499391	21.4809722113278	21.6548105669803
Q5FBB7	19.3463527795155	19.3463527795155	19.3463527795155	19.7776981601418	19.3463527795155	19.9716219567661
Q5FWF5	17.4707124076264	18.8325979438563	17.4707124076264	21.0859256669791	20.119872573824	20.9848212536913
Q5GLZ8	19.0891619139795	19.3205840369056	18.3042202573059	20.4673425803338	20.258047575601	20.5688006163868
Q5H9F3	18.8198859605017	18.8198859605017	18.8198859605017	20.3396441518992	19.8854485584003	20.6158409196755
Q5H9R7	19.9034531955581	19.6417374632713	18.570321324313	20.7351173573115	20.1343909512417	20.9222874359097
Q5HYJ3	19.6778962709991	19.6778962709991	19.6778962709991	20.2858748800224	20.4880112811193	19.9553888962117
Q5JPH6	18.9532995518377	18.9532995518377	18.9532995518377	20.3801723970986	20.8901439487125	20.3690800890585
Q5JRA6	19.4150263092721	18.2935275846427	18.0508467229206	18.2935275846427	18.2935275846427	18.2935275846427
Q5JRX3	19.0039902158783	19.0039902158783	19.0039902158783	20.1447592421793	19.7208900213091	19.807169747482
Q5JS54	19.5652758093092	19.5652758093092	19.5652758093092	20.0192752986421	19.854583051789	20.2989318200585
Q5JTD0	19.2268410353853	19.7686405983924	18.0610775179916	21.1244101184875	20.4773133229676	21.6328328320498
Q5JTH9	19.2819247692119	20.0861748007693	18.5427648009605	20.157945928709	19.9915666051513	18.2944018533205
Q5JTZ9	18.0985118241327	18.0985118241327	18.0985118241327	20.5204710030219	21.1644540628145	21.3070473987579
Q5JV73	20.9340937971184	23.2165571836341	24.5022774390933	20.9340937971184	22.8464593375573	20.9340937971184
Q5JVF3	19.1201897450353	19.2589046438254	18.0437086999	21.2255823988153	21.0717923407922	21.3737306852043
Q5JVS0	19.4683432204932	19.4683432204932	19.4683432204932	20.7584134753945	19.4683432204932	19.4683432204932
Q5JWF2	21.6089178813667	19.9799775130565	20.7470375477559	19.3197114841068	19.8029183232702	20.0661037445411
Q5M775	20.3125181065999	19.409647402794	20.3953912320524	16.5341053048769	16.5341053048769	16.5341053048769
Q5MNZ6	18.9371848319759	19.6461895673714	20.1728656382285	21.1643421477836	20.8555353695772	21.6142249000936
Q5PSV4	20.376795424862	18.7866575072571	20.9865976778124	19.0590800148147	19.0590800148147	19.0590800148147
Q5QJE6	18.0823493153931	18.6456539680368	18.0823493153931	20.7000240781397	20.604089255581	20.8787099840631
Q5R3F8	20.3611907762641	20.3611907762641	20.3611907762641	21.078467968383	21.5527927763864	21.5027464061652
Q5RKV6	18.8955277402789	18.8955226073035	18.5601555116416	20.898688819991	20.9837565570397	21.0147606272818
Q5RL73	18.6500445316772	18.6370785609915	18.6500445316772	19.8493866963304	19.5655188221817	20.5570331801628
Q5SQI0	18.0274433278772	19.2745539027777	17.3732726753392	21.0428938908744	20.9165077031322	21.1705765094493
Q5SRE5	18.5812622276092	18.5812622276092	18.5812622276092	20.2235225138719	20.3746855117318	20.693955490375
Q5SSJ5	21.0234791412212	20.7828267221977	20.3790979440284	19.3924547849813	19.639511229868	19.4534139822512
Q5SVZ6	19.1795989062644	19.1795989062644	19.1795989062644	19.1795989062644	20.6446331774215	20.8383663752849
Q5SW79	19.4790698882361	19.2358693185216	18.3652818853959	20.1674830771656	20.5846596040994	20.5140212109914
Q5SW96	18.8917715172816	18.8917715172816	17.677947767263	20.114199524984	20.0442844082123	20.0937567046397
Q5SXH7	27.6861189253887	29.3696838551665	29.8752463669242	25.4819038809647	27.4088364285333	25.4819038809647
Q5SY16	19.5282109214086	19.1013513643153	18.347764012516	20.6164982797034	20.2271478620021	21.0066019240256
Q5T160	18.289525906589	18.289525906589	18.289525906589	19.6806109914662	19.7801235179079	19.8345299896112
Q5T1M5	19.6478544195151	19.2002477276945	19.4261909111291	20.015518283583	19.4056465618285	20.070859444421
Q5T1V6	19.0954349558578	19.0954349558578	19.0954349558578	19.0954349558578	20.4476748913302	20.6422872787722
Q5T200	17.4531861339173	18.6072224768733	17.1016058874963	21.3946429489077	21.1069821693943	21.3570259714045
Q5T3F8	20.0119048167904	18.4624129210372	20.407317665474	18.4624129210372	18.4624129210372	18.4624129210372
Q5T440	20.1878711649852	20.9426883183437	19.2971155904335	22.2139873327568	23.0414798344345	22.9195039596915
Q5T4S7	20.3557943040041	19.9360572689692	19.8078446793458	17.9453635941512	19.7404192444847	19.7597809675837
Q5T5P2	20.1453093318617	19.9419047024687	19.6907862018349	20.9416225809982	20.0555792065055	20.8029480150732
Q5T5U3	17.2744435779439	18.5513602075775	17.2744435779439	20.4134646106458	20.0908686787326	20.7225430132399
Q5T5X7	18.9088775418274	18.9088775418274	18.9088775418274	19.5181394356507	19.860460225328	19.7944438661995
Q5T5Y3	19.5942380653691	18.799222536628	19.5942380653691	20.4270074606464	20.2273969846952	20.4563606590529
Q5T6F2	20.2583571939509	19.5852511101546	20.0453344448728	21.012549379093	21.093714885363	21.7290538135296
Q5T749	21.1048972881563	20.3438109083444	19.8933845152458	20.147296335046	20.3395726490602	20.6032613055917
Q5T750	19.7273249189457	19.5707681676383	18.6586264561028	18.9691185663282	20.5636008018256	18.9691185663282
Q5T7W0	19.2523084011175	19.3349672576841	18.1012414021577	21.5831459572291	21.3078820495959	22.0150757684699
Q5T8I3	19.3893345407197	19.6711370000632	18.2547065210741	21.0158870392798	20.4315473363233	20.6700193335815
Q5T8P6	19.562349355317	19.562349355317	19.562349355317	21.2242606039861	20.3222925228379	21.3288518726459
Q5TA45	18.7608523780958	19.0312684697642	17.6034577762352	19.8993672198	20.6211161659048	20.9431055052949
Q5TAX3	19.0378986089976	18.9700466643472	17.464039580889	20.4141319812703	20.5748110821046	20.6515723884336
Q5TCZ1	17.8824109487501	18.2312153041253	17.8824109487501	20.4099070342132	19.8136829193392	20.5587638501801
Q5TEC6	23.1287747585077	21.8789515581756	22.7829462608744	21.9863965044202	22.832149466628	21.6060431958917
Q5TFE4	18.9829784530106	18.9145731907267	18.9829784530106	21.4447703794751	20.1866060255711	20.2022050910692
Q5TGY1	18.6850519861204	19.4229890441137	18.6850519861204	18.6850519861204	18.6850519861204	19.7820571197808
Q5TGY3	18.6046236684416	18.3229440336127	17.6944691702654	21.2830908169944	21.2792300361653	21.5811573586196
Q5THK1	17.6168865587795	17.6168865587795	17.6168865587795	19.8998175656295	19.8825513825486	20.7426710629874
Q5TKA1	19.3781719536249	19.3781719536249	19.3781719536249	19.3781719536249	19.3781719536249	20.4954881934189
Q5TZA2	19.499971116679	19.1839873374503	19.2038745886797	18.6838445406148	18.6838445406148	18.6838445406148
Q5U5X0	18.5391799573345	18.5391799573345	18.5391799573345	19.2783120644979	19.3809827149034	20.4171475249619
Q5UIP0	18.713951538767	18.6850691521902	18.5176201752157	20.9043769942997	20.9528289206471	21.195895481838
Q5VT25	20.5235457694471	19.3726399536717	19.8134616518387	19.8093365047719	19.8049649802981	19.9943666075995
Q5VT52	18.9254701523019	19.0525684989406	17.662123212356	20.4173933215042	20.1848998907411	20.5702346306164
Q5VTB9	18.5547273211621	19.470887761793	18.3379972391576	21.3923917472833	21.127963650079	21.4216379790491
Q5VTL8	19.4320342063153	20.3247249682792	19.9119784086774	22.3769855152505	22.0098912687776	22.3722273391776
Q5VTR2	19.0351121868755	18.0279847280581	18.5036032244016	20.2633847884592	20.4476241211326	20.2394939193488
Q5VTU8	19.855918838577	20.0096142320962	20.2846618541438	22.2268421348504	23.0369389245222	22.4286763535085
Q5VU43	19.0717549965705	18.3867782538107	18.8119492051948	18.3867782538107	18.3867782538107	18.3867782538107
Q5VUA4	19.0113201193691	18.9493368644924	17.6728215355419	20.1303037905794	20.4410296096573	20.4627256287929
Q5VUJ6	18.9979730338028	19.7198187624044	18.6776741385678	18.9979730338028	18.9979730338028	18.9979730338028
Q5VV42	18.1534026782056	18.1534026782056	17.7840536410901	20.3711484661877	18.1534026782056	20.220869729498
Q5VVJ2	18.2427342577759	18.2427342577759	18.2427342577759	20.0355395372086	20.6151932374704	20.0875298993599
Q5VWJ9	19.1310594232744	19.1310594232744	19.1310594232744	20.926040489886	20.7899404340137	21.0468381457445
Q5VWN6	17.5912476220569	17.5912476220569	17.5912476220569	20.4376212782827	20.2455225918266	20.8039789015013
Q5VWQ0	18.8834314813373	18.8834314813373	18.8834314813373	20.194234274887	20.5883331684628	20.3854735824667
Q5VWZ2	19.2524908207443	19.0367962177349	19.2524908207443	21.4395968097335	20.6209127398162	19.2524908207443
Q5VYK3	18.7151611581074	18.0749333782639	18.0504332189135	18.0749333782639	19.4652723514948	19.6673209715351
Q5VYS8	18.0411009803117	18.8588466815487	18.0411009803117	20.4974492921836	20.5378830241211	20.6846896388816
Q5VYV7	18.4257217581753	17.9135596754892	18.4257217581753	18.4257217581753	18.8638254797254	19.7930772962677
Q5VZE5	18.7006450051373	18.6553880494934	18.7750059958165	20.2619052104959	19.8681434945407	20.3233969261022
Q5VZF2	20.7087201273758	20.3435260078534	20.7087201273758	23.3108383925234	23.2069960891151	23.4735111046925
Q5VZK9	18.582034003342	19.0906761091792	18.582034003342	20.1269532944824	20.3385786200082	20.371568052284
Q5VZL5	19.4113910557759	19.4113910557759	19.4113910557759	20.7913755627641	20.3808743953164	20.8425290127971
Q5W111	19.599229083799	18.325169332184	19.8055531179879	18.325169332184	18.325169332184	18.325169332184
Q5ZPR3	20.7828047039968	19.3438915474682	20.1392054187312	18.3974390885982	18.3974390885982	18.3974390885982
Q63HK5	18.9523399735006	18.9523399735006	18.9523399735006	20.5019070276793	20.287276775597	21.0716428415027
Q63HN8	18.7050839700471	19.1531757146736	17.8381320043401	20.0645229190794	20.1874541962316	20.4262801529346
Q63HQ0	20.1047503173216	18.2948287293667	19.2637833206293	18.2948287293667	18.2948287293667	18.2948287293667
Q63HR2	19.2298045483807	19.2298045483807	19.2298045483807	19.2298045483807	19.2298045483807	20.0653047678986
Q63ZY3	19.0318717881187	19.0318717881187	19.0318717881187	19.0318717881187	19.7672660222499	21.0486272451687
Q641Q2	18.3270166029455	18.3270166029455	19.220395663133	18.3270166029455	20.3029977920772	20.0249104217856
Q643R3	18.3920301180876	18.6415118944268	18.6415118944268	18.6415118944268	18.6415118944268	18.6415118944268
Q64LD2	19.3809639039118	19.3809639039118	19.3809639039118	20.835578575424	21.6390087822098	19.3809639039118
Q658P3	22.0784219720224	20.7725302139657	21.1424850080228	17.7565841959272	17.7565841959272	17.7565841959272
Q658Y4	18.958135725431	18.958135725431	18.958135725431	20.0246437041757	18.958135725431	20.429872150078
Q66K14	18.698700290203	19.5652044245316	18.698700290203	20.8716473576307	18.83583067983	19.5314749298154
Q66K74	18.8783971359469	19.876257748176	18.6969027617141	20.6276228500023	20.6679328397302	21.1542689117228
Q66PJ3	21.454859189353	21.7497444534752	21.0359941968485	23.2185592415659	23.1963492127596	23.7859044537063
Q68CP9	19.1887070638791	19.1887070638791	19.1887070638791	20.7959710864534	19.1887070638791	20.795665836623
Q68CZ2	19.1929865182186	20.0728236104955	19.0012930185436	20.8002953329384	21.189421628323	21.4098074197964
Q68D10	20.0283614452692	20.0283614452692	20.0283614452692	21.5698293862556	21.7352047129447	22.2438923860866
Q68DK7	18.5552072227004	18.5552072227004	18.5552072227004	20.566398876229	21.1074992198779	21.4389679063199
Q69YH5	18.0070852707456	18.4306646378364	18.0070852707456	21.4628883947978	20.7529532712723	21.5269580480729
Q69YN2	19.5811922896689	19.3020990216526	19.5953965438265	21.4764312856765	21.0398113811177	21.3641947499836
Q69YN4	18.1906713617853	18.1906713617853	18.1906713617853	19.4694361170006	20.2416822237198	20.5430671541089
Q69YQ0	22.0953549284349	21.5440650961434	22.7428599484273	14.7043695159827	18.5617004042122	15.8552135344532
Q6AI12	18.4153363087925	18.4153363087925	18.4153363087925	20.4801547357227	20.7534834517903	20.7006327167692
Q6DCA0	18.5667368926509	19.4757843139425	19.6885428803437	20.8330851325274	21.3673108671212	20.9487489090949
Q6DD88	20.7532855253945	19.5863359024283	20.2957524298737	20.1221367537545	18.7040689129966	18.7040689129966
Q6DKJ4	18.3872941973351	19.0544317162137	18.3872941973351	20.6211192565744	20.5065940367298	20.2216969466373
Q6DN90	19.2655414386235	19.8491420248046	18.8999414544162	21.0761475483035	20.5845467938033	21.2052519469664
Q6DT37	18.3774684006932	18.3774684006932	19.1285435593683	19.5145010128368	19.3881685886359	18.3774684006932
Q6EEV6	21.3468044555664	19.6688424336328	19.6688424336328	19.6688424336328	19.6688424336328	19.6688424336328
Q6F5E8	19.1011880630849	19.1011880630849	19.1011880630849	19.1011880630849	19.694979001859	19.1011880630849
Q6FI81	21.9716730453519	22.17382128671	21.3265182880554	22.6765545851164	23.022722397027	23.2839669429386
Q6FIF0	19.4425256700497	18.5468649129845	19.4425256700497	21.6964629572983	21.8766746341907	22.2150287374789
Q6GMV2	20.6103989711366	21.3126330628047	20.1691678365612	21.0761543670767	21.368198091992	21.5712670723643
Q6GMV3	19.3098057112019	19.3098057112019	19.3098057112019	20.4440041841507	20.3166682351353	20.6453429612249
Q6IA86	19.4170219680896	18.9809423202234	18.07825946319	19.8195439923289	20.197291298203	20.5251376127334
Q6IAA8	20.6404913277928	19.7389215909996	20.3422511787845	17.51306725275	17.51306725275	17.51306725275
Q6IBS0	20.6386565309666	19.8787985741009	19.705097061537	19.4106373962653	20.8035002882239	20.9457966334744
Q6ICG6	18.8480639941614	19.0752003103453	18.0212865820077	18.4083385493897	20.2428267344658	20.6421563856427
Q6IN85	18.2514776182379	18.3061607697815	17.4315516110235	19.7761795635467	19.3606973534773	20.5419186269865
Q6IPM2	19.3109380321306	19.2538721547837	18.2157295448074	18.8710422961394	18.8710422961394	18.8710422961394
Q6IQ19	19.3950001873458	20.9309994218369	19.3950001873458	21.8047829513213	21.2977656310054	22.4950668306924
Q6IQ22	20.3835850913113	19.424062481292	19.9351699591703	18.361639395362	18.361639395362	18.361639395362
Q6IQ49	18.724913433871	18.9893542586076	18.42022046166	21.8472951660428	21.5176422032124	22.1634998530018
Q6KC79	19.1349594867542	19.1349594867542	19.1349594867542	20.4640933795695	19.1349594867542	20.9078179617338
Q6L8Q7	19.0613774994883	19.9500076744274	18.0609144053773	21.0909836819433	21.4545451336511	21.7128391263065
Q6NTE8	19.2832118522762	20.0987376095925	18.9762120326676	21.3692242360404	21.4428144039845	22.0921773530293
Q6NW34	20.0611622876326	19.3882301924488	19.1917528427133	20.4018917302091	20.0534544663087	20.5715172518161
Q6NYC8	20.9534734234597	20.5326065589726	20.9510691294549	21.285028041524	21.124668291143	21.5492271526285
Q6NZI2	21.3518583968106	20.2700705826531	20.9119669086494	20.6478719715252	20.7812510189423	20.8916091338176
Q6NZY4	18.7582369227613	19.4320346132098	18.2515530976181	18.2515530976181	20.2844594730303	20.5119790012736
Q6P087	17.7129548781128	18.2804289683573	17.7129548781128	21.5164390120726	21.7704714072362	22.1525006443529
Q6P0N0	18.938983643827	18.938983643827	18.938983643827	20.370439276822	18.938983643827	20.0115417907218
Q6P158	18.3882143196982	18.969256657663	18.0163771785434	19.4536992003901	18.3882143196982	20.1468130441265
Q6P1J9	19.0279201932136	19.0279201932136	19.0279201932136	19.9047685396468	19.5891805842695	20.3132666027372
Q6P1K2	20.0718519614012	19.0532242271697	19.0926724052746	20.4431437361765	19.9990802000061	20.9585398990751
Q6P1L8	18.7341517381135	19.0060153478567	17.9040945616796	21.1243940647615	21.7763204920124	20.5977230779538
Q6P1Q9	20.0396297796303	20.5402473934796	19.2382820370516	21.1685425566736	20.7556654810283	21.7588180730976
Q6P1R4	17.7650168628892	17.7650168628892	17.7650168628892	20.6037797974365	20.1657942460576	20.8592623434183
Q6P1X5	18.7021121939388	18.7021121939388	18.7021121939388	20.4403435966981	20.561751435644	21.0310671607097
Q6P1X6	20.2367113564	20.4389849077883	20.4125121947093	22.5772973891677	22.7966030171682	22.773367165002
Q6P2E9	20.0048700764865	19.80840064088	19.1819539188562	20.787284735245	20.7312333004131	21.2562304976522
Q6P2Q9	19.3266740138993	19.0722203562803	18.615525705652	20.1360521702006	19.8451452739789	19.8886808929383
Q6P3W7	18.304153862535	18.304153862535	19.3635228552099	18.304153862535	18.304153862535	18.304153862535
Q6P3X3	18.6614489712895	18.6614489712895	18.6614489712895	18.6614489712895	18.6614489712895	20.5177455215826
Q6P4F7	18.652697828412	17.5492316682981	18.3420801446153	17.5492316682981	17.5492316682981	17.5492316682981
Q6P4Q7	18.5864573668863	18.120503665409	18.120503665409	18.120503665409	18.120503665409	18.120503665409
Q6P5Q4	22.148619119653	21.6384346009091	21.4543122917848	20.5818838482182	20.5818838482182	20.5818838482182
Q6P5R6	20.5323677522583	20.6800857162161	20.4076636535951	22.617332406919	22.6677475624871	22.7736229890509
Q6P5X5	20.0706417363424	20.0706417363424	20.0706417363424	20.0706417363424	22.5397543162842	20.0706417363424
Q6P6C2	18.2841346034734	18.2841346034734	18.2841346034734	20.5333844114978	18.2841346034734	20.3617731862134
Q6P996	18.8473332857128	18.8473332857128	18.8473332857128	19.9097723762298	18.8473332857128	20.0361250672888
Q6PCB5	18.5160439692995	18.5160439692995	18.5160439692995	18.5160439692995	20.1665537618279	20.3137280961202
Q6PCB7	20.6595188989613	19.3611848749601	19.8942354811671	19.0480192302179	19.0480192302179	19.0480192302179
Q6PGP7	18.608627884168	18.5584954307375	17.8924589390003	18.608627884168	19.4792967630211	20.1476840373466
Q6PIY7	18.4209659951394	18.4209659951394	18.4209659951394	20.2890078481611	19.6263325005767	20.205552340532
Q6PJ69	19.701686484282	19.9853951374563	18.5622394553191	19.740962090206	19.9641221412658	21.0016145748462
Q6PJF5	19.374104515761	19.4181813138439	19.374104515761	21.5592580478221	21.1501959301434	21.6709684040537
Q6PJG2	18.0498291950364	18.5728311675663	17.3517022022497	20.4033970257909	20.7474026159311	21.197435061236
Q6PJG6	20.1726147932545	20.3145007792646	20.0542297392584	21.1412454448848	21.5013465192922	21.966856633434
Q6PJT7	19.7101178448655	19.9168614808425	18.4809968047592	22.6475899006215	22.5751273686772	22.8839413856195
Q6PKG0	19.0348580528749	19.6307971106766	18.923970409591	20.5992472507507	20.649822318098	20.8393013340206
Q6PL18	17.3476361109672	17.3476361109672	17.3476361109672	20.0880938100327	20.1337796595112	20.4565635406953
Q6Q0C0	18.3288654445116	18.3288654445116	18.3288654445116	19.8595349150672	19.5073314194687	20.1426178711057
Q6QNY1	20.2670808806509	19.9923072605289	19.9234553108601	20.5898153149461	20.3528550976308	20.4083008623549
Q6R327	19.3454012428854	19.7989211467515	19.6686345720086	19.4419928390835	19.9377967999561	19.8405715678943
Q6RFH5	18.3264144673153	17.981127191652	17.2082131296785	20.7641459972703	20.8983936470082	21.2133849275228
Q6RW13	22.0087829924639	21.7909726505302	21.7095597666872	20.0413894787595	20.0413894787595	20.0413894787595
Q6S8J3	26.8094723178662	23.4699530893143	24.5177768354397	21.5419948010779	21.0910630394734	21.5419948010779
Q6UB28	19.3849745661298	19.3849745661298	19.3849745661298	20.7147601728714	20.5930623338402	20.5256265089429
Q6UB35	20.3393855180443	20.7531412563309	19.4186155769537	22.3737138035647	23.0881924129818	23.1579842708553
Q6UB98	20.7419502153054	20.7419502153054	23.9465871594089	20.7419502153054	21.3573610488533	20.7419502153054
Q6UB99	19.2128095957772	21.1328182542525	19.2128095957772	19.2128095957772	20.5189827929331	19.2128095957772
Q6ULP2	19.2104880692133	19.2104880692133	19.2104880692133	20.4168217339828	19.8025626482277	20.6248394069171
Q6UN15	19.2352746134705	20.4128136692324	19.1968272615984	20.5181765936897	20.672845322764	20.7519125050565
Q6UUV9	19.1827831043469	19.1827831043469	19.1827831043469	20.3058345924109	19.972741821421	20.4065395590104
Q6UVY6	18.9303923411351	18.3510104515147	18.7867826710518	18.3510104515147	18.3510104515147	18.3510104515147
Q6UWZ7	18.527515245787	18.527515245787	18.527515245787	20.1612875944134	20.0469436283586	20.6568203730455
Q6UXH1	20.1838679353863	20.3174419606184	18.9330393621383	22.6661181658662	22.595902564922	22.5561266171101
Q6UXK5	19.5515084402885	18.4637971913836	18.6910653501259	18.1620676337607	18.1620676337607	18.1620676337607
Q6UXN9	20.7603460324131	20.926453735504	19.9182950519334	22.1136117252929	22.3896323868422	22.3111122951362
Q6W2J9	18.5213354991775	18.5213354991775	18.5213354991775	19.1652762285631	19.3063799171055	18.5213354991775
Q6WCQ1	23.3454280936518	22.1705821313043	23.0197137438523	17.1925243477387	19.853362442336	17.7373297898036
Q6WKZ4	21.8399550486946	20.8236157685041	21.5112653683023	19.0214849278286	19.5891973160163	19.4884488684926
Q6XZF7	20.4709533606135	20.4199913168663	19.8063102463208	20.8386815861114	21.0574935173272	21.2153489357209
Q6Y7W6	17.9525128203971	18.701919588358	18.402486381584	21.118824365225	20.6331191715896	21.2930685643087
Q6YHK3	20.753264183597	18.5173451496059	20.2159671875428	17.674506343484	17.674506343484	17.674506343484
Q6YHU6	19.3256191375562	19.5582532156262	17.919568727249	19.3841149009716	19.9804049796945	20.1720411087327
Q6YN16	18.6145973369256	18.776297420241	18.2494361366068	21.035288028977	21.714431941146	21.7503691808513
Q6YP21	18.7328176142701	19.7046240799054	18.7328176142701	18.7328176142701	19.7159625488183	18.7328176142701
Q6ZMK1	19.889815564612	19.889815564612	19.889815564612	19.889815564612	21.1224061244498	20.7681954993987
Q6ZN55	19.0250421620562	19.1631376721999	18.5455900332374	18.8613665086054	18.8613665086054	18.8613665086054
Q6ZNB6	19.2332262035549	19.2259414058592	17.9937605076835	20.5599168833629	20.2751670915248	20.1366218566498
Q6ZRI6	17.4182455244162	18.6070739952218	17.2448361074087	20.8851123893343	20.8223331925252	21.3183095739186
Q6ZRV2	19.245117610214	18.6108006088176	17.4325632183237	19.6849253497737	19.2954810051986	19.0771815155564
Q6ZSJ8	20.3052466506913	19.5658955476397	20.3052466506913	21.5694466494891	21.0769802665883	21.9466790502009
Q6ZSR9	20.4428192989502	19.7198819901454	19.2579578533022	20.2437548015574	20.7365018585923	21.2028312112127
Q6ZSS7	18.8372619770779	18.8372619770779	18.9427960201048	18.8372619770779	18.8372619770779	18.8372619770779
Q6ZTU2	19.7827685165371	19.7827685165371	19.7827685165371	19.7827685165371	19.7827685165371	21.6833005223509
Q6ZU35	19.615377336535	19.6219998639503	19.3754885854014	20.4554584710629	20.3042891102247	20.539478727212
Q6ZUT6	19.828154547811	19.4712344492647	20.2443958559552	21.3852661144351	21.1819681342696	21.9075251772281
Q6ZVM7	20.1237294577381	18.6991353819975	20.0859872674114	17.5568171344503	17.5568171344503	17.5568171344503
Q6ZYL4	20.2415194307552	20.2415194307552	20.2415194307552	21.0289284082499	21.0691668344969	21.4366859591318
Q709C8	20.0384773293412	19.2189232669459	19.6356668450827	19.4440612545179	18.8995416748868	19.2517432358721
Q70CQ2	18.2793055153019	18.2793055153019	18.2793055153019	20.2649440639056	19.9664786676057	20.6684756397433
Q70EK8	18.6008042767721	18.4136773100901	18.6008042767721	20.5227965417893	20.1232915760732	20.9214665884844
Q70EL1	18.0499330713223	17.9992411657451	18.1306118419896	20.2003139108652	19.8530079461075	20.5807669967596
Q70EL4	19.5372071235651	19.5372071235651	19.5372071235651	20.1893097099881	19.7997216114726	20.0453130778612
Q70UQ0	20.2621004087277	19.2978074435862	19.2978074435862	19.2978074435862	19.2978074435862	19.2978074435862
Q71DI3	23.3098369703172	23.2341840247551	23.8432611593063	23.4643639546205	24.2671119666691	23.3400787639261
Q71RC2	18.5330211917666	18.7592525745798	18.2319981087671	21.0033525778715	20.7246999001805	21.168737220497
Q71SY5	18.7220470121951	18.7220470121951	18.7220470121951	19.4748949512063	19.9366265632264	20.7405901817987
Q71U36	23.5710249125629	22.5753845698046	18.7610429051566	20.9213581869576	20.6211860033348	23.2625459434211
Q71UI9	22.5870984958921	22.6209251548616	22.4644055104369	22.9817505532587	24.1908534905738	23.5346657191077
Q71UM5	22.8714819366381	22.7411682383136	22.4776875981487	24.1276406946383	24.5288895011182	24.794679949421
Q75N03	18.585121286023	18.585121286023	18.585121286023	20.1723471157543	18.585121286023	18.585121286023
Q765P7	19.4514535096648	19.4514535096648	19.4514535096648	19.7359208944692	19.4514535096648	20.424609665954
Q76FK4	19.1832146885198	19.1832146885198	19.1832146885198	21.1263817690713	20.3961718030261	21.5381019542207
Q7KZF4	19.1163635341472	18.2931667233139	19.0898307131358	19.5785186050965	18.2931667233139	19.8936341916409
Q7KZI7	19.4633095573813	18.3369111059645	18.3092255860232	17.781912737027	17.781912737027	17.781912737027
Q7L014	19.2362489172691	18.3065550566589	18.6988966587324	20.2268862944177	18.3065550566589	19.5332459550054
Q7L099	18.4579540208392	18.4579540208392	18.4579540208392	18.4579540208392	19.6413668215802	20.4122231133401
Q7L0J3	19.0567762354306	18.4634867712683	19.1569764009813	18.4634867712683	18.4634867712683	18.4634867712683
Q7L0Y3	19.0460424793818	18.9082301765301	19.5750367191309	20.0798872055265	20.3827112085517	20.428830737372
Q7L1Q6	19.7191011776707	18.9116938222818	18.4898132492011	18.4637289525964	20.008346899683	18.4637289525964
Q7L266	18.5803731478488	18.5027513407712	17.8348216945111	19.8082109173175	20.1522457337937	19.9303996517066
Q7L2E3	19.985940780298	19.728735895455	19.5795230921637	19.4664994151722	19.7862552707543	19.1129676293428
Q7L2J0	19.7275984065339	19.4829871680997	19.2366726803177	21.2907309119365	21.3626795532526	21.3853331163038
Q7L3T8	19.8381205385456	20.8086789829196	19.2576946070933	22.2274523977907	22.7415413153689	22.9782324665409
Q7L4I2	19.1986283932365	19.1986283932365	19.1986283932365	21.3371798083373	20.4417804468907	21.4065128252826
Q7L576	21.2130969981456	20.947102383486	20.0007207184163	21.8786062959284	21.8878207471852	22.2198467407965
Q7L5D6	20.1649038368447	18.9030322631272	19.4732818656903	19.233139713442	19.233139713442	19.233139713442
Q7L5N1	18.437271427268	18.437271427268	18.437271427268	18.437271427268	18.437271427268	19.6735625937311
Q7L5Y9	18.7033255118402	18.7033255118402	18.7033255118402	20.5143880415451	20.6886526023682	21.0458152070776
Q7L775	18.6899101645482	18.6899101645482	18.6899101645482	19.5212715913712	19.7108854425877	18.6899101645482
Q7L7V1	18.090360244924	18.090360244924	18.090360244924	20.1590528566453	19.4394237935229	19.9309263526604
Q7L804	19.2855257519867	17.3192542277402	19.1932969592672	17.3506281141647	17.3506281141647	17.3506281141647
Q7L8L6	18.4773852801428	18.4773852801428	18.4773852801428	20.222676255693	21.1834420459015	20.9632143417856
Q7LBC6	17.2242000497267	18.4946575269137	17.2242000497267	20.6924229448872	21.0181973188285	21.1813412874458
Q7LG56	21.586934759785	22.013225650638	20.9740809918931	22.4616768894364	23.1645628267774	23.5634843301143
Q7RTP6	21.830582717273	20.6042606575043	21.789552512423	14.459784738368	15.5968732449408	14.459784738368
Q7RTV0	19.4447381446989	20.9019248044928	19.4447381446989	22.3397671261988	22.8663944689884	23.3248922910243
Q7Z2E3	19.0516626942142	19.0516626942142	19.0516626942142	19.0516626942142	21.531931121712	22.1880947116814
Q7Z2K6	19.4974192362027	18.4812626618606	18.7963840359414	18.4812626618606	18.4812626618606	18.4812626618606
Q7Z2K8	19.622866128552	18.7798966290281	18.527890983964	20.8268088847817	20.6511887698186	21.082936389274
Q7Z2T5	19.6486618565734	19.2597684300451	18.948941835574	20.7957561548056	20.8536470282227	21.0748937974732
Q7Z2W4	19.2001697216439	18.926947713715	18.3512280370449	21.4283856024928	21.4891506364835	21.8438622566584
Q7Z2X7	20.3765383880225	18.9334591948224	19.7839199233422	18.5385874158377	18.5385874158377	18.5385874158377
Q7Z2Z2	17.9364842869706	17.9364842869706	18.5563450425007	19.6515793503148	19.8042218260039	20.2306405639878
Q7Z333	16.6637100618545	19.5513258215561	16.6637100618545	21.0064125863354	20.7517576861872	21.2687296866492
Q7Z3B3	19.1238365187942	19.1238365187942	19.1238365187942	19.9336515757133	19.8686874724973	20.5419152966014
Q7Z3B4	17.8651248430884	19.4676265459368	18.9545879097739	20.6063165909403	20.2976399292194	20.5279332901041
Q7Z3C6	19.9359746878656	19.3711915161115	19.4030624387127	18.8293083446046	18.8293083446046	18.8293083446046
Q7Z3E2	18.9963504500792	18.9963504500792	18.9963504500792	20.0974688413554	18.9963504500792	20.6340858340003
Q7Z3E5	18.1815679916361	18.763400602565	18.2615744876965	18.1815679916361	18.1815679916361	18.1815679916361
Q7Z3K3	18.5098776173766	18.5098776173766	20.6790413465433	20.4821079175983	18.5098776173766	19.9030308897491
Q7Z406	21.6796631706532	21.64224299777	22.2132538310592	14.2608484075564	22.1294715099096	17.7130619639285
Q7Z417	18.7483682929719	18.7483682929719	18.7483682929719	20.8642163120691	20.7687451996341	20.7577117577304
Q7Z434	18.9909309228149	18.9399892700104	18.2196663798282	20.695125936204	20.9826415084393	21.3915175764607
Q7Z460	19.7240455580068	19.3638894515031	19.5648498363313	19.9168469912008	19.9899852637192	20.6302901194888
Q7Z4G4	18.9397302228225	18.9397302228225	18.9397302228225	20.1668816714636	19.3140318225718	19.8270451276727
Q7Z4V5	19.7720412487949	19.52288285048	19.0596487390604	21.9967016274352	20.915984122898	21.8062985214297
Q7Z4W1	18.6128793185568	18.6128793185568	18.6128793185568	20.2615496688909	20.6375579053186	20.9174328810941
Q7Z569	18.3382456202706	18.3382456202706	18.3382456202706	19.788276549476	19.7436131542199	18.3382456202706
Q7Z589	18.3185882509219	17.8911825909451	17.8911825909451	20.181393229035	20.2027608700002	20.3500941274178
Q7Z5J4	17.5673947980909	18.5250659194048	17.0749881458421	20.1795113313264	20.2336334047141	20.4136805170716
Q7Z5K2	17.9170023091858	18.7098395002396	18.3541497503525	21.2629078417753	20.9768250499714	21.5662306535808
Q7Z5L2	19.9469623557103	19.9469623557103	19.9469623557103	20.5731474133622	20.5651317149077	20.9264158124641
Q7Z5L9	19.1179195752738	19.0617298273961	17.6459558906091	20.5521284162422	20.2437678903694	21.1589894427138
Q7Z624	18.9625052081919	18.9625052081919	18.9625052081919	19.828928863617	19.6742146412441	19.9329739326205
Q7Z6E9	18.5395602670075	19.1517571890869	18.3005814269704	21.3020503326504	21.5210226493767	21.492998542383
Q7Z6I8	20.7924201813515	20.4725141695262	19.2406143227278	22.6002802412377	22.5198038686663	22.8937575584837
Q7Z6J6	19.0017879170949	19.0017879170949	19.0017879170949	19.8072465736476	19.8748562906371	19.9745131257694
Q7Z6J9	18.3647335677795	18.3647335677795	18.3647335677795	20.5530814012002	20.1225312047892	20.946166525832
Q7Z6K5	19.9101068165328	20.1044810112243	18.8375059328093	20.6040941242883	20.9981914164154	21.2862187030328
Q7Z6M4	19.4161318277804	19.4161318277804	19.4161318277804	20.1454030050366	19.4161318277804	19.8767647810754
Q7Z6Z7	19.5466191582927	19.2957687288013	19.0302602342235	20.0211710126281	20.0591545325277	20.3438867449375
Q7Z7A3	19.9086542090009	18.8159504204578	18.2409389674333	19.8161961378908	20.8903196383287	20.1960665317812
Q7Z7C8	20.8535912259017	20.8535912259017	20.8535912259017	22.0591942671074	21.9778208504527	22.5704625954474
Q7Z7K0	19.5235797810143	18.8720599848667	17.797711069796	21.4112726368704	21.544108385854	22.0423194750248
Q7Z7K2	21.5863123683136	19.9286185385509	19.9286185385509	19.9286185385509	22.1621966464716	21.1328642049043
Q7Z7N9	22.2000814857267	20.6704709860047	22.0844207243308	20.5248558103406	20.5248558103406	20.5248558103406
Q86SQ0	19.4647201312017	19.5066938155287	18.9804181067087	21.0219929710976	20.6263521229299	21.2104058150092
Q86SX6	20.7415742826437	20.1460267343702	20.3987727513388	22.1464842450297	22.3409920085209	23.1136226140796
Q86T03	21.3473801317213	19.6817441259744	19.855672837539	19.7093155896096	19.7093155896096	19.7093155896096
Q86TB9	18.4891092012665	18.4891092012665	18.9479263033321	18.4891092012665	18.4891092012665	19.4141367696177
Q86TJ2	18.6712694547836	18.6712694547836	18.6712694547836	19.5144880347842	18.6712694547836	19.6298116810603
Q86TP1	22.7980354777701	22.4762983322649	23.1396228043179	21.2125738413402	21.2125738413402	21.2125738413402
Q86TX2	18.3368009883376	18.3368009883376	17.6123908950412	19.0734833436978	20.1381746705509	19.3431148830443
Q86U28	20.0249902024058	20.1363345157485	19.0148375857104	22.0269228814946	22.6598218940639	22.5594627004633
Q86U44	19.2748633008745	18.2805771246792	18.4640325878203	20.3792602878991	20.1952017555334	20.9946945698668
Q86U70	19.7346626494944	19.7346626494944	19.7346626494944	20.6023595846735	19.7346626494944	20.6733254463013
Q86U86	17.9675595095591	18.687572769314	17.9675595095591	20.1673774540831	19.1355477368783	20.1905761440514
Q86U90	18.4561843660385	18.9990649447084	17.7196800822591	20.0991777870109	20.16895937979	20.6311739963405
Q86UE4	19.3136464746292	18.710899960243	18.2292817673275	17.8265055527026	17.8265055527026	17.8265055527026
Q86UE8	19.185032612421	19.2991841539954	18.381382589795	21.1437427296204	20.3011021256631	21.3432774923346
Q86UK7	18.8581342050967	19.1574589712681	18.8481299707149	21.0641644608202	20.388167615621	21.0732768740225
Q86UL3	19.3931973505442	18.8443637447283	18.4140553786603	18.8443637447283	18.8443637447283	18.8443637447283
Q86UP2	21.1002078693839	19.832699143918	20.6624107954614	16.1567506059863	16.2441317850773	16.4951856151627
Q86US8	18.3314244123898	18.7596567443465	18.299274623275	20.2426605479873	19.9708912900895	20.3550707453154
Q86UT8	19.2214687008829	19.2870300791273	18.9216570857481	22.9881863440889	23.3237616967783	23.6004083716814
Q86UU0	18.4369075147846	18.4369075147846	18.4369075147846	20.6276364900123	20.5134365327566	21.1549872478004
Q86UU1	18.0726649686016	18.6358529826996	18.3194550692743	20.4827578276021	20.3657489076138	20.9298327375331
Q86UV5	18.1899002947396	18.1899002947396	18.1899002947396	20.1335898719531	19.6413392460756	20.5860711834825
Q86UW6	18.6327305697163	19.0317991965699	18.6327305697163	18.6327305697163	18.6327305697163	19.9530265072245
Q86V48	20.8678659488271	20.7864783642035	20.2139186922328	21.8361197511962	21.4191679598122	22.3218844809292
Q86V81	21.0754962864548	21.6333241264971	20.4842911801041	21.3507527894328	22.188279124882	21.7453333489521
Q86VM9	18.7035056658865	18.7035056658865	18.7035056658865	20.6990893008786	20.4199356100311	21.0379864457918
Q86VP6	19.0100070640824	18.4879117422586	17.9538008716294	19.9073023520993	20.2726548398065	21.0127552697131
Q86VW0	18.0420890189996	19.2665183377662	18.0420890189996	20.4506754468344	20.0699690402072	20.7276223269001
Q86VY4	20.1644884667389	21.0770271423069	20.2991566234304	22.4484000685942	22.7639092827251	23.0185742848363
Q86W42	18.3193653986022	18.1787932801064	17.0720795867914	20.7336421604527	20.4147683977187	21.3189640994357
Q86W50	18.2734592771715	18.2734592771715	18.2734592771715	19.7746852685313	19.5081123232534	19.8159067485268
Q86W56	19.1890990936932	17.6116771920506	18.4137709212001	20.7010729458059	20.5016993196782	21.113356763653
Q86W92	20.5543634530596	20.1731672676848	19.2200389795934	20.5105413269965	20.408432126974	20.7815291072383
Q86WB0	19.0887184729996	19.2757912552982	18.4162537011801	21.899031042067	21.6048462051504	22.2034505872435
Q86WR0	19.467924893028	19.0179177391381	19.0064750683346	19.0179177391381	19.0179177391381	19.0179177391381
Q86WR7	18.8659849483638	18.8659849483638	18.8659849483638	20.3322741624508	20.2191658015352	20.5022791458015
Q86WW8	22.0068973209554	22.3031171729208	21.9155257828269	23.1918806425309	23.5964900936721	23.4744508672576
Q86WX3	19.7819079715777	19.5762143601077	19.173029464497	22.451591996885	22.016317012587	22.6154186510414
Q86X02	19.5457015096099	19.2821390858332	19.5457015096099	20.3789095289228	20.4151787280468	19.5457015096099
Q86X29	19.7670824647492	18.6233000750904	19.158757373724	18.6233000750904	18.6233000750904	18.6233000750904
Q86X51	21.1650298094616	20.2692771059639	20.4413202265497	23.8898089129416	23.5250645719609	23.9040707733779
Q86X55	20.0174649005308	20.083066266592	19.290421271573	21.0775529934501	21.6987111799698	21.939104021515
Q86X76	18.5582475188957	18.5582475188957	18.5582475188957	18.5582475188957	18.5582475188957	20.1078855632787
Q86X95	18.8738747212348	19.5969906089186	18.1668396460141	21.0509365043774	21.3126848344053	21.2656101972775
Q86XL3	18.0675317275143	19.5084067556737	18.4896628065785	18.0675317275143	20.6416278638589	18.0675317275143
Q86XX4	18.9206354790226	18.9206354790226	18.9206354790226	18.9206354790226	19.9652587915685	20.315031236339
Q86XZ4	19.4366460199683	19.4706204776481	18.5955114002441	20.5238451641988	20.058191023893	20.8105883030527
Q86Y07	19.2883315308738	19.9752564702229	18.7020652011421	21.5631784516297	21.2035675949183	21.6717028449825
Q86Y37	19.4342431723691	19.4342431723691	19.4342431723691	21.1053628007896	19.4342431723691	21.5899080591972
Q86Y56	19.166144325401	19.9315139858039	18.7936584062807	20.2299892961075	19.3104119789983	19.9630103725602
Q86Y79	19.5637614076772	20.4039408976148	18.4672002543418	22.3931828223606	22.5963463206468	22.7774505303644
Q86Y82	21.5784585257047	20.6768965241315	21.5678772315129	18.2045121886208	18.7750282830282	18.2045121886208
Q86YH2	18.3962605394599	18.3962605394599	18.3962605394599	19.5979321508126	18.3962605394599	20.1567397531538
Q86YP4	18.9133735978208	18.9133735978208	18.9133735978208	20.51290203172	19.8021968322383	18.9133735978208
Q86YS6	19.2803833401171	18.0374860189483	20.3680011595834	18.0374860189483	18.0374860189483	18.0374860189483
Q86YV5	18.1083382711026	19.0058456066921	18.2267469268123	21.5336422404401	21.5011010066101	21.7936762988625
Q8IU81	19.7780084336377	19.7780084336377	19.7780084336377	20.4021495793417	20.0406814543527	20.7823878308174
Q8IUC0	19.269799232059	19.269799232059	20.1809596599321	19.269799232059	19.269799232059	19.269799232059
Q8IUC1	18.4682583346701	18.4682583346701	20.0261847875502	18.4682583346701	18.4682583346701	18.4682583346701
Q8IUD2	19.3157261123466	19.0028823816763	19.2017684446801	20.54022373522	20.1188095377355	20.5675245755384
Q8IUF8	19.3289729998622	19.1146750574019	18.7475618813765	20.7887407361682	21.0815674754602	21.3048025991464
Q8IUG5	19.0404869087515	19.1254263135904	18.4782658560777	19.8425408126147	19.7568501626452	20.5193332592237
Q8IUQ4	18.8364116076324	18.8364116076324	18.8364116076324	20.9105424125767	18.8364116076324	21.165605443105
Q8IUR7	18.6774204572249	19.7961289465186	18.6774204572249	20.1052539906766	20.1106378707103	20.5483026280073
Q8IUW5	19.124719142594	19.4838246242485	19.2516891692063	20.6051752396726	20.9103024368826	21.4766641255207
Q8IUX7	18.5234575147774	18.5234575147774	18.5234575147774	20.5107478494813	19.8993994093568	20.507291573935
Q8IV08	19.8294586578276	20.3771748224801	19.2498613022449	22.0414652765751	22.5089334936798	22.7182893741405
Q8IV48	18.5315659706609	18.5315659706609	18.5315659706609	21.0825425536262	20.2952936398162	21.7357950015121
Q8IV63	18.0385009484495	18.327242115932	17.5634772644104	20.9629260664957	21.2540662208889	21.5264019827643
Q8IVF2	20.2263955276725	19.5490369308726	19.4333252684221	21.1923392802767	21.2483941113635	21.8389193251703
Q8IVF7	18.4792959294256	17.8570042836668	18.8857539243588	19.2241831695537	18.4482060558561	19.0716752233934
Q8IVH8	18.9403228919587	18.9403228919587	18.9403228919587	20.2665318660704	20.3603825387138	20.9146670446432
Q8IVI9	23.7163515696081	22.5499730392273	21.2097703074404	21.3863496591309	23.1981048741543	21.3863496591309
Q8IVL0	19.0202213730368	19.0202213730368	19.0202213730368	21.0476117070481	22.8590621120713	21.0794937474091
Q8IVM0	20.6536451582275	20.2317406192822	20.0247649566931	21.3911743462162	21.2662064259692	22.0323399385828
Q8IVS2	18.8465843630484	18.8465843630484	18.8465843630484	18.8465843630484	19.7248584748388	20.2181827483737
Q8IVT2	21.1984751148909	20.5902436924104	21.0012458927648	21.8499768926222	21.7708944017342	21.5334389255644
Q8IW35	19.4295096920868	19.2087123149634	19.2095105702045	19.2095105702045	19.7875046268318	19.2095105702045
Q8IWA0	19.0455765267525	19.0455765267525	19.0455765267525	20.273568167868	19.0455765267525	20.6130794062415
Q8IWB7	18.2779546220707	18.2779546220707	18.2779546220707	20.4537540674831	19.8450983190547	20.739022786337
Q8IWC1	18.8515035317746	18.2306809288525	17.5311121912381	20.7904704456731	20.5964229373078	21.0073699165217
Q8IWE2	20.3880750760465	19.8465731741843	19.2166680127068	20.6927521427296	20.8081676357534	20.4231974921614
Q8IWI9	18.0032521200506	18.0032521200506	18.0032521200506	19.9649157908497	20.1541059019111	20.3906241739689
Q8IWR0	18.7244795371849	19.3668436430051	18.7215512124225	19.138440004267	19.1934051176363	19.2118846444538
Q8IWS0	17.9990992319856	17.9990992319856	17.9990992319856	21.8599620622952	21.6902362349084	22.4917039965402
Q8IWT6	19.4655056495989	18.2316199229521	18.8745401453459	17.8508389040386	17.8508389040386	17.8508389040386
Q8IWU2	20.914133495906	19.6979607175794	19.8477249481765	16.9417821700047	16.9417821700047	16.9417821700047
Q8IWV7	19.1853177405315	19.1853177405315	19.1853177405315	20.2716279757425	20.4047363868542	20.0802906984196
Q8IWV8	18.423657655829	18.423657655829	17.7864292894406	18.423657655829	18.423657655829	18.423657655829
Q8IWX8	19.4827201972873	19.7540059061577	19.4956139038149	21.642168495354	21.652047798138	21.8532832110308
Q8IWZ3	18.3890863726105	18.3890863726105	18.3890863726105	18.3890863726105	19.6495265691442	20.058318494166
Q8IWZ8	18.708534494381	18.708534494381	18.708534494381	20.4669921331753	20.6012563381161	21.017189523808
Q8IX01	18.5788963720307	18.6467917839491	18.8988576653734	20.9301120742225	20.853077074148	20.8808650232454
Q8IX04	18.9291287760965	18.9759390206564	17.9378755344278	20.5215627050864	20.1300294884522	21.011907770689
Q8IX12	19.1207967877513	18.5281658370683	18.1261994295176	19.6757574084125	19.6197131668234	20.8058641441858
Q8IX21	18.6902039000166	18.6902039000166	18.6902039000166	19.5612999247956	18.6902039000166	19.6683660176532
Q8IX90	18.4452843033007	18.5719416173095	17.3379178176317	18.4452843033007	18.4452843033007	20.678849283815
Q8IXB1	21.892113077977	22.3057694729847	21.2545794332312	24.4662194715911	24.5520011311802	24.6766265898248
Q8IXH6	20.6088920858662	20.6531754829754	19.782235326085	21.7519566005037	22.1562051176273	22.1239240400533
Q8IXH7	18.2935061525074	18.6651936929358	18.2935061525074	20.3575991301347	19.841076845442	20.6242362274942
Q8IXK0	19.3201910931205	19.1193115646754	18.1580382817773	20.8268544571289	21.1115225023375	21.2663530015063
Q8IXL7	21.0731766926098	20.5956150238656	20.2295417522329	22.145931781665	22.138439047224	22.3902066461466
Q8IXQ3	19.3409648570662	19.3409648570662	19.3409648570662	20.3873200743411	19.3409648570662	19.3409648570662
Q8IXQ6	18.5058477178281	18.97875174466	18.5199318999279	20.7957869427347	20.6795812220197	21.0505221309541
Q8IXS6	20.8256451200886	20.7157373560543	19.7284905892655	21.8336376085888	21.8834351847513	22.2298103081218
Q8IXU6	23.4184742381257	22.3281710955382	23.161065466745	21.3107401893245	21.3107401893245	21.3107401893245
Q8IXV7	17.574769340917	18.3810378320689	17.1788195469636	21.71036306662	21.2826615931756	21.3647406198308
Q8IY17	19.3976435924603	19.3957586123822	19.4576798679145	20.5007027400251	20.4575342793191	20.2708112225088
Q8IY18	18.4926672373038	18.4926672373038	18.4926672373038	19.8097583848322	18.4926672373038	20.436949291666
Q8IY22	19.3849106881002	19.3849106881002	19.3849106881002	20.5691128914214	20.6736585445275	20.7628186746148
Q8IY33	19.5862157472341	19.7435571034956	19.3345725513333	22.0169306710386	21.9253942860717	22.3706560434706
Q8IY63	18.7090162582529	17.7904784857366	18.0348749233196	17.7904784857366	17.7904784857366	17.7904784857366
Q8IY81	20.1331897207956	20.0728343490277	19.6396578462379	19.9628490881969	20.373758423574	20.4035982071871
Q8IYA6	19.0928116824617	19.0928116824617	19.0928116824617	20.2946507842798	19.9388586270736	19.9565513611571
Q8IYB3	18.8145930898445	18.3302727567228	18.3302727567228	20.8095290763349	19.7329485740177	20.754133792263
Q8IYB5	21.7133543196574	20.9933318515597	21.1039425428332	22.2909802624366	22.0361730115272	22.2068787245808
Q8IYD1	18.701248359289	18.5030859834873	17.8081511509961	18.5030859834873	18.5030859834873	18.5030859834873
Q8IYI6	18.6786479218129	18.743653984213	18.743653984213	18.743653984213	18.743653984213	18.743653984213
Q8IYL3	21.083205333108	21.8771893078078	20.0220269937958	23.3320536842621	23.1451453339791	23.2691218882924
Q8IYM9	20.1541459812848	20.827415107548	19.9818991588689	22.9529308291083	22.7828247152805	23.2769343913849
Q8IYN2	19.3098785161109	19.3098785161109	19.3098785161109	20.7671220486975	21.653618049827	21.8154844769414
Q8IYQ7	18.7493365575437	18.5667523742949	18.7493365575437	19.8557024149516	20.0157131302902	20.6618638847381
Q8IYS1	18.6705412815182	19.4401042692223	18.6705412815182	21.0777242109324	20.7874413494556	21.2427069421183
Q8IYT2	18.6775230244664	18.6076651430427	18.6775230244664	20.8234593291947	20.4706970681165	20.7392185590746
Q8IYU8	18.5787492563318	18.6346030590422	18.5787492563318	20.8879615736367	20.9147014524993	21.2916435880846
Q8IYW5	19.6113794211261	19.6113794211261	19.6113794211261	20.3839566999805	19.6113794211261	20.4050726924785
Q8IZ69	17.2822278637342	18.6120417768184	17.2822278637342	20.1340177321213	20.4105946251378	20.8527123950436
Q8IZ83	18.5892362492536	18.3459211333568	18.5892362492536	19.8791680023635	19.88143380314	19.7868644263359
Q8IZA0	19.1432964745334	19.1432964745334	19.8159319976617	19.1432964745334	19.1432964745334	19.1432964745334
Q8IZD4	19.6361082183874	19.4727358935387	18.492815821369	20.8357019042712	20.78109781303	21.0701174393387
Q8IZH2	18.5522543516172	19.0096872311199	17.6400143427907	20.3333258545433	20.3392469754664	20.8678604754882
Q8IZL8	18.4777612453433	19.4687856585486	18.9762416156793	18.4777612453433	18.4777612453433	18.4777612453433
Q8IZP0	20.6571387995143	20.7369699676548	20.1373447565443	21.6963344707698	21.3199248093813	21.6516584527945
Q8IZQ5	19.9482890828445	19.0279558406722	19.0279558406722	19.8633395656764	19.0910669075554	20.0453158748433
Q8N0V3	19.3414280854289	19.3414280854289	19.3414280854289	21.3862397323251	20.8726611320378	19.3414280854289
Q8N0X7	20.5672871113248	19.2188923584476	20.0938110811508	19.6531139624878	20.526734130266	20.3307079260681
Q8N108	19.1695503127186	19.1695503127186	19.1695503127186	19.1695503127186	19.2449573946494	19.8160927531658
Q8N131	22.3105645931622	20.4620712422759	23.9191193636489	20.870341463749	20.870341463749	20.870341463749
Q8N163	21.2031079100197	20.6238226761717	20.9551255594557	21.6936046513632	21.7429303395574	22.1514709428512
Q8N1F7	18.6879634526663	18.5920414918896	18.6641502670686	20.4769716025955	20.4439201154711	20.854586876349
Q8N1F8	18.2954387007956	18.2954387007956	18.2954387007956	19.3960754978314	18.2954387007956	19.841395229952
Q8N1G0	19.2822242758885	19.2822242758885	19.2822242758885	20.3206938705123	20.5037713322292	20.4359292458205
Q8N1G2	17.9110977000749	18.2185248591846	17.4720479281349	20.3766421717144	20.3312160445171	20.6401686851544
Q8N1G4	19.506517063352	19.0293116874687	19.0307003671836	20.102689942967	19.8728120713868	20.2971362017848
Q8N1I0	18.1180015533941	18.7034155560426	18.0823955380946	17.8536980517959	17.8536980517959	17.8536980517959
Q8N1W1	19.6903823557091	19.7125746135484	19.5143783032165	20.6335925991345	20.710602679798	20.8429797799778
Q8N201	18.770734153668	18.770734153668	18.770734153668	19.0983076980237	18.770734153668	20.5225949884352
Q8N2S1	16.310713355407	16.310713355407	16.310713355407	20.6163276767451	20.4618594637346	20.8276620111634
Q8N2W9	18.2679230417677	17.6258871105071	18.2679230417677	20.0183080062214	19.3821880956835	20.3230401977801
Q8N357	23.0167433096569	20.229862818291	20.229862818291	20.229862818291	20.229862818291	20.229862818291
Q8N398	19.5112961945811	19.5112961945811	19.5112961945811	20.1089074862149	19.6754227838229	20.1222914215134
Q8N3C0	18.1064671050887	18.5791680804994	17.1261840257652	20.0773090306104	19.7931016518771	20.3852729881283
Q8N3D4	20.6354624939439	19.3102710863929	19.7267206020323	19.4616079060368	19.4288360329038	19.6571972958037
Q8N3E9	19.949855972996	19.434249282108	19.4127039179203	20.7603096481717	20.8406296214327	20.965224362647
Q8N3F8	19.4883731508621	19.0286803819993	18.4905032855023	20.6578049862168	20.6788412496418	20.6377853433263
Q8N3J2	18.8901620262812	18.8901620262812	18.8901620262812	19.8784222386328	18.8901620262812	20.2907221776785
Q8N3J9	17.741681917988	18.3534303367268	17.8244236616404	20.7783594162883	20.1631174940086	20.23525834873
Q8N3R9	19.0289493984799	18.9539243737496	19.0428371221595	20.6353927068933	20.315253443683	19.0428371221595
Q8N3V7	19.7912197190531	20.0802556863554	19.2818931862654	21.583267461706	21.6652396823308	21.8915411149661
Q8N3X1	18.377553337052	18.377553337052	18.377553337052	20.2279188948726	20.7970713859013	20.680593006941
Q8N488	19.1185781474663	19.1185781474663	19.1185781474663	21.211199030531	20.430576651493	21.0870258704374
Q8N4N3	18.2775568035505	18.9009436938401	17.6364889517087	20.031481522434	20.2581737769031	20.6561764058312
Q8N4T8	18.2764088864762	18.2764088864762	18.2764088864762	18.2764088864762	19.6488390118697	19.5383036218573
Q8N556	19.6786897993286	19.6907727033785	19.0720082874135	21.4157362514973	21.111830897414	22.2744686315491
Q8N594	18.5466064449958	18.5466064449958	18.5466064449958	18.5466064449958	18.5466064449958	20.0346571248514
Q8N5C6	19.2782739029978	19.8897619669758	18.8946143006295	21.5984203709554	21.671764391439	22.0268265895966
Q8N5C7	19.0340560950632	20.2190332384628	19.0340560950632	19.8446202695076	19.0340560950632	19.7875337421299
Q8N5F7	19.7948762865127	20.0905777134859	19.2147656995267	21.2140203824071	20.757493115211	21.4759161037375
Q8N5H3	19.6963088916533	19.2646729460669	19.7344867554181	19.2646729460669	19.2646729460669	19.2646729460669
Q8N5K1	20.0442301300341	19.2091911974631	19.170740177826	19.2091911974631	19.2091911974631	19.2091911974631
Q8N5P1	18.7587745311942	18.7587745311942	18.7587745311942	20.570880699495	19.4274920845866	20.5965740246859
Q8N5Y2	18.8479492977029	18.8479492977029	18.8479492977029	18.8479492977029	19.9723570779208	19.9739592714654
Q8N5Z5	19.5217757341143	19.5217757341143	19.1036245199655	21.0710922783593	21.1135154891861	20.8388132447321
Q8N680	19.46521067873	18.9049482420842	19.46521067873	20.1637901185021	19.6824126133482	20.393740778934
Q8N684	19.9904291365322	19.0088521943878	18.7523539701716	20.3236160284807	20.1534425268573	20.7574478725526
Q8N6M0	19.6136701038536	19.4533401428449	19.4533401428449	19.8420122769963	19.4533401428449	20.1655853285609
Q8N6N6	19.3944524296172	21.0284717514371	19.6743140736264	20.3011291316343	21.2225716554728	20.965270246619
Q8N6T3	20.7978819594555	20.4729698204652	21.0245930055436	19.9283976061134	20.5990091498388	20.6972533591079
Q8N715	23.3621929170815	22.7592535682737	23.3178196673447	21.416478617502	21.416478617502	21.416478617502
Q8N7H5	18.4932407542545	17.9266915810803	18.4932407542545	19.59450186613	19.6216491102134	20.0628507470145
Q8N7R7	19.3365410864401	18.386392565854	18.3461236316127	18.3461236316127	18.3461236316127	18.3461236316127
Q8N806	18.4131584744016	19.0601725468545	17.3858304350703	20.7813122607186	20.7217297942079	20.951020999593
Q8N8A6	19.3904278946393	17.5451607131488	18.3697304088048	18.8143064432863	19.4373304325215	18.7655059827862
Q8N8R5	19.8515983515652	19.7362220157128	19.4636098060718	21.6512426119448	21.3001731124542	21.0010549738119
Q8N8S7	19.5379616378925	19.5379616378925	19.5379616378925	21.667062792568	19.5379616378925	21.4879050685773
Q8N8Z6	18.892656933306	19.0743927010021	18.5284391984257	20.2624800527104	20.4366650563381	20.0921248576788
Q8N983	18.7562099436036	18.7562099436036	18.7562099436036	21.2392594264187	21.7072948445568	21.6527834139053
Q8N999	19.8007968263209	18.7562635921524	18.4695399233751	19.574405416328	20.217677987144	20.2403608159454
Q8N9N8	19.3924908589992	19.3924908589992	19.3924908589992	19.3924908589992	19.7955404276344	20.1341145283857
Q8N9Q2	19.8229582008368	20.3534553932804	19.8229582008368	21.7345439645169	20.9905282528246	21.1616622503183
Q8N9T8	18.6254805986057	18.6254805986057	18.8451211981476	19.4584445179437	18.4349661919149	19.8527047680506
Q8NA19	18.8448718239709	18.8448718239709	18.8448718239709	20.298802120215	19.7918563285618	20.8087672704598
Q8NAF0	19.8882907752585	19.8882907752585	19.8882907752585	20.5929951513903	20.2381901582295	20.9416512686624
Q8NAP3	18.4553546421367	18.4553546421367	18.4553546421367	18.4553546421367	19.7239860326258	18.4553546421367
Q8NB37	18.6100804820603	18.6100804820603	18.6100804820603	18.6100804820603	19.1811850210063	19.6849866803168
Q8NB49	19.038041522532	18.2647055034293	18.3802755643676	18.2647055034293	18.2647055034293	18.2647055034293
Q8NB90	19.8439990397765	19.3930977719186	18.9009497567234	18.9009497567234	18.9009497567234	19.856989257951
Q8NBF2	19.3814824526644	18.8933826115409	18.5528677205365	20.108691138082	20.9342485204865	20.4382916996555
Q8NBJ5	19.496734878322	17.894722824568	18.7064016708723	18.8020153387478	17.9471987479555	17.894722824568
Q8NBJ7	18.8488808990885	18.6905851438037	18.0933238945694	18.6327023530607	18.6327023530607	18.6327023530607
Q8NBK3	19.4457488282097	19.4457488282097	19.4457488282097	19.4457488282097	20.6924279736138	19.4457488282097
Q8NBN3	19.9803847083011	19.3974544127087	19.3922844047175	19.2799248780373	19.2799248780373	19.2799248780373
Q8NBQ5	20.4144841320778	19.0492548704906	19.8913027828183	17.5384298506423	17.5384298506423	17.5384298506423
Q8NBS9	21.4304268811233	20.8981734351716	20.6900833848833	22.9598742631814	23.103738802001	23.0497004892475
Q8NBT2	20.6749116114242	20.666636482568	19.5594939147668	20.8740845983103	21.2011522299567	21.3554468465878
Q8NC51	21.8341683777176	22.2174807603163	21.039331898609	24.1613792857218	23.2552089463367	23.4486266855761
Q8NC54	20.0408114066458	19.4026055722942	19.9284135949696	19.4026055722942	19.4026055722942	19.4026055722942
Q8NC69	19.7225755911946	20.0533860337801	19.3389757887512	20.1878780314951	21.6132643256228	21.1287259417374
Q8NCA5	19.4018354169958	19.9605118502753	18.1651136820109	20.8225698364809	21.1417643877938	21.3771822183282
Q8NCD3	18.0292842827089	18.0292842827089	18.0292842827089	18.0292842827089	19.5610582161034	19.9219998617287
Q8NCE0	18.9078084534881	18.9078084534881	18.9078084534881	20.6890217148273	20.07595702784	20.5473124862125
Q8NCE2	18.9571591725443	19.3373758630982	18.7600682559068	19.0067089782749	19.3623392563336	19.4352545248688
Q8NCG7	20.6049267613187	19.7329295292715	20.5001620562026	17.3349371608703	17.3349371608703	17.3349371608703
Q8NCM8	21.100782958604	21.4039908697424	21.4145393692409	19.8045281311577	20.4139670107187	19.8045281311577
Q8NCN4	19.182217857076	19.570990484302	18.7836854714016	21.5999102597991	21.4359197432153	21.6616232583769
Q8NCW5	19.2539963886533	19.2539963886533	19.2539963886533	19.2539963886533	20.5683175532952	21.2631077041938
Q8ND24	17.2092389957128	19.3179493225634	18.1949166551855	20.2763035578008	20.2633915354481	20.7814871582519
Q8ND56	20.1805574288815	20.5271131235119	20.0158522409739	22.0453360219248	22.0437041086977	22.4013305763325
Q8ND76	20.3248887889609	20.3954563705607	19.4288287519599	19.0750225102066	19.0750225102066	19.0750225102066
Q8NDA8	19.2847969685974	19.6113397517401	20.6313524000043	19.9345287780869	20.337983477936	19.2847969685974
Q8NDC0	23.7343056244491	23.5518179156792	23.0286643019907	23.7785008617422	23.9450404730912	24.1331661910339
Q8NDF8	19.1608741888422	20.7491464725467	19.1608741888422	19.1608741888422	20.6305824884078	19.1608741888422
Q8NDH3	18.4154917324338	18.63392627345	18.4154917324338	21.1718176131739	21.0223882282188	21.6823843107474
Q8NDI1	20.2412109451086	18.4301899997088	19.7193166519057	18.4301899997088	18.4301899997088	18.4301899997088
Q8NDN9	19.4703052740217	20.5216109695751	18.3110224164677	20.7794146754778	19.0472571319713	21.19428380426
Q8NDX6	18.9252711298329	18.8310676093091	18.8310676093091	18.8310676093091	18.8310676093091	18.8310676093091
Q8NDY3	28.9332572346224	28.2361067230317	23.7572934274158	23.7572934274158	23.7572934274158	23.7572934274158
Q8NE01	19.1750506169634	18.3343789711096	18.5406238975344	18.3343789711096	18.3343789711096	18.3343789711096
Q8NE62	18.4209088565749	19.0168102106959	18.4209088565749	18.4209088565749	19.0045017356908	18.4209088565749
Q8NE71	20.3888087247592	20.4582037471793	19.7030043789158	21.940630970737	21.6799249403787	22.4376740309276
Q8NEF9	18.5548743269282	18.5548743269282	18.5548743269282	20.5186733698718	18.5548743269282	20.110833548927
Q8NEL9	18.5530795731647	19.2514329250561	18.5530795731647	18.5530795731647	19.4036056532299	18.5530795731647
Q8NEM2	19.0495603733177	19.0495603733177	19.0495603733177	19.8889317997634	19.3470943132526	20.8113247689137
Q8NEM7	18.5141048241702	18.5141048241702	18.5141048241702	18.5141048241702	19.9961955006444	20.4151827973632
Q8NEV1	19.1307276596167	18.8552961276298	17.416583216765	19.8010679716678	21.1423839671498	21.0475103356667
Q8NEY8	19.2547970192686	19.1617974596803	19.4631395064863	21.063185862955	21.0761674856403	21.3605623564032
Q8NEZ2	19.0160569812153	19.0754212051623	19.0754212051623	20.0101611415408	20.2294688125154	19.9246523115304
Q8NEZ5	20.1611367284173	19.786204857474	18.8405440135255	21.3990416241081	21.808550485335	22.5590446966352
Q8NF37	19.3232849279168	18.8618806532614	18.8531000268719	18.5301066618746	18.5301066618746	18.5301066618746
Q8NF91	21.1191689157501	21.5841030657273	22.3819530593867	21.4597945465739	22.2967392681698	22.2054655493509
Q8NFA0	18.4901771542646	18.759144801609	18.4901771542646	20.4398925352585	20.2476473811354	19.7230664004018
Q8NFC6	17.849446165813	18.5113597337002	17.5072912461754	20.694954128368	20.150717952721	20.7868183674964
Q8NFD5	17.8926109946747	19.1895532139566	19.0717500908152	21.2009068287683	20.8873829361846	21.124301640073
Q8NFF5	18.9539467959371	18.3017406118659	18.9788949382611	20.4541389178725	20.3740598587816	20.7852825109106
Q8NFG4	19.3965141000313	19.0132057053567	18.2409991162467	19.3037663625827	19.7543387851136	20.0624344290256
Q8NFH3	19.4183023196621	18.5039376377015	19.4183023196621	20.6920740553353	21.0601325631334	21.1796557678234
Q8NFH5	18.9321012651122	18.9321012651122	18.9321012651122	20.0458997132299	20.6265203769436	20.8357570330891
Q8NFJ5	18.8904013573526	19.2176363104207	18.3378788290188	18.0883778096362	18.0883778096362	18.0883778096362
Q8NFQ8	19.3984264700353	18.7923797102592	18.2737373604287	18.8056113154947	18.8056113154947	18.8056113154947
Q8NFW1	19.7093754940992	18.4588334457163	18.4588334457163	20.0009882276514	18.4588334457163	20.7573851393865
Q8NFW8	19.7060383161555	19.3500723093966	19.7735929400211	21.4298057925239	21.73029221243	21.7589482884225
Q8NG31	18.3446531674899	18.3446531674899	18.3446531674899	20.5759059033478	20.1174621024768	20.7869926951198
Q8NG68	19.3356184708671	19.9847062646999	19.3356184708671	21.2141726382983	20.9752023316829	21.2327566199473
Q8NHG7	21.2888853625499	19.295973057408	19.933533621532	19.1315161026977	19.1315161026977	19.1315161026977
Q8NHH9	19.5914259833902	18.7673365734729	20.0078481766085	18.7673365734729	18.7673365734729	18.7673365734729
Q8NHP8	20.1430548572284	20.2700609819188	20.3167534256997	20.1606928688125	19.3531319873534	20.0111207736482
Q8NHU6	18.4374579285087	18.4707604152672	17.922063251628	20.2015716051866	20.6606856925243	20.9496821195532
Q8NHV4	19.8499041290665	19.6709964175913	19.0280086908804	21.5647362398249	21.6158045252029	21.8306919634225
Q8NI27	18.4367204981705	18.4367204981705	18.4367204981705	20.2360365199775	19.982476130352	19.9759367338505
Q8NI35	18.1923283384767	18.1923283384767	18.1923283384767	19.6735639563764	20.1318536891277	20.4458806390901
Q8NI36	17.8922117486245	18.5099259720233	18.0032622710269	20.3526503355965	20.1875613588861	20.5752227242965
Q8TA86	20.8647214482156	21.0020196065759	19.6399708918265	20.8834771865342	21.6543217997221	21.8134444491241
Q8TAF3	18.9069007974415	18.9069007974415	18.9069007974415	18.9069007974415	19.6915911947683	20.5349525457942
Q8TAP8	19.660636864249	20.1800404316977	19.369736367679	19.369736367679	19.369736367679	19.369736367679
Q8TAQ2	20.0353040804229	19.9833794880449	19.3048671098721	21.6279851789961	21.457805765516	22.0935667162045
Q8TAT6	18.7840395377166	18.7840395377166	18.7840395377166	19.6618884651231	20.2799512425069	20.6969388467933
Q8TB03	18.0000287409291	18.0000287409291	18.0000287409291	20.3860961737328	20.8147221800883	21.0979878243341
Q8TB22	17.8287844143201	17.8287844143201	16.723157073052	19.6865496170579	20.3743826980443	20.2277725442177
Q8TB52	19.431886784369	19.431886784369	20.6519803109588	19.431886784369	19.431886784369	19.431886784369
Q8TBC3	18.6496558904349	18.842778075428	18.6496558904349	19.6241986980415	19.8804166292429	19.9813758002434
Q8TBC4	18.6188386956825	18.8304125663163	18.8542722927493	20.6888502887854	20.4085476515898	21.1609069615154
Q8TBN0	18.2567773914861	18.2567773914861	18.2567773914861	20.1972345012866	20.3613564268404	20.3647782143806
Q8TC07	17.7264829548159	19.1987634932727	17.7264829548159	18.8140109141936	21.4351395099088	20.9459608066472
Q8TC12	19.6534545848257	19.3006708688726	20.2778962849515	18.5755225148949	18.5755225148949	18.5755225148949
Q8TCG1	19.3622360593933	20.2254407561614	18.5862079667402	19.6721277052956	19.8418968590165	20.0505487051301
Q8TCJ2	19.6281501672026	18.5260031909213	19.0886477007797	17.9772779959859	17.9772779959859	17.9772779959859
Q8TCT8	18.8743424941942	18.8743424941942	19.0478174612925	18.8743424941942	18.8743424941942	18.8743424941942
Q8TCT9	20.2859211530413	19.6347694106573	19.8531731211647	19.4843440416867	19.4843440416867	19.4843440416867
Q8TCU6	22.1099277138026	23.2882860272812	20.2102253761826	20.2102253761826	21.2710725675033	20.2102253761826
Q8TCX5	18.3444045291686	18.5799179584971	17.1041202813732	20.8773202503059	20.8303722155064	21.1855517754045
Q8TCZ2	19.9484389591828	18.000516542281	18.000516542281	18.000516542281	18.000516542281	18.000516542281
Q8TD19	19.1302854340296	20.1902999924816	18.902706363667	19.5988911822568	20.0221774271158	19.8685715925497
Q8TD26	18.6135164166588	18.7301140754371	18.3718313920805	19.5737832245151	19.4313690120146	18.3718313920805
Q8TD30	17.2615428152571	18.320399133673	17.2615428152571	21.056511102898	21.5317244784342	21.4772720177875
Q8TD55	19.6523492694079	20.1006166041878	19.1087831883268	21.0749360664344	21.0735906878654	21.2942216878501
Q8TDB6	19.1787050077901	19.8323804182065	18.1449102351574	21.2501951973863	20.9607940634728	21.5294387267268
Q8TDD1	19.3301641407067	19.3683365716949	18.9451066933866	19.6542637875243	19.9348355908788	19.8901048153443
Q8TDM6	19.7446348589494	19.0002926538673	19.0259926260543	19.881095669947	20.066187131942	20.6939554348419
Q8TDN6	18.1760705491144	18.2475528739775	18.7494528980412	18.1760705491144	18.1760705491144	18.1760705491144
Q8TDR2	18.8892007091647	18.8892007091647	18.8892007091647	19.9280896345544	20.6406204427787	20.9085953871189
Q8TDX7	19.77296844808	19.8555279838413	19.1863884334859	20.2135517879861	20.7260441354311	20.8906793207961
Q8TDY2	17.3923725471494	18.6066826981347	17.9753124320759	19.2513633476335	20.1082705226696	20.2021354816784
Q8TE02	19.6053875780246	19.3269812722614	18.6257842207064	20.9034129898486	20.497372416645	21.371417325855
Q8TEP8	18.5791618244719	18.5791618244719	18.5791618244719	18.5791618244719	19.7838360651438	20.933722570867
Q8TEQ6	19.2827997146564	19.4275659849477	17.9779888884223	20.3160202309844	20.5425373187184	20.7112801054054
Q8TER5	19.4934587787683	18.9640006867095	19.0304312395419	19.5665851400697	19.6173185985358	20.2016175951669
Q8TEV9	18.8281728922546	18.8611340555485	17.9076900844861	19.8046170991469	18.8281728922546	18.8281728922546
Q8TEW0	19.2923705321698	19.2549395416992	18.7854442842728	20.7990609265177	20.8241078562236	21.1867726090827
Q8TEX9	19.4114787867742	19.25015159602	18.9122929964836	19.2642705062699	19.4490052886745	19.7870326452471
Q8TF05	19.4256055811613	19.6123883818626	18.5460693614375	20.9240269743767	20.856097668738	20.9643202731721
Q8TF42	18.5500339700163	18.4235510273189	18.5500339700163	18.5500339700163	20.2024222798948	18.5500339700163
Q8TF72	19.8675485388638	17.7666462980898	17.606704208016	21.5209230801503	21.0329662713891	21.5000564824026
Q8WTS1	18.6504832540696	18.6504832540696	18.4171359440249	18.6504832540696	18.6504832540696	18.6504832540696
Q8WTU2	17.6721333307314	17.6721333307314	17.6721333307314	20.6261337090984	20.7911100616823	21.0608185492681
Q8WU76	18.5019440169276	18.5019440169276	18.5019440169276	18.5019440169276	19.8958557048718	20.4169426260382
Q8WU90	19.4195621642757	19.552871710335	18.7956603770381	21.9928851487163	21.8482063959518	21.7888512752235
Q8WUA2	18.4895780402211	20.0878975096106	18.4895780402211	20.9780738459862	20.7186666408189	21.2169536784361
Q8WUA4	19.156490870034	19.3458577342789	18.0770710219039	20.7825914566207	20.7224512251763	21.3255987855285
Q8WUB8	18.6480065769201	18.6480065769201	19.7535344573703	20.3713881960385	18.6480065769201	19.5620940540653
Q8WUD1	18.4461767999981	18.1337274784915	18.8575372951192	18.2075188152022	18.2075188152022	18.2075188152022
Q8WUF5	18.7754202726121	18.9772668712786	18.8696579247075	20.0293061422773	19.6298229421484	20.3217482808606
Q8WUF8	18.1357403624488	18.3160305390219	18.1357403624488	19.9891058433828	19.8562502944248	20.0257994085734
Q8WUI4	20.1176879950784	19.1079825117508	18.0584912008456	18.0584912008456	20.6680355965341	20.5883952255931
Q8WUK0	19.3010964020248	19.3010964020248	19.3010964020248	21.0730792995763	20.4051044641088	19.8705950446671
Q8WUM0	21.057178365991	20.7596417633789	17.8256416344112	19.8832889516915	20.003560024521	20.5734841050274
Q8WUM4	20.2824664312435	20.525361584753	19.9016556770694	20.9385543371564	21.2726448483248	21.2385348054567
Q8WUM9	20.9687407862746	19.932117017669	20.875226031893	18.3666988798813	18.3666988798813	18.3666988798813
Q8WUP2	18.3425478530189	19.2094845343602	18.3425478530189	20.5997846746137	20.7968685828684	21.2234321743682
Q8WUQ7	18.9520168832834	20.1003457954574	18.9520168832834	19.5055462284954	19.7734459956008	18.9520168832834
Q8WUU5	18.6232024240202	19.1178662249278	18.6232024240202	18.6232024240202	19.1621936897995	19.3628873708103
Q8WUW1	19.6992503001404	20.8132009869265	20.6095360218241	21.1480152674583	21.7203691569084	21.5028839615228
Q8WUY9	18.4709345397861	18.4709345397861	18.4709345397861	19.6261313210798	18.4709345397861	20.4998219017361
Q8WV41	18.343989314159	18.343989314159	17.5669252406098	18.343989314159	18.343989314159	18.343989314159
Q8WV74	18.2512595538169	18.7033137733804	18.1893058848493	20.7018016857386	20.772425854476	20.8907934627011
Q8WV99	19.7252178684329	19.7252178684329	19.7252178684329	21.0301261149353	21.0418549239261	21.7620001409887
Q8WVB6	18.8802303033698	18.8802303033698	18.8802303033698	20.2827494860428	20.2618397977242	20.6118961602317
Q8WVC0	18.8571590354939	18.8571590354939	18.8571590354939	19.8801111492786	18.8571590354939	20.1164417631834
Q8WVK7	18.8130228555222	18.8130228555222	18.8130228555222	19.6901799433257	18.8130228555222	20.1386448829384
Q8WVM8	20.2716955366684	18.9681738237553	19.9176953349678	17.7879089834442	17.7879089834442	17.7879089834442
Q8WVV9	20.2435134331816	19.953672498041	19.5659346073161	21.9118665911345	21.8552389923938	22.0941077333066
Q8WVY7	19.9678457472649	20.10269457529	18.1480397605901	21.382310208444	21.4727347877582	21.8763041343957
Q8WW01	19.6785825821483	19.2642778356631	19.4162963991003	21.528516160774	20.9547163828065	19.4162963991003
Q8WWI1	21.6682295929744	20.886055020706	21.4931206180209	18.3218520806277	20.3348668792101	19.3007457619796
Q8WWM7	19.2697223201782	19.5262487606292	18.2484955746956	20.8028842359659	20.8574936165837	21.0630899082941
Q8WWY3	20.4550304777133	20.3131034476774	19.6792533647204	21.8336541831499	22.127911454694	22.3614399240105
Q8WX77	18.9985829549828	18.9985829549828	18.9985829549828	20.5417385525945	20.5865195196545	20.8649298774808
Q8WX92	18.8372589873755	18.6968021304829	18.3068306802375	20.7353633123012	20.6041020446143	20.9029549081996
Q8WX93	19.4995152798129	19.9819478341499	18.685561112311	23.417936307662	23.3929919630134	23.7077531655853
Q8WXD5	18.8085961732695	18.9486575389979	18.8085961732695	19.618125281231	18.786148725583	20.031393509486
Q8WXF1	18.9433167613039	18.9433167613039	19.6750786518533	20.7221165841074	19.533549122372	20.6424074232645
Q8WXH0	18.9921694034131	19.1555376802737	18.3383209741302	20.0155834173588	19.7133879134953	20.4630784137836
Q8WXI9	18.4515241753384	18.3768667476294	17.4832539725797	20.5507504692288	20.0630955852657	20.6194752439566
Q8WXX0	20.9662276745643	19.0278924793991	19.0278924793991	19.0278924793991	19.926123680542	19.0278924793991
Q8WXX5	20.4982162956875	20.1075266421636	19.9587281304619	21.0690535225718	20.7605678567358	21.1328708267948
Q8WY36	18.4262297703958	19.177371523956	18.2606588105368	21.1964391627538	20.4883682632985	21.0706564011846
Q8WY54	19.2997210535585	19.2997210535585	19.2997210535585	19.9877079471599	20.2361579561523	21.1323271585497
Q8WYL5	18.1495507567652	18.55229717357	18.2929040756579	18.1495507567652	18.1495507567652	18.1495507567652
Q8WYP5	17.738754726282	17.738754726282	17.738754726282	19.7167073982287	20.1335982475602	20.1423400463721
Q8WZA9	18.3284785045783	18.3284785045783	18.3284785045783	18.3284785045783	19.5458900268627	19.8678020204522
Q92466	19.7542251754412	19.0969780679781	17.5905076024242	22.3211689579242	22.967700728435	23.2000487467636
Q92499	19.9361984587612	20.0709768810321	19.7529870056721	21.4870176456717	21.5773233257806	21.8205524460519
Q92506	18.4856269366893	18.4856269366893	18.4856269366893	20.367503839253	21.270030419149	20.8338898708927
Q92508	18.6374168922266	19.6658330020154	19.4756774543334	18.6374168922266	18.6374168922266	18.6374168922266
Q92522	22.2712964342122	21.7130868986347	21.5363525584665	20.18192466354	20.5355473129007	20.4260968817924
Q92538	19.4041834008094	18.518319955995	19.288640076947	20.0085986590486	19.6126921622564	20.1517321911776
Q92541	19.1156497550402	19.121771442532	18.4456771658773	20.8390625728584	20.7124236221872	21.5398622003588
Q92547	18.8082277257217	18.8082277257217	18.8082277257217	20.2730532522668	20.1203278774421	20.3124246587509
Q92558	18.9602605205401	18.9602605205401	18.9602605205401	20.3355527403884	20.6510161650303	20.6643341852467
Q92567	20.5428898878041	20.666614688854	20.281480458783	22.5325076714651	21.6809924293369	22.7432434070267
Q92572	18.790068914936	18.790068914936	18.790068914936	18.790068914936	18.790068914936	20.9410907114364
Q92574	19.1005066828269	18.8841494812077	18.6769045236767	20.3818277724002	20.2020138981031	20.2888061012498
Q92575	19.6633521879127	17.8022594947456	18.7213128648404	17.8022594947456	17.8022594947456	17.8022594947456
Q92576	19.1539578269848	19.6436911700509	19.5585867746849	21.8802958407977	21.2934389093405	21.9379556069456
Q92597	20.1867461326454	19.5477166691141	19.154401774103	19.9669398140891	18.6079166514079	19.8747244638521
Q92598	20.4201333865609	19.8107450495964	19.6921543350381	20.3048964296234	20.9529786621565	21.2588182633136
Q92609	18.914798861702	18.914798861702	18.5489705580513	18.914798861702	20.4679853772614	20.1487043329982
Q92610	18.906860971083	18.906860971083	18.906860971083	19.6107864252908	19.6118874097457	19.9021301403209
Q92611	18.7647601509809	17.829685814247	18.7647601509809	19.7969683366152	19.2506823811205	20.2397598353128
Q92613	19.3650290958838	19.3650290958838	19.3650290958838	21.2016029437233	21.4125081839556	21.7596387594426
Q92614	21.0923576806559	20.863630854868	21.060481988893	14.6770124153017	20.167082853121	14.6770124153017
Q92616	19.863502115985	19.553497443311	19.6099868288704	15.7338592077951	19.6898270646699	18.8967921171098
Q92618	17.0356326737441	17.658654709961	17.0895534465408	20.6017281494415	20.485190480814	20.7849191567782
Q92620	17.4787811991895	17.4787811991895	17.4787811991895	20.3096891251663	19.6495981751461	20.6357643706395
Q92621	19.1903666775002	19.1903666775002	19.1903666775002	19.9154436708116	20.5297520007053	20.2799348737649
Q92623	19.1519447515486	19.1519447515486	19.1519447515486	20.7330344190585	21.0038753244316	21.1948364962099
Q92625	18.5462451231599	18.2542512344179	18.5462451231599	19.4531111930643	19.2107396719195	18.7650719463978
Q92626	19.7451718880417	19.3336362171979	18.7956991106025	20.7562645251601	20.818278498146	21.1424980753368
Q92643	19.1934139839092	18.3017127719277	18.572951781038	18.3017127719277	18.3017127719277	18.3017127719277
Q92667	18.308142535504	18.308142535504	18.308142535504	20.4158343950723	20.2012590768318	20.6067983614611
Q92688	20.162189862372	18.5443002483524	19.642679847212	18.7667331647312	18.7667331647312	18.7667331647312
Q92692	20.8150358869107	18.894331839953	19.3510041650194	18.894331839953	18.894331839953	18.894331839953
Q92734	19.6637196766726	18.7936520535414	18.1754994260969	19.6829006165837	19.4514124889474	19.849867132165
Q92747	21.6115252404882	21.3190414992021	21.4688951662702	19.4691396868004	20.7850206383408	20.4946539626127
Q92759	18.8991944983524	18.8991944983524	18.8991944983524	20.268090889013	20.1772538441263	20.8063434882947
Q92769	20.6445789853972	19.8139362966689	19.5804773761915	21.6482375687247	21.7880292514925	22.1533667457609
Q92785	18.0976987560347	18.870853376098	17.9503627641385	21.2418230524319	21.2583779150034	21.2522542400645
Q92793	18.2183875964408	18.2183875964408	18.2183875964408	19.4793019166321	20.1895258132188	20.7763459252931
Q92794	18.9505061841851	18.9505061841851	18.9505061841851	20.2452552625905	20.1728110842461	18.9505061841851
Q92797	19.5363798908237	19.0809069945643	18.5040195890786	19.9487235641703	20.0455430475881	20.6279897651427
Q92802	18.5516577909531	18.5516577909531	18.5516577909531	20.3203038369084	20.0750057359891	20.6022424833129
Q92804	19.2029518460779	19.329432727116	19.6731734784797	20.5653671580517	21.2700671441868	20.910603561464
Q92820	18.6693940677324	18.6693940677324	18.6693940677324	20.2813045555187	20.9706284447338	21.0379488927535
Q92828	21.2471775741949	20.8805340427643	20.9468932189882	21.8248348302195	22.0377916233422	22.3180812211656
Q92830	19.2685315509875	19.2685315509875	19.2685315509875	20.3125383942087	20.1060561238347	20.7560759505932
Q92841	21.3316923359195	21.5279935409803	20.8089541108878	23.4592536893881	23.3452273562578	23.5157502130734
Q92844	19.1249671230686	18.7582797679947	19.1249671230686	20.4272837637487	19.8815220376768	20.4399074557548
Q92876	19.6620619752179	19.6620619752179	19.6620619752179	19.8457936682492	19.9626847816302	20.8424620909968
Q92878	19.007656407264	18.5886558723074	18.1918935071145	20.9175077927627	20.6616332562028	21.0612076402103
Q92879	19.6730555724654	19.0007970054318	18.7155551499617	19.0651400213748	19.8630569562819	20.2021371503795
Q92888	19.3692203612227	18.802985647487	18.9364204219805	18.5375727842867	18.5375727842867	18.5375727842867
Q92889	18.2504858658241	18.2504858658241	18.2504858658241	19.8294472687478	18.8544300340927	20.2810827958316
Q92900	17.8425857284567	17.9355696681532	17.9708474778209	17.1985202352004	17.1985202352004	17.1985202352004
Q92905	18.3226360674516	18.3226360674516	17.9108053021693	18.3226360674516	19.6776164920525	18.3226360674516
Q92922	19.1493885074248	19.2314822368765	18.4397160388765	20.9526804757894	20.7110645516372	21.0133258211062
Q92925	18.4894002547814	18.6699876556873	19.6111963741743	19.9920940976862	19.8192349016069	20.2441766330223
Q92930	21.0580742578414	20.0465813710787	22.0031164812708	19.1149780462256	19.1149780462256	18.6776598087305
Q92945	21.5116485544935	21.4712542441406	20.7181810317919	23.2543257090498	23.3009311388177	23.3546037797579
Q92949	19.6360094543642	19.6360094543642	19.6360094543642	20.6360570973758	21.4465584465042	21.232776056175
Q92963	18.449830239035	18.449830239035	18.449830239035	19.9463217846882	18.449830239035	20.0492713837078
Q92973	21.2140707622959	21.3809785398249	20.8556792652124	21.9978235196882	22.8216766338746	23.3499493319287
Q92974	21.1463539023293	20.3658262847838	20.594918691027	19.2476256486493	20.432043068675	20.4025973058548
Q92989	18.9796916712355	18.9796916712355	18.9796916712355	20.2832293630721	20.5364371351781	20.9786677428677
Q92993	18.8403027982218	18.8403027982218	18.8403027982218	20.5019548456441	20.2811525923504	20.1074383107832
Q93008	19.5699341267104	19.4973072539197	18.5368429836608	20.5088361980601	20.6439292257907	21.0547409737479
Q93009	19.5656724555069	19.3588154878269	20.9012874633162	20.0570931935732	19.590222934938	19.7190244812922
Q93034	19.114288410046	19.8267122222859	18.5245560656819	21.4961279534181	21.2410905366679	21.4232529560376
Q93045	22.9766492152795	21.0051166518971	21.8759556181248	20.8977138520432	20.8977138520432	21.869481962617
Q93052	20.2836809748162	20.6926169008271	19.651377992614	21.8826117513716	22.2342939571843	22.4928519578387
Q93075	18.4891707797165	18.4891707797165	18.4891707797165	19.9443978037236	18.4891707797165	20.3492500543964
Q93077	24.9562029170814	24.528025766763	25.7727492400374	23.3148828407203	24.6626292527605	23.4495160153794
Q93100	19.0997102055461	18.7246880583926	18.5262003292497	20.0681925835478	20.3003332572831	20.3399285820608
Q969E2	22.5450063793742	21.4822661986579	22.143223647193	20.0193461030256	19.309207348912	20.0193461030256
Q969G3	19.396461168318	19.7788707572605	18.7086774805028	21.1993333438136	20.7220673550496	21.5242387324251
Q969H8	20.6213695110938	19.3055474038025	20.2420323899508	19.0819305982708	19.0819305982708	19.0819305982708
Q969J3	18.9535143713587	18.9535143713587	19.2727689961071	18.9535143713587	18.9535143713587	18.9535143713587
Q969K4	18.9937182405233	18.9937182405233	18.9937182405233	19.4011503960921	20.3145005539492	19.8947209943996
Q969M3	19.8376489445446	19.4177630529945	20.190904190082	19.4177630529945	19.4177630529945	19.4177630529945
Q969Q0	21.9858390816972	21.803941559504	20.8963787252144	23.3634845466215	23.4611658503983	23.7630190070337
Q969S8	22.938822842542	22.522178864188	21.8259714026753	20.545184071733	20.1698860695348	21.236321500108
Q969T9	19.9603266762959	20.2040143621901	18.3437851204924	20.5842407441259	20.717443879465	20.9401191359864
Q969Z0	19.0811493996779	19.8117965030868	19.4350766077226	20.7376948979779	20.5191278952945	20.9173535082682
Q96A19	21.74482339301	21.032745944425	21.3527436462823	20.1405948522659	19.8299452207181	20.3384803409713
Q96A23	18.8992746329246	19.010098217068	18.1199295985053	21.1453797977349	21.0639643501861	21.6748282228878
Q96A33	19.6032689911518	17.8285615566538	18.9880200469485	17.8285615566538	17.8285615566538	17.8285615566538
Q96A65	19.7766139467696	19.3828677854385	20.0488253414759	20.480528708902	19.4311663243743	20.4464814321566
Q96AB3	18.7636055262623	18.7636055262623	18.7636055262623	21.0447006733879	18.7076952489071	20.9561938614601
Q96AC1	18.1428737884623	18.1563897074389	17.2163937164468	19.7928583089203	20.6683644532952	20.9325077014306
Q96AE4	20.3747412321277	18.678563079111	18.8790760306906	20.499552023838	20.3097094582993	20.8277696922443
Q96AG4	21.6541463071075	20.0003394568665	20.9620075023078	18.1668714714516	19.1758757037301	18.1668714714516
Q96AJ9	20.7097828484938	19.6497878034478	20.2306688261486	19.6497878034478	19.6497878034478	19.6497878034478
Q96AQ6	19.9029248901678	17.5753940864422	18.5934376760242	17.5753940864422	17.5753940864422	17.5753940864422
Q96AY2	20.0740022557652	20.0740022557652	20.0740022557652	21.1819269371284	20.0740022557652	21.4418624502363
Q96AY3	18.9750443887053	18.5082604202572	19.7987399070418	19.3854836349576	19.7126863567321	19.8313648480228
Q96AZ6	19.0056743249975	19.4587612627726	18.9047823602636	20.9308065008981	20.5882715861088	21.3966817470075
Q96B23	19.8882714084553	19.8882714084553	19.8882714084553	21.6767637672169	21.4042071559633	21.6623466138662
Q96B26	18.4377013037323	18.4377013037323	18.4377013037323	20.645456224746	20.6692147631113	21.0761742614942
Q96B45	19.1846266665722	19.3949440088808	19.7246188767671	19.1846266665722	19.1846266665722	19.1846266665722
Q96B97	20.4766069428896	19.6503743941084	19.1115044477566	21.0621274261755	21.4282147886384	21.7615178964402
Q96BD8	19.4042119160024	19.4042119160024	19.4042119160024	20.7140290147837	19.8888808060532	21.3422047510861
Q96BH1	20.2303572378146	20.0150305377398	19.4460746327306	21.3476689128302	21.3111288591505	21.7952191059871
Q96BK5	18.6098068707883	18.6098068707883	18.6098068707883	18.6098068707883	19.9992220398317	20.9408805628162
Q96BM9	21.1982459939354	20.6264636256461	21.0895707190876	19.5669364577744	19.5669364577744	19.5669364577744
Q96BN2	18.3988010911361	19.5405888645057	18.3988010911361	21.1934830025157	19.5081771967653	20.0274541223253
Q96BN8	19.6277288472187	20.2323322572202	19.908353094138	21.5874324473368	21.0164358487156	21.5322373182634
Q96BR5	18.8383681489986	18.8383681489986	18.8383681489986	19.7240996450463	18.8383681489986	20.1982760433703
Q96BU1	19.3393101576676	19.3393101576676	19.3393101576676	19.9343223087072	19.787497225412	19.3393101576676
Q96BW5	19.3969327129836	20.3044913158398	19.3969327129836	20.9714118171841	21.4797334945587	21.0814004216906
Q96BY9	19.595428342427	20.0963507575122	19.417853767055	19.417853767055	19.7549832421584	19.417853767055
Q96C01	19.1615784362469	19.6038719025773	18.6423380091864	22.2353858099104	22.3928154830571	22.2709434016001
Q96C19	22.8758407184211	22.2142981973264	22.899270623965	17.5907264012764	21.5378849963023	18.3396132713664
Q96C36	18.0441660862192	19.088649895175	17.5247981859596	21.778957057524	21.8947569535384	22.3526647681256
Q96C86	18.9611277826288	18.9611277826288	18.9611277826288	21.3711226392461	20.704490288175	21.8724793075876
Q96CB9	18.5360632301345	18.2827880519477	18.5360632301345	19.8740132365138	19.5163679562306	19.8912193271599
Q96CC6	19.1477224745886	19.1477224745886	20.5551889557047	21.1691859846614	19.1477224745886	21.1959200761489
Q96CD2	19.936429566321	20.165875964181	19.936429566321	19.9353356454392	20.2843571008738	21.5631359292556
Q96CG3	19.6865728198558	19.6038088497734	19.6865728198558	20.1821601894651	20.215756534126	20.4570581458591
Q96CN7	19.2719944355829	19.5514841223201	19.5514841223201	19.615253100759	20.1925214437733	20.5764636095745
Q96CP2	18.8047497354755	20.2311606943647	18.6206692369181	21.9910980196512	22.1636606475743	22.4447444571952
Q96CS3	20.892229303863	19.7516609445455	20.1354391374096	18.8154832499663	18.8154832499663	18.8154832499663
Q96CT2	18.8343405969074	18.8343405969074	18.8343405969074	20.1035449689803	20.2050028006286	20.6193132266965
Q96CU9	18.0917078153525	18.0917078153525	18.0917078153525	18.0917078153525	21.1356187794989	20.6143954644624
Q96CW1	22.5559458536818	20.922805873378	22.0933845008267	16.8810439633207	19.3027968114416	16.8810439633207
Q96CW5	18.9203182278774	18.9262803255008	19.4433856204313	20.2660590836131	19.770316120065	20.5660174940144
Q96D46	18.9717078252272	18.9717078252272	18.5871629244171	19.7774260284741	19.7796173074558	20.3241559454947
Q96D53	21.041044379398	20.2374553676793	19.6945057165367	19.7876642387033	19.8185086236998	20.4390682195675
Q96D70	18.6399400303063	18.3876346417595	18.6399400303063	18.6399400303063	18.6399400303063	18.6399400303063
Q96D71	19.7765855724369	18.8330675114333	19.2212062835419	18.3385032440981	18.3385032440981	18.3385032440981
Q96DF8	19.1899950812498	19.1899950812498	19.1899950812498	20.3192877262531	20.1291826681959	20.3447186432663
Q96DH6	19.6684306594479	19.2321027169694	18.5103301361267	19.2838387315931	19.2510220762058	18.5103301361267
Q96DI7	19.096439680688	18.6461788312386	18.6274998423123	21.0345850390105	20.0600687431124	20.1911221904815
Q96DU7	20.0937145111162	20.2867633183779	19.7016369111885	20.6031743081559	20.6378776939541	20.3070601284445
Q96E09	18.8280182223872	18.8280182223872	17.5760770880199	20.3309999211875	20.2382782664851	21.5050488560091
Q96EB1	18.472147860517	18.4669647694803	18.472147860517	18.472147860517	19.7989061781882	20.3496443520041
Q96EB6	18.0773319558023	18.4220631189697	18.0773319558023	20.1652836387347	20.0255231751263	20.5836199870607
Q96EC8	20.2658612138168	18.7952853088901	19.4463834757197	18.7952853088901	18.7952853088901	18.7952853088901
Q96EE3	18.4201446742684	18.6988654003599	18.3759164407248	20.5459535070563	20.4773056717966	20.9137472048938
Q96EI5	18.8883912385736	18.8883912385736	18.8883912385736	20.535137569461	20.9152684510246	21.9144285614114
Q96EK4	19.624363550296	19.9676463784167	19.0596886307541	21.6584154133176	22.0210125068962	21.7543519220369
Q96EK7	19.6260987731619	19.8754213167545	18.7446373831655	21.3971200394694	21.1975701024918	21.6155920904662
Q96EP5	18.2899560282693	18.3673487273106	18.6526637350019	20.9212900562252	20.6277786240169	21.4576293315878
Q96EV2	18.3434160957838	18.8696834286443	18.2298389898704	21.0614574156493	20.972435098875	21.3747638256311
Q96EY1	18.4257686548073	18.4970267748817	18.341090502754	18.2071997432024	19.94281412074	18.2071997432024
Q96EY4	20.3965531908747	20.1827060662424	19.9658113177781	22.7809989033096	22.0703664003305	22.6481419973603
Q96EY5	19.0563982295575	20.3457422378639	19.0563982295575	20.4020455170093	20.1759006529459	20.5305958458401
Q96F07	19.7571346924089	18.8450290574357	20.3067234577976	21.3947497556476	20.748384903071	21.4929855932067
Q96F44	19.670371894408	19.670371894408	19.670371894408	19.9122594507597	19.7580476856934	21.0217401109646
Q96F45	21.1410227047199	20.441450937681	19.4442797388461	20.4549612027996	20.9413292850239	20.6971641899505
Q96F86	19.46308317906	19.238597480844	18.8377415912029	18.3631248419948	19.2627422043922	19.7199129748677
Q96FJ2	19.4769747941469	19.9138710384627	19.4769747941469	22.2741638631997	21.1339712479861	21.1492838029405
Q96FQ6	20.5718490746242	21.3699880598768	19.6352352010449	20.941606622523	22.366345950103	22.3370779418656
Q96FW1	20.2009115108352	19.7225153519932	19.8328722525089	21.2012290385057	20.6201670860779	21.3633729487778
Q96FX7	19.2693978236142	19.9337275099615	19.4867102295605	20.9275767916938	20.4390669054688	21.4145257108227
Q96FZ5	22.9859239494813	21.7277217062685	20.595344334382	20.595344334382	20.595344334382	20.595344334382
Q96FZ7	20.71349843529	20.2572504512666	19.5853378610152	18.4390812346546	18.4390812346546	18.4390812346546
Q96G46	18.5167658524878	18.9387909579751	17.8559990034484	21.623834607465	21.3314329540764	22.048134420999
Q96G61	20.5877814893163	19.7440598054755	18.8259988460845	20.8763380478296	21.1181101731429	21.512415344516
Q96G74	18.4889407723622	18.4889407723622	18.4889407723622	20.0283680573395	20.0944227559161	20.5013790791019
Q96GD4	17.796138757171	18.4588025140436	17.3659572155613	20.9813099330631	20.8905781137342	20.9757566166034
Q96GJ1	18.9003400738413	18.9003400738413	18.9003400738413	20.1654720839825	20.3767495946503	20.8764729780862
Q96GK7	19.5968583495443	20.1408671876764	19.0988922156431	20.7039422507047	21.6114432424766	21.3649906260701
Q96GM8	19.6944000076376	20.2595332167503	19.420766493564	22.0035407103341	21.6714990296388	22.07109371877
Q96GP6	20.5553992443352	19.8414717514503	18.6282525088938	20.5564167326791	19.914836379804	21.6534147514134
Q96GQ7	18.6651349880427	18.8046757726122	18.2514779604115	19.5354821143499	19.679360348649	19.9134279325696
Q96GX2	19.7535122940714	21.273527803043	20.2451043215803	22.0734687465401	21.7872117080086	22.4266426369836
Q96GX5	18.1933407209764	18.1933407209764	18.1933407209764	20.5936711658499	20.6243006608499	21.083644787634
Q96GX9	19.9139573578286	20.5604812912869	18.5466111264464	21.9661062245244	21.6303595705049	21.9977887730655
Q96GY0	20.723932763356	20.7851385816719	19.8290349088408	21.3827950348264	22.2530613423658	22.2658613602736
Q96H79	21.6167582332129	21.5470812543641	21.1385195928421	22.2421004882865	22.2634656211993	22.2470314506152
Q96HA1	19.3204701053388	19.9495917991373	18.91787147242	22.0241080489896	21.8812410702868	22.5996226074029
Q96HA7	19.4525644899653	19.4525644899653	19.4525644899653	19.4525644899653	20.2701469909661	19.8947386840505
Q96HB5	17.8719873074895	17.8719873074895	17.8719873074895	19.6579591621461	19.9855665767365	19.8505680993302
Q96HC4	18.6165175137229	18.4425020752254	17.9946746205899	20.376463752255	20.8776536722499	21.4492154953932
Q96HD1	19.8483360870262	17.441642975345	18.1425261235795	18.231668121317	18.231668121317	18.231668121317
Q96HE7	20.6271676187227	20.7597746855609	19.8542725631212	22.6923847469517	23.306716974956	23.6125325583651
Q96HP0	18.1145758363905	17.6543455307382	17.4010120317425	18.1145758363905	18.1145758363905	18.1145758363905
Q96HS1	19.7244988460921	19.4323799944807	19.0744377819379	21.5886783164107	21.0031468234947	21.4740207695839
Q96HW7	18.388100284571	18.3370975323311	18.3640511442939	20.6156337097382	20.6096523125859	20.9333467927096
Q96I24	19.5161835190631	20.1852616509815	19.0617053889482	21.6252475566784	22.0653847601418	21.8696507326435
Q96I25	19.0663861063594	18.9112133355131	19.2709170479851	20.6676617399637	20.5450832103837	20.5314172220921
Q96IF1	18.2119991969148	18.2119991969148	18.2119991969148	20.4795391866741	19.5764107649293	20.4332130667256
Q96II8	19.7035937637408	19.1197465695421	19.6703652614494	18.4500203870727	18.4500203870727	18.4500203870727
Q96IW7	19.5449304445924	19.6018232688472	18.7638839834572	20.8338183684279	21.0364379368605	21.4255889007468
Q96IY1	19.8042275568181	19.8042275568181	19.8042275568181	21.4655587628458	21.1821049959244	21.6212624317509
Q96IZ0	19.6171010008965	18.6758109735502	20.0704867444251	20.4611377238375	19.5283933069214	20.6556800846658
Q96IZ5	19.6417715410572	19.6417715410572	19.6417715410572	20.4267942626703	19.6417715410572	20.4820327329135
Q96J01	18.7452164064892	19.261889463591	18.7734160188964	20.4271331920046	20.8807695500381	21.2905855358414
Q96JA1	18.6801420721745	19.612850288958	18.6801420721745	20.9469721306456	20.9843765463239	21.149898298231
Q96JA3	18.4927090981159	18.4927090981159	18.4927090981159	20.0947442841347	18.4927090981159	20.15565261873
Q96JB6	18.3235224335594	18.3235224335594	18.3235224335594	20.496930575298	20.1868531240162	20.6053571715226
Q96JJ3	19.7391500164302	19.6984372817054	19.2343666592468	18.0047155398	20.1839709324262	18.0047155398
Q96JM2	18.3030010068596	18.3030010068596	18.3030010068596	20.3438118567445	20.386702493034	20.426276006065
Q96JM3	16.9777780002978	18.4396841394478	18.2896239401043	21.3825241223163	21.2374849045457	21.5634533409914
Q96JM7	19.457352637719	19.457352637719	19.457352637719	20.8281986143222	20.3535290650665	21.1095331274468
Q96JP5	17.8907347760405	18.4372575141234	16.8803227907239	20.0098455055134	19.721546329529	20.5592947292162
Q96JY6	18.0432836275845	18.0432836275845	18.0432836275845	21.1565846819549	21.1763870522311	21.9027518115927
Q96K76	18.503605481042	18.8733160733316	17.6834785183887	19.4963863796014	19.9421848072912	20.1754011301038
Q96KA5	19.3115231795346	18.3356649647495	18.3356649647495	18.3356649647495	18.3356649647495	18.3356649647495
Q96KB5	21.2641011615044	21.224593879663	20.2206389686497	21.9962195302798	22.1893090450424	22.2540175878431
Q96KP4	20.0818304187848	19.0291050001452	18.9423516825621	17.8636547572376	19.6575715236827	17.8636547572376
Q96KR1	19.8743005126891	20.3193698087775	19.3190007320187	22.239017237621	22.4747174976521	22.4201277327074
Q96L34	19.5069081270841	19.5069081270841	19.5069081270841	19.5069081270841	20.8711893049898	19.5069081270841
Q96L73	17.7198762868495	17.7198762868495	17.7198762868495	20.6818855547989	20.0840493058601	20.5224349217882
Q96L91	18.6487138656376	18.6487138656376	18.6487138656376	20.2029483712018	19.5527184403763	19.9802607178308
Q96LB3	18.761534633491	19.4422121091337	18.761534633491	18.761534633491	20.1285425400046	18.761534633491
Q96LD4	20.1490431061233	20.6588413245595	18.9539174128134	21.4109763691029	21.4673033011805	21.747536172562
Q96LW9	18.9692936980907	18.9692936980907	18.9692936980907	20.6491746534399	20.79375899843	20.2553045499416
Q96ME1	19.9648079930834	19.5807725835039	18.5775113884848	20.2311903338555	20.9010967256568	21.1890517143749
Q96ME7	19.6909904272755	19.6515210062882	19.0253987592321	19.646896393009	20.065254548157	20.05324809389
Q96MF7	18.8240825624043	19.451003042824	18.8846554087779	21.8758805400859	21.4587799277956	22.4503100124845
Q96MP8	19.2904696175749	19.2904696175749	19.2904696175749	19.2904696175749	20.6135493192332	21.4567003095116
Q96MX0	23.0988328087393	21.4659855194702	22.0700519043357	20.8590359223423	20.8590359223423	20.8590359223423
Q96N21	19.525057969348	19.525057969348	19.525057969348	20.9243348098435	19.525057969348	19.525057969348
Q96N66	21.2269942540588	19.1023035875986	20.3476429601716	18.4604791357885	18.4604791357885	18.4604791357885
Q96N67	20.1424298500536	19.9574559507586	19.9572550963073	19.6661812506858	20.1278561469475	20.0918726373603
Q96NE9	18.6474603512569	18.5392170456828	18.9585053663482	20.9685120793491	20.7166367534068	21.3366648483709
Q96NY9	20.5961417405712	20.5961417405712	20.5961417405712	22.8095400519013	20.948819743957	21.5546328567916
Q96P11	18.3509208361645	19.5756048222796	18.0304439945881	21.7946703941174	20.7704476041424	21.8773006522821
Q96P16	18.1042263073157	18.1042263073157	18.1042263073157	19.7968580503042	19.8058515478207	20.2655127070074
Q96P48	17.7854568720227	18.5165134256767	18.3082510579719	18.3082510579719	19.5957489249282	18.3082510579719
Q96P70	19.7749035883433	19.6400220468777	19.3277646023764	19.6523473955137	19.9232157147281	20.2865405698936
Q96PD2	19.3177178710302	18.8903476760226	18.3246861596345	18.1253392045563	18.1253392045563	18.1253392045563
Q96PE2	19.0475613188164	18.5207699543999	18.9100825581553	17.6597470558583	19.1527560536848	19.4636010113115
Q96PE3	19.0789779980188	19.7489307096346	18.8863305610645	20.6810961860337	20.4970755308326	20.9017671097252
Q96PK6	20.1962310794918	20.0598718478447	20.6732218206028	20.7080188960802	20.5366341739233	21.012219983057
Q96PU4	20.3753518539944	19.9150353646086	19.156946016454	20.8008629018569	21.2896768305051	21.394211507279
Q96PU5	19.4479051550225	19.284457500499	18.6609622201829	20.3570985947248	20.7919732863525	21.2634517886121
Q96PU8	19.4734668195273	19.3855548452064	19.0628498351576	20.7750631458854	21.0736936209014	21.8160303449294
Q96PV6	18.3127727772607	18.3127727772607	18.3127727772607	20.5204416938749	20.3033410734907	20.5363182437088
Q96PZ0	18.0076902747728	18.4513420186189	18.7230991109968	18.0076902747728	19.5948282205585	20.205206534591
Q96PZ2	18.8904237147851	19.726373553015	18.5417953548229	22.0715695727054	21.6881859825665	21.9595201514477
Q96Q11	19.2599116802567	18.8654351853456	18.7645229259741	20.7462493241827	20.8542285845779	21.035541401435
Q96Q89	19.4905301403885	20.7650955024805	19.9257511247656	21.2281731673561	20.8130019050232	21.674517911747
Q96QA5	18.18509022155	18.18509022155	18.18509022155	20.5277841722485	20.5796873593822	21.0281893127765
Q96QC0	18.7170266290657	18.7170266290657	18.7170266290657	19.5186413545722	20.551957340255	20.0969108163048
Q96QD8	21.7076449119544	20.2483028820821	21.6127647908083	20.2483028820821	20.2483028820821	20.2483028820821
Q96QK1	20.2071287913957	19.4091480659378	19.7321428126478	20.1855087669512	20.5402116907267	20.8261165808236
Q96QR8	18.7953161246077	18.7953161246077	19.4308844644143	19.6313828502864	18.7953161246077	19.569200008655
Q96R06	19.026925748967	19.026925748967	21.2617450937482	19.026925748967	20.0627543793086	20.848993695646
Q96RD7	20.276210384454	19.4264484626691	19.7863549984812	19.4264484626691	19.4264484626691	19.4264484626691
Q96RE7	18.7978326079756	19.4632476797178	18.6164848354974	21.3712260485853	21.2725368061578	22.1100705267166
Q96RL1	18.0613328850968	18.6014213482009	17.1117262397986	21.6841224706491	21.6468062795767	21.9893120195814
Q96RN5	17.7302735059408	17.7302735059408	17.7302735059408	19.8259973175599	19.712936113809	20.3327582561291
Q96RQ3	19.2096576778926	19.2096576778926	19.2096576778926	20.0071320142769	19.2096576778926	19.2096576778926
Q96RR4	18.5706970147268	18.5706970147268	18.5706970147268	19.7509394272609	19.5186242031129	19.9253379678799
Q96RS6	19.6208854950615	18.9681486495625	18.3142479354483	20.843678790613	21.1530085693406	21.7390398142128
Q96RT1	20.9559623668468	18.9501482265647	20.3959619959392	18.9501482265647	20.362333836644	18.9501482265647
Q96RT7	18.9560936687012	18.9560936687012	18.9560936687012	20.021850625778	19.5262466031601	19.9031412380958
Q96RU2	18.3293442692519	18.53872932511	17.6983407031923	20.7985659442424	20.5168766594778	21.3888031467485
Q96S19	19.0428313233524	19.4103445215436	18.4203391006453	20.0753879668027	20.2345992811021	20.6850292646116
Q96S21	18.2371495880014	18.9915970736061	18.2371495880014	18.2371495880014	18.2371495880014	18.2371495880014
Q96S44	19.6400741976773	19.6400741976773	19.6400741976773	19.6400741976773	19.6400741976773	21.2620739241438
Q96S55	18.3289851747545	18.3289851747545	18.3289851747545	20.7833780755262	20.0775263485904	20.5677889419653
Q96S59	18.6689837094913	18.4453173461451	17.3159368585676	20.4596420428944	20.334263268912	20.8057639325751
Q96S97	21.1496278157474	19.616540653792	20.3754838208547	19.184121573642	19.184121573642	19.184121573642
Q96SB3	21.6649127494712	21.0537830138909	21.2387815674626	16.7902517939135	19.5564097637595	18.5672159990077
Q96SB8	18.7482004472988	18.7482004472988	18.6914460005207	18.7482004472988	18.7482004472988	18.7482004472988
Q96SL8	19.276929943134	19.276929943134	19.276929943134	20.3018679632562	20.4720904881147	20.4430466402388
Q96ST2	18.954784805566	19.2089994923417	18.0707865817742	20.3694878734025	20.7058378560663	21.2214843528353
Q96ST3	18.7872679470436	18.5303101109527	18.3409377032671	20.6211166574219	20.6816850829115	21.2057630610125
Q96SU4	18.4075791089245	18.4075791089245	18.4075791089245	20.538946485955	20.5009103582304	21.0554842169626
Q96SZ5	19.731057468021	20.5984507544302	19.2912881125487	21.1125151896681	20.9983700762065	21.8027825782481
Q96SZ6	19.0942173335405	18.508222298671	19.0669265331342	20.9747507230715	20.1831077541544	20.4039496792826
Q96T37	18.1924709668352	18.1924709668352	18.1924709668352	20.1648166636106	20.263330782241	20.1286155156975
Q96T51	18.5318241784031	17.9978433294723	18.5840994890625	20.1281564067964	20.1279919444768	20.8018455189768
Q96T76	18.2710722844729	18.2710722844729	18.2710722844729	19.835888390151	20.4837214463421	20.6687710393654
Q96T83	20.0601812861194	19.2280312365572	19.2280312365572	19.2280312365572	19.2280312365572	19.2280312365572
Q96T88	17.4636574920853	17.4636574920853	17.4636574920853	21.259312261703	20.3075170195956	21.1530011172754
Q96TA1	19.4751178254504	18.6778182619465	18.7136799480825	18.7136799480825	19.9366392482117	18.7136799480825
Q99081	19.0625117067529	19.51871828153	18.2945050552756	20.5454351689216	21.1416288506306	21.2943516739971
Q99417	19.0928181177104	19.6551016089548	18.3473359476666	21.7847115595696	21.1321698406977	22.0874134497228
Q99426	21.5863622974397	21.4896390004666	20.2054639711472	22.3635216942216	22.139551634034	22.6639722041426
Q99439	21.9487931375274	22.4059783439366	21.4323021201717	24.8505173592996	24.8321599127086	25.3637834164909
Q99459	19.2868681939637	18.9296605671187	19.5313859270656	20.3255437976	19.4792328998492	20.4926000949325
Q99460	20.3119826442809	19.6701803283682	19.5893944030014	20.1149872102722	20.5128533440094	20.8972894532603
Q99470	19.8583937178506	20.0340246429038	19.5276652066553	22.0207021531465	21.4860228432361	21.8876596943555
Q99471	20.8413524448523	20.9848777676935	20.1331086855461	21.4700910022554	22.6082557611101	22.7621956766933
Q99496	19.2357605604069	19.7280556290271	18.9220020210801	21.2842552086172	21.1535645542445	21.4176369972474
Q99497	21.9531808699794	22.1473246262481	20.9548250617683	21.8994684541845	22.0099333350155	22.1401757772403
Q99501	18.485157076789	18.485157076789	18.485157076789	20.5154020488733	19.6633386643162	20.3798361213031
Q99504	18.7945318841879	18.8401808998083	17.6759226163055	20.5583672901169	20.1971167326698	19.7069402180667
Q99519	19.3193635958372	18.8753110302852	18.8093566319218	20.3086603583648	19.633255111025	20.1811606367662
Q99523	19.8806788327984	19.4347020292369	19.3675169638026	18.4618586859648	18.4618586859648	18.4618586859648
Q99536	20.5579553945624	19.697692237015	19.8115432215046	20.0758197162751	20.5511786654229	20.7503902234106
Q99538	19.1050904267116	20.1078479231097	19.0066895043148	22.5016865272539	22.4288065177522	22.9217151827645
Q99541	22.0721713191614	20.8270596690319	21.9091690335107	20.594320477106	21.4707883151735	21.7610563949941
Q99543	19.3652416218752	19.4601645662734	18.7563071731203	20.7874402193125	20.8734747553351	20.9078681516844
Q99567	18.6815203745667	17.9840506970426	18.9346043043022	21.2575902587471	20.9565653452403	21.4526607829444
Q99575	19.6939153277153	19.5527763787573	19.4991729780038	20.77770712445	20.4480336791917	21.3834156749698
Q99584	19.8883695604386	20.5664740886347	19.3922251133003	20.8928052737211	21.5478356325282	21.9238822945773
Q99590	18.0324544851012	18.4884589335743	18.6555932550177	21.1020456169356	20.8874037563284	21.6788438386623
Q99594	19.5114526186602	19.5028507235372	18.3187109531236	21.6432700097646	20.7155638943431	21.9138836265127
Q99598	19.0969885797193	19.0969885797193	19.0969885797193	20.356185146862	19.0969885797193	20.9136648718219
Q99608	19.863739370435	19.3746054453108	18.8402477301719	20.1706657969881	20.0232850091876	20.8979411314845
Q99611	19.2837387037618	19.2837387037618	19.2837387037618	19.2837387037618	20.2213258325847	19.2837387037618
Q99613	19.9062161249171	19.219800527838	19.4538646441698	19.9450261686394	19.3727868365966	20.4916681350478
Q99614	18.6837974927757	19.1236952031429	18.7876634711281	18.2007803886304	18.2007803886304	20.2355713439642
Q99615	19.3520754790333	19.294762352616	18.4630962496827	20.5915535666753	20.5211856287405	20.9757927790151
Q99622	20.0799188838825	19.7998916220797	19.5223131456213	20.6784497942524	20.4815595708403	20.6128138687063
Q99623	18.3374851773104	18.824288098303	19.4390383209534	18.1226469501073	18.1226469501073	18.1226469501073
Q99627	18.1999698453439	17.97090202765	18.6154397161716	18.1999698453439	19.2641742685498	19.397524653017
Q99633	18.7523392779387	18.7523392779387	18.7523392779387	19.9110820669407	19.8997819788407	20.5689668040783
Q99653	20.146789774218	19.1324489815047	18.9279852197757	18.4192450344941	18.4905551194702	18.4192450344941
Q99661	21.1454307227325	21.1590194487135	19.9223674859516	23.3891317633154	23.248574494274	23.7561545312199
Q99666	19.4810908083883	18.4807990938242	17.6586319753351	20.2356530443686	20.0464147305067	20.9413531983597
Q99697	20.3462377839051	20.3462377839051	20.3462377839051	22.3287559393967	22.3050989674731	22.8331783986243
Q99700	19.6532166118834	19.5822967491202	18.9985406696375	20.996893193112	20.4862387217098	21.1154213674033
Q99704	20.3916684627838	20.4546633273894	19.8521590948129	21.281859464631	21.3670944733664	21.312023873476
Q99708	18.2171972415456	18.3071412362232	17.6184252149526	20.8711542483689	19.8908245484604	20.3481458368489
Q99714	19.5805684519864	20.4750091064289	18.7802255734831	21.8873906439929	22.4470247249673	22.4389357400091
Q99719	18.3393288656588	18.3393288656588	18.3393288656588	20.429015552041	20.0529750762122	20.9331217748628
Q99726	19.8892485733191	18.7056719306293	19.4382036226958	18.7056719306293	18.7056719306293	18.7056719306293
Q99728	17.6399685700517	18.6142554173929	17.6399685700517	21.0122989364088	21.0518241681472	21.305558206469
Q99729	19.4720615249955	18.5229020657497	18.7930250971051	20.3010021124125	20.7840775735634	20.735040968017
Q99733	21.1356677712055	21.1082696586866	19.9872397407597	21.5994934661346	21.7421798854683	21.8540994128807
Q99741	18.9568618017838	18.9568618017838	18.9568618017838	19.7994085965614	18.9568618017838	20.6478001558445
Q99747	20.0718011027112	19.4270414020936	19.5139817058034	19.2711101281475	19.685394618753	19.8788387703176
Q99755	18.3728437016238	17.8358514991142	19.2866278035035	21.0440053404645	21.2123260742181	21.3818835431203
Q99766	18.862852976415	18.862852976415	18.862852976415	20.3679350593826	20.5202222088034	20.143826700433
Q99798	18.7128839991642	19.4992756602559	17.6511507103084	22.2087883579974	22.4660396860272	22.4653640985184
Q99816	20.9711147007257	21.0241732222182	19.8247119853396	21.5987453443788	22.0733957828564	22.3261392854215
Q99832	20.5709356822872	19.6793122466238	19.5571527324896	21.0184421994632	22.5085470964276	21.8778283101149
Q99836	21.7543844965687	21.8139578307447	21.1195832332162	22.5983555829941	23.1547092749047	23.6149985265298
Q99848	20.3964095680245	20.0969244699059	19.1511230302799	19.4920525445258	19.5391759691893	19.5367908015267
Q99873	22.008941057412	22.0602445704898	21.1929441517037	23.3021426192507	23.754981865556	24.0387910290156
Q99878	25.6147192920074	25.1128139591604	25.8930267166896	24.1063474416318	24.9738080330907	24.2640210132086
Q99880	24.9919645832837	24.4070031626761	25.5349605806355	24.6721279323795	25.1983257937795	23.8831460843212
Q99959	19.2180650757634	18.9571673740009	19.1035350702351	21.2468652117261	20.8168783212455	21.8393216889433
Q99961	20.7509744536009	20.8841551380067	19.8219586978866	21.8344714870156	22.1090587024485	22.5171339669599
Q99973	17.323821643175	17.6357925935055	18.2617901558106	17.323821643175	17.323821643175	17.323821643175
Q99996	19.5395179949658	19.3046183394038	18.9049334997436	19.7992641210511	19.088543842558	19.8981775009367
Q9BPW8	18.1062584054596	18.4280708556599	18.4399119002744	19.9429657116239	20.6321169779468	19.8015126492756
Q9BPX3	19.8740394067225	19.9394636811857	19.597283410863	18.5415362229784	20.0786785276085	20.7582265616494
Q9BPX5	22.0550887759433	20.8994249066469	22.5170292570263	18.9248608784726	19.8855502188598	18.819340795151
Q9BPX6	18.9609857077485	18.9609857077485	18.9609857077485	21.3977924552688	21.3163028494741	21.2746628803537
Q9BQ04	19.1904724732522	19.1904724732522	19.1904724732522	20.9697382494418	21.1751811436511	21.0074948252697
Q9BQ13	18.8789701911802	18.4690833490217	18.8789701911802	19.967688526154	21.0090061092689	20.5933716345796
Q9BQ52	17.6613404456269	17.6613404456269	17.6613404456269	20.2905845909288	19.9075271447191	20.5081183372969
Q9BQ61	19.0896925047943	19.2023546237535	19.0896925047943	21.6471222989183	21.4644485424018	21.8567767421483
Q9BQ67	18.4597383064328	18.4597383064328	18.4597383064328	20.8441265837033	20.6580572049389	20.7651031493281
Q9BQ69	19.251242951027	19.251242951027	19.251242951027	20.8781551270716	20.0695472468446	20.1195351998632
Q9BQ70	20.1026927958616	20.494508312462	19.3911961459893	20.4078034139402	20.5163395534599	20.8301592471495
Q9BQ75	19.0296003772116	19.0296003772116	20.1707357055211	19.0296003772116	19.6755769714863	19.9856123559876
Q9BQA1	19.5535671116831	20.5208785005368	19.5535671116831	20.3228992041598	20.6666467209875	20.8412859719848
Q9BQB6	21.5579211087217	20.8767383955152	19.954460558632	20.0120986602463	20.0120986602463	20.0120986602463
Q9BQE3	23.6706374144314	23.2279401844742	23.5356745292591	21.792410055772	22.7424305512918	21.7316001003108
Q9BQE5	19.3882263791132	18.6871024962859	18.4086539015504	19.1408210070818	20.3728064933232	20.8224145156217
Q9BQG0	19.4990563828818	19.1325738914105	18.9862824493226	17.9721663768426	19.2118933144072	19.3598859114465
Q9BQI0	19.8641422172529	18.7011950689428	20.0589948222732	18.7011950689428	20.262275860134	18.7011950689428
Q9BQS8	19.300885868074	19.300885868074	19.300885868074	20.545868691807	19.8047340881934	21.0166269658429
Q9BR76	19.7994258505801	19.3664634820841	19.1193466796793	20.7564920211383	20.6013537459348	20.2212313114478
Q9BRA0	18.6521309306801	18.6521309306801	18.6521309306801	18.6521309306801	18.9587949852804	20.2056190156437
Q9BRF8	19.3674519419101	20.3582280779464	19.6746330360613	21.4796888330489	21.5377726882796	21.8062791000116
Q9BRJ6	21.0246501755135	20.686052354292	20.7035292194769	19.552557890355	19.869011033067	20.1041057579907
Q9BRJ7	21.2417801873651	21.6436687085151	20.7616308324017	22.6385047239505	23.6017513783623	23.5648259622285
Q9BRK4	19.3079461337375	19.6760309207636	18.448861303279	20.0792693911656	19.3371427405774	20.2126774868375
Q9BRL6	19.1702055171027	19.1702055171027	19.1702055171027	21.1879310934094	20.8264786484763	21.1340782684232
Q9BRP1	20.3339080620599	20.0475479638234	19.6516987604605	21.1346855101549	21.2663497895675	21.6152967326451
Q9BRQ0	18.439798857885	18.5406168096203	19.3180911696653	21.0835575633252	20.4205186297712	21.601138746806
Q9BRQ8	19.9610348844932	18.5289779675682	18.9589963167818	18.6683234466331	19.1137514919689	18.6683234466331
Q9BRS8	19.4827090163839	19.6358276139244	19.570392776865	20.5620260903046	21.1497073364795	21.2827257464435
Q9BRT6	18.7629298464811	18.7329248143972	18.7629298464811	18.7629298464811	18.7629298464811	18.7629298464811
Q9BRX2	20.4024605102556	20.814580798713	19.7424966967413	21.8064756829761	22.7171773638043	22.6225618296948
Q9BRZ2	19.6890653159616	19.3694269065876	18.9747923529067	20.8066045746162	20.8797068479476	21.3541489582675
Q9BS26	20.0229491547029	19.6105775427059	20.2933437686758	18.442336215118	18.3857797996493	18.3857797996493
Q9BSD7	20.7881878669837	21.494759921639	19.9728682526597	22.2806665333832	22.7557238300615	22.6397901415286
Q9BSI4	19.1092323352542	19.1092323352542	19.1092323352542	19.1092323352542	19.1122185540397	19.7150533616367
Q9BSJ2	18.593563863205	18.593563863205	17.7582445625298	19.9440306108995	20.2225931819673	20.0099191351517
Q9BSJ6	18.2610955439462	18.1005649336585	18.5686447318577	20.6882698060085	20.2165032300847	21.0964277898851
Q9BSJ8	20.7760721688913	19.1333512879205	20.0175416357908	18.1234548393693	19.0901205118049	18.3929825627252
Q9BSV6	18.6657699779669	18.6657699779669	18.6657699779669	18.6657699779669	19.5224716403136	19.6078189569899
Q9BSW2	19.4921810028155	18.4489264331856	19.1352338079704	18.3749212665467	18.3749212665467	19.4846819803519
Q9BT09	18.6381143650823	18.7052490586773	18.5435770195633	20.1223033081584	20.0401872571999	20.6704934783236
Q9BT17	19.8545325741684	19.8545325741684	19.8545325741684	19.8545325741684	20.4203709456945	21.3301653570023
Q9BT23	19.1831831365571	19.9466826378942	17.8550470435416	19.7080631668566	20.8204957220906	20.7817410278956
Q9BT40	19.2914035331788	19.2914035331788	19.2914035331788	20.3451803470201	20.2450955391486	20.7226730347004
Q9BT78	19.7733580760632	19.4680161172425	20.0593065128375	17.7680561212649	20.1317893895239	20.1956500631446
Q9BT92	18.4159214741721	18.7807618131317	17.5529358889787	20.7834418581549	20.1603893279988	20.9938882513429
Q9BTA9	18.7339051437376	19.1780773828975	18.7339051437376	21.4513285306955	21.1347485937312	21.3043676278952
Q9BTC0	19.0816366242287	19.2910071588987	17.9825952532269	21.3515986982721	20.9457724789475	21.4703293325931
Q9BTC8	19.2649109055037	19.214842463877	18.1855512183542	20.5386129414146	20.201618503038	20.6486659635535
Q9BTD8	18.4818726457613	18.4818726457613	18.4818726457613	20.0740461566876	19.4404355986739	21.0688500547951
Q9BTE1	20.5759433867557	20.4361501077423	20.1450326369085	20.7504394995952	21.3701712570804	21.4521142208142
Q9BTE3	18.2177360753695	18.6866696332068	18.0694114981302	21.0875327941288	21.0784719997967	21.7159395957502
Q9BTE7	19.5057269069157	19.7961348451476	18.1684696399108	21.782715021003	20.9595555565552	21.8360745853329
Q9BTL3	21.3248695684207	21.6036253075832	21.074518478811	22.2302895246611	23.2425125908623	22.835499733364
Q9BTT0	18.8009571379725	18.1868793871388	18.1928419227214	18.1868793871388	18.1868793871388	18.1868793871388
Q9BTT6	18.8193399599483	18.8057001124745	18.613169409815	20.8595086457092	20.4702640396923	21.6304871943679
Q9BTU6	20.0814310127073	19.0620983839428	20.0342788338	16.3960078187415	16.3960078187415	16.3960078187415
Q9BTV4	20.1054340200053	19.1200119911224	18.7635770036418	19.1200119911224	19.1200119911224	19.1200119911224
Q9BTW9	20.0272757052095	19.0790898033432	19.0790898033432	19.9946407010053	20.0684204421368	19.0790898033432
Q9BTY7	18.3550626729879	18.3550626729879	19.3229626347565	18.9968956725482	19.7610510044237	20.0107197237699
Q9BU76	20.694170646359	20.5292013853364	19.5265412541549	22.3959689556517	22.3635625343079	22.7091175104217
Q9BUB4	18.9714743638413	18.9714743638413	18.9714743638413	20.1689608763142	18.9714743638413	20.351618952952
Q9BUB5	20.9248163748173	21.6565618067666	19.8263184779274	20.2638849117325	21.5028791159482	20.2638849117325
Q9BUE6	20.6370197794717	20.6370197794717	20.6370197794717	21.3860877979416	22.1831676949136	21.9491320330384
Q9BUH6	18.41025491391	18.41025491391	18.41025491391	21.4883395628157	21.7357138012212	22.4760331423518
Q9BUJ2	21.0998718223809	20.4476329814323	20.6845602505404	20.7450950411808	21.0651990286951	21.368690161307
Q9BUN8	20.9442382330768	20.2145755982022	20.4529642862841	19.7829646356432	19.4209878545427	19.7829646356432
Q9BUQ8	19.5395918720748	19.5737549099589	19.0751942886704	20.4468744308807	18.9941636524447	21.21016055137
Q9BV38	19.6554119548474	19.5858576147881	18.8898858901602	20.5302357100375	20.605342458064	20.6613845887447
Q9BV40	21.2612250186606	19.9572186629903	20.9911353105926	18.7314712188056	19.2904468640601	18.7314712188056
Q9BV44	20.2264374973082	19.9759305000002	19.2154725787599	19.9185214719185	20.1799194424825	20.5267557281758
Q9BV57	19.5737816021826	20.2041893001468	19.2504961386918	21.262209842606	21.2224038632072	21.3926402384888
Q9BV73	22.642563677903	25.2823718147597	22.642563677903	24.9665789148965	22.642563677903	25.2948711988857
Q9BV86	20.0030983886061	19.5859139165109	20.0030983886061	20.9761805488398	20.7821834870169	21.0030809387619
Q9BVC4	20.4578102774984	19.6926609878951	19.0630068665083	20.9226209456222	20.9405149085311	20.745263508203
Q9BVC6	19.0992221976976	18.5016741297785	19.9452695475583	18.7843884137806	19.6854794204472	18.7843884137806
Q9BVG4	19.9256131145781	19.4853044084519	18.5942694861485	20.7071021612908	21.8294744089431	21.7212379782232
Q9BVI4	18.9357624173909	18.4970226164684	19.1725970624967	20.2378197666116	19.7343101310073	20.6374662430813
Q9BVJ6	18.8651554926665	19.4402724395551	18.6699631880022	21.0057440853889	20.8848392013294	21.0825768225859
Q9BVK6	21.3140392750139	20.978005761541	20.795444586766	20.7638791222648	19.8514705959893	19.6693506070107
Q9BVL2	19.3861871365926	18.7364693069401	19.4227602603067	19.6786603389945	19.3632815471898	19.9294043154644
Q9BVM2	19.1084352552645	18.8473229997552	19.0397504702716	19.7573046689821	19.8947124902679	20.4972835185982
Q9BVP2	19.9378020915737	19.4457950474455	19.2997654182123	20.8969610325005	21.1245100744081	21.5592549403704
Q9BVS4	19.4887022222499	19.5966352769947	19.4887022222499	20.9988300798419	20.4502212046493	20.8787140952714
Q9BVS5	18.3493267311986	18.3493267311986	18.3493267311986	20.3664147718256	20.4426480605764	20.7258946082
Q9BW04	18.1212094284965	18.1212094284965	18.1212094284965	20.103726699595	20.6778367885361	20.7698537260437
Q9BW19	19.7272489666456	20.2239619010495	18.9770760167234	22.9859089265283	22.5464133764581	23.1404546541414
Q9BW27	18.8843245622512	18.8843245622512	18.8843245622512	20.1729946321493	20.5941377086902	20.4744681102798
Q9BW60	22.0031284718731	20.7681993466334	20.1109681893072	20.1109681893072	20.1109681893072	20.1109681893072
Q9BW91	19.1593802957851	19.1593802957851	19.1593802957851	20.1268913047372	20.1910484888622	20.2443180370786
Q9BW92	17.7131136235553	19.5142795428253	18.8595375776504	20.9685718501489	21.3387327635633	21.1847433350432
Q9BWD1	17.6264146386063	17.6282853147486	17.9532824691935	18.9212299730476	20.7002399251866	19.76970095155
Q9BWF3	20.1043079855631	20.415445607106	18.8997085935842	22.9830954011479	23.1284801355735	23.6211429697662
Q9BWG6	19.5407590050007	19.5407590050007	19.5407590050007	19.5407590050007	20.3304955697018	20.1805984942357
Q9BWJ5	19.7434053246173	19.7830756050691	19.1279791969922	20.8884257751876	20.8859054070528	20.9959029430948
Q9BWT7	18.979303770668	18.7017903323388	17.9682246083468	19.9981341964002	20.2291283341204	20.2280678283492
Q9BWU0	19.4368753027073	19.4368753027073	19.4368753027073	20.7556264806622	20.8579885732337	20.6193398721684
Q9BX10	17.9942385476811	17.9942385476811	17.9942385476811	19.9956284057009	20.1290343277095	20.4437619222547
Q9BX40	20.5229572346212	19.9573167475322	19.7664430384645	21.7156030536505	21.3809921831554	21.9545882994734
Q9BX46	19.319012061192	19.319012061192	19.319012061192	20.5710467254157	20.1705127529772	20.7870127925252
Q9BX66	18.7186159101814	18.7186159101814	18.7186159101814	19.5914584785518	18.7186159101814	19.7701155682721
Q9BXB5	20.6803385692843	20.4598754607462	20.0289608234008	22.268671784238	22.4276046503948	22.9520380830071
Q9BXF6	21.2392236875612	20.1707630759052	21.0065475898663	20.8977842454275	19.885592395719	20.989508086292
Q9BXJ9	19.849032544555	19.849032544555	19.849032544555	21.166549454844	21.8064703144152	21.5713378706681
Q9BXK1	19.3325628380436	19.6669947219604	18.7601810626089	21.392715522763	21.872638770845	21.6305096137522
Q9BXP2	20.4342886874807	18.9159068447482	20.394158011639	17.8665368249461	17.8665368249461	17.8665368249461
Q9BXP5	21.424601421693	20.0917037682971	20.0917037682971	21.1767047020732	21.4990673559945	21.9107120551363
Q9BXR0	19.3650775198422	19.3650775198422	19.3650775198422	19.938723976723	19.8837518390756	19.3650775198422
Q9BXS5	20.9838334210131	18.3330504311208	18.6161089411748	19.0192083150271	17.8894836320205	19.0865851712228
Q9BXS6	19.5686516715389	19.4584564450243	18.7171919587781	22.0568121116075	22.1520072250137	22.2764026233507
Q9BXV9	19.4736805501495	19.7047120991507	19.1056627968721	21.3142857622474	21.1423890230691	21.5181950258764
Q9BXW9	18.5520702912224	18.9332798911013	18.6560618518065	19.965332585077	19.3430649304985	20.2454404511619
Q9BY32	20.0482981357026	19.1959058964166	18.8658011408796	20.079744099116	20.3929070417416	20.8959542862458
Q9BY41	19.3260066653222	19.1256647516657	17.7551785766286	20.4498771094939	21.0550186852618	21.4712701214236
Q9BY42	20.1311206267854	20.7855937462446	19.5128906862897	22.0633482482424	21.9447914633638	22.4623528229642
Q9BY66	18.7430657869957	18.7430657869957	18.7430657869957	20.7320591229726	19.0426196141481	20.5710645957411
Q9BY67	21.1944691488865	19.8020842333589	20.2124548032831	18.2810949895196	18.2810949895196	18.2810949895196
Q9BY77	19.4294060932398	19.188977430304	18.3303682914419	21.59450551831	21.4100732120657	21.9977020341304
Q9BY89	18.8090108317871	19.3088080367846	18.6960988642657	21.4228481891943	21.8561841065541	21.9112640664294
Q9BYB4	19.673813717442	20.5537319064549	19.2504374773854	21.4001023504892	21.9526362445516	21.9997177337527
Q9BYC8	20.0695606392978	20.0695606392978	20.0695606392978	21.6760981522348	22.4244022377364	21.7531788563168
Q9BYG3	19.0773047566686	19.7369531669943	19.5045428449886	21.8449369605055	21.8925258906589	22.3469589392055
Q9BYG4	19.3519686269226	19.3519686269226	19.3519686269226	21.4220639046811	21.087848968145	21.7439567443924
Q9BYG5	19.109372512948	18.1762856800066	17.9026455626497	18.1762856800066	18.1762856800066	19.7912363418832
Q9BYJ9	21.3764674437184	21.7417896616106	20.503270594939	22.7798482327534	22.8857935847516	23.1051660324573
Q9BYK8	19.5752202712701	19.5752202712701	22.1619995785754	19.5752202712701	20.0079488037099	20.7167190169066
Q9BYW2	17.7340545701308	17.7340545701308	17.7340545701308	20.0763046120552	19.7367508373966	20.1043776055502
Q9BYX7	18.4195315830635	18.4195315830635	19.7499012922279	18.4195315830635	18.4195315830635	18.4195315830635
Q9BZ67	20.1580130125573	20.6078101110544	19.7309383624933	21.7529601678008	21.9974052533348	22.2411252948291
Q9BZD4	19.5052610102986	20.0708208025008	18.9851852661214	20.3156260629518	19.2342588412905	20.67736754754
Q9BZE2	18.1196260891765	18.1196260891765	18.1196260891765	20.1737113586378	19.3588390211086	20.2537645621685
Q9BZE4	18.5493358822975	18.723762480819	17.9604081681676	18.5493358822975	18.5493358822975	18.5493358822975
Q9BZE9	18.9474527766825	18.6551944660253	18.980090953704	20.1922181425471	20.5469594501591	20.5597045874601
Q9BZF1	19.5225225293377	18.5391428767687	18.5391428767687	20.2197924804725	19.4816371863156	20.2966592280375
Q9BZF9	20.3901637356557	19.4476056253082	20.1438136762473	17.7197897649227	17.8250144935737	18.0822270591665
Q9BZG1	21.3129546227016	20.5940089502453	20.9421011195644	21.9339659775671	21.7061012306133	22.1736400952895
Q9BZH6	18.4133124937079	18.4140479683993	18.4133124937079	19.5746291095884	20.1401816948237	20.4101461647659
Q9BZK7	18.720308859404	18.722822981557	18.7592804955212	20.9227714651841	20.6686459550596	20.9122550260141
Q9BZL4	19.960483332258	18.9743676653978	19.7160001770932	16.0317076135365	16.0317076135365	16.0317076135365
Q9BZL6	21.3289224832668	19.8128858930544	20.8545221646129	16.6871467257653	19.2713828532118	18.7901421401378
Q9BZR6	19.1111437041378	18.6318055680135	17.987168542342	21.4367883799671	20.9207810301197	21.8770051744108
Q9BZR9	17.8216543932953	19.5440650007091	17.8216543932953	20.7572604520245	20.4380540423284	20.7904085504223
Q9BZX2	18.8036691173298	18.7869209797628	18.8036691173298	20.0428449662844	20.2511888127879	20.403540699135
Q9BZZ5	19.599182279577	18.740191672522	19.3849709994586	19.2557755116014	20.3137677325802	20.3373782324036
Q9C005	21.4356450862886	20.3588779978613	20.4782610429463	20.4911767803584	21.4539614472088	21.7277223725329
Q9C035	19.4704696216916	20.0167284032207	18.2998086708864	21.309689137987	21.161180047645	21.5812547622663
Q9C037	19.472485562833	18.3048659365953	18.4601632762525	18.3731572148626	18.3731572148626	18.3731572148626
Q9C086	20.3488564905413	20.3488564905413	20.3488564905413	22.1592504979307	22.7172002857276	22.6050367549036
Q9C099	19.2321074923434	19.2321074923434	19.2321074923434	21.4285573114111	20.9351990683196	21.1212007378373
Q9C0B0	19.9845785647523	20.0651993863451	18.8424385108732	21.0586061513742	20.8889512172831	21.3698839891799
Q9C0B1	19.6809056728787	20.0533379626711	18.5888445667538	21.7268295775146	21.9079899368636	22.6245737053451
Q9C0C2	19.6665353604906	19.7050490907646	19.0409684548868	21.6383871674947	21.6861705827505	21.9570081494745
Q9C0D5	18.9529890319048	19.1424248885697	18.2193034646901	19.8582737639677	20.0886549258213	20.5623542738395
Q9C0F1	19.3315777758856	19.540679608094	18.7882111891481	21.2750729044235	21.4005832587716	21.7000865326219
Q9C0H2	20.3924033935622	19.3427051807207	19.3427051807207	19.3427051807207	19.3427051807207	19.3427051807207
Q9C0H6	18.5426435858029	18.5426435858029	18.5426435858029	18.5426435858029	18.5426435858029	20.0216419922417
Q9C0J8	18.6766051573557	18.1784059265957	17.3427027443858	18.1784059265957	19.1663263895794	19.8233731670274
Q9GZL7	19.1262131099192	19.1262131099192	19.1262131099192	19.7668222449038	19.1262131099192	19.1262131099192
Q9GZM5	20.1314142150726	19.4175887769865	19.8964531967112	19.4175887769865	19.4175887769865	19.4175887769865
Q9GZP4	20.3945235210737	22.2572933124346	20.4016277974755	21.1093374409459	21.1197140946983	22.0090621501476
Q9GZP9	19.5168561927564	19.0390351009327	19.0390351009327	19.0390351009327	19.0390351009327	19.0390351009327
Q9GZR1	17.7210718185145	18.1017926626774	17.7210718185145	20.8601373820214	20.4256406332526	21.1010741217097
Q9GZR7	20.5678181397809	20.4417746084945	19.7960136595804	20.3213594067396	20.1713858332443	20.545723324825
Q9GZS1	18.7475455608422	18.6466256448814	18.2884339434456	20.8506300278428	20.9628021834311	21.389619616292
Q9GZS3	18.3170291043416	18.3170291043416	18.3170291043416	19.8647952554365	19.5165889056091	18.3170291043416
Q9GZT3	21.1837009805282	19.6888577933903	21.1478675663174	19.6888577933903	21.2603333591823	19.6888577933903
Q9GZT4	20.1604570348204	19.910970974049	19.0737126681748	21.2659633229246	21.1502267833385	21.5883157706665
Q9GZT9	19.8942909451531	19.6630109671995	19.8942909451531	20.41510508924	20.6824461702037	20.9363967985036
Q9GZU1	18.7037166259997	18.7037166259997	18.5663775268102	18.7037166259997	18.7037166259997	18.7037166259997
Q9GZU8	18.642391447175	19.3901040297732	18.3136844762909	20.7593398003517	20.4169344119693	20.9948203359528
Q9GZX9	19.4043505501338	20.4339214881815	20.646374789179	23.7182320801828	23.4763620413256	23.4635220060141
Q9GZY6	19.0010541372593	19.0010541372593	19.0010541372593	20.3557119875925	20.6803117307728	20.9012005700769
Q9GZZ9	20.375270780865	19.4125620965173	19.7133155991055	18.974184595723	18.974184595723	18.974184595723
Q9H000	18.0983629250989	18.0983629250989	18.0983629250989	21.0632862599298	20.8093538523276	21.3364505679785
Q9H019	19.061542014188	19.061542014188	19.061542014188	21.3626105584875	21.5171737780354	21.8544187693227
Q9H074	18.4875040411185	18.4875040411185	18.4199612931464	18.4875040411185	20.0869952835536	18.4875040411185
Q9H081	19.2180240354288	18.9146969927588	18.5362348474596	20.6851510360099	20.5659237078635	20.7009842075658
Q9H0A0	19.4095919199943	19.5014011086742	19.1066060760244	19.3654224714044	17.1241788900136	19.4831898145399
Q9H0C8	18.7732811284267	19.5437495327577	17.9105322692782	21.7960509269217	21.8009081317456	22.3159294522543
Q9H0D6	18.6817912856318	19.0593409562088	18.5953534968158	21.8919909609881	21.8607411076854	21.7990302199765
Q9H0E2	21.1907021697111	20.7563839241251	21.1326420591564	17.7487324326375	19.5110105925009	17.7487324326375
Q9H0E3	19.3502559909172	19.3502559909172	19.3502559909172	20.4143134579333	19.3502559909172	19.3502559909172
Q9H0E9	18.1344476866334	18.6583461604816	18.9632706502438	20.0155548928077	19.9940291144744	20.5891558338669
Q9H0F6	18.4497187074524	18.5682191076655	17.8238450224069	19.7073814890812	20.5215700754217	20.5931328621703
Q9H0H5	19.76319470038	19.5104530179497	19.7724661116327	20.5356246666488	21.1158749924303	20.935875651372
Q9H0I2	18.57306927139	19.1547450333688	18.57306927139	19.837755166095	18.57306927139	20.2339545464315
Q9H0L4	19.0911394048855	19.1076511108561	18.0955963016502	20.3147837413922	20.1025925584068	20.7171128057307
Q9H0R4	20.1722805210422	19.3937910015844	18.0745543582492	19.52800522788	19.2718548375691	20.1739621113303
Q9H0S4	19.2660518512236	18.8998617562588	18.4854570058791	21.7709779799187	21.3694107705524	21.7920880178209
Q9H0U3	20.2283073337844	19.6194844593819	19.1403151354542	19.16407037101	19.16407037101	20.8622784740041
Q9H0U4	21.6440997761218	20.2461634656203	20.9068876489933	18.6991061435128	19.2729502244542	19.0906810481056
Q9H0U9	19.3975215240885	19.9493209196666	19.3975215240885	21.0034029514412	19.3975215240885	20.9447365406871
Q9H0W8	18.5498672553761	19.2336670414077	18.2884240982723	18.5498672553761	19.624432269634	18.5498672553761
Q9H160	18.9673653920376	18.9673653920376	18.9673653920376	19.6216558288329	19.4943554790072	20.3456347780569
Q9H1B7	19.5086745853493	18.8080856671791	17.3240044900888	21.3038337038653	21.1909226112015	21.7091660290257
Q9H1K1	18.2774673878975	18.878795430893	17.6211543843319	21.1548486016644	21.5959692472463	21.1530799694211
Q9H223	18.9527855454982	18.9527855454982	18.9527855454982	18.9527855454982	20.3403312933217	20.0975267164424
Q9H254	28.2297629608018	27.7513214045932	22.9637188601374	23.3421111684593	23.3421111684593	23.3421111684593
Q9H269	18.8557434783151	18.7204316921813	17.8933565965198	20.1421818578402	20.1342733259519	20.1463755373125
Q9H270	18.7753986993736	18.7753986993736	18.7753986993736	20.40223972763	19.9641618066275	20.1099330340115
Q9H299	21.1910589125085	21.843319663222	22.251679430414	19.0411468811015	19.684523606713	19.0411468811015
Q9H2D6	21.0965586996368	19.7635801107559	20.9576638892288	19.8131627248876	19.3674216821209	19.4828468382714
Q9H2G2	19.5787110681619	19.5787110681619	19.5787110681619	19.5787110681619	19.8745445877597	20.7858380010412
Q9H2M9	19.9218642019185	19.5575323389146	18.972199506625	21.0404446402027	20.4440018228199	20.4741273133478
Q9H2P0	17.4952312966277	17.4952312966277	17.4952312966277	20.6690157731717	20.5695031520427	20.7239484597225
Q9H2U1	18.6725839076692	19.4126364936699	18.6112633197229	20.5653966661057	20.4385548771996	20.7749746896233
Q9H2U2	18.9008768264852	19.6770405492851	17.6056101244379	21.8163476458309	21.8057828335319	21.87210593046
Q9H2V7	20.5629718314595	18.7332507390369	19.3774239001198	19.2602137426154	19.2602137426154	19.2602137426154
Q9H2Y7	18.8902954874482	18.8902954874482	18.8902954874482	20.6818499209863	20.0542570019526	20.4941482228706
Q9H307	18.6805380661291	18.4798070643812	19.006897006802	19.0141853520614	19.5887581154045	20.057408559979
Q9H3C7	18.9678200771656	18.9678200771656	18.9678200771656	19.7184511980642	19.4692602139566	20.278530549845
Q9H3K6	23.9003101223927	23.9191901027093	22.9463705659388	24.1740062435992	24.927764952177	24.7932181144384
Q9H3L0	18.5242784634878	18.5242784634878	19.0517247541708	18.5242784634878	19.4579373245786	18.5242784634878
Q9H3M7	18.1152874670457	18.1152874670457	17.8417045145993	18.1152874670457	20.0649972941249	20.2422690313212
Q9H3N1	21.0673499452581	19.2349842444776	19.4563894165589	17.8581918232853	17.8581918232853	17.8581918232853
Q9H3P2	18.116289681461	18.116289681461	18.116289681461	20.1860586988244	19.3452829514954	20.4100772891934
Q9H3P7	18.5682718932013	19.0396348558874	18.402571614115	21.20012178544	20.7424207623474	21.5505114791999
Q9H3Q1	19.5692894316177	18.1266595205502	20.085773379423	19.7272593834777	19.950156165931	20.1277435895173
Q9H3R5	18.3813796234262	18.577226984595	17.8514851525588	20.8650920357392	20.4304240298462	21.2294447806023
Q9H3S7	19.9384184683603	19.9304386197322	18.8565057952093	20.5393086930769	20.6528605986006	20.9881954428967
Q9H3U1	20.1343091923502	19.7893278615918	20.0826108242761	17.2200461370782	19.4415670548741	17.2200461370782
Q9H3Y8	19.1395207367058	19.9057255099852	19.03153988903	21.9173288989234	21.6186299268684	21.8330644622127
Q9H3Z4	20.6482103855214	19.0328710646147	20.1725262480442	19.0328710646147	19.0328710646147	19.0328710646147
Q9H410	18.5967278826561	18.636642212643	18.5967278826561	20.3014027394986	20.3315477035564	20.7145600964237
Q9H425	18.5094857338464	18.7106669276136	19.5218162873374	18.5094857338464	19.5659886286203	19.8373445226421
Q9H444	20.3343524872389	19.3396934252337	18.9659242573678	18.8172462601771	18.8172462601771	18.8172462601771
Q9H479	19.5277643294667	19.3813980902521	19.9071464885913	21.0782018409869	20.7479863111966	20.9455379930973
Q9H488	19.4794850028392	19.0804164820157	19.0804164820157	19.7117831277122	19.8500600272348	20.1514364903589
Q9H4A3	20.2572139752826	19.5638968699775	18.0337055689532	20.2534419804283	20.3560691295595	20.8479781399618
Q9H4A4	19.8794326508964	19.9266877466412	19.5361417934243	20.7411167150681	21.1950051121543	21.3168278527954
Q9H4A6	19.225252020649	19.225252020649	19.225252020649	20.4397931364906	19.9483016632143	20.6175952812586
Q9H4B6	19.3459422171695	20.017415051444	19.5784002417023	20.0730258513658	19.7580276157245	20.1999491959477
Q9H4F8	17.9259012549738	19.303758375176	17.9259012549738	22.0124297367201	21.277733455068	22.1151640577017
Q9H4G4	22.7080230737308	20.6848993016172	21.4248990744543	19.4340614940122	19.4340614940122	19.4340614940122
Q9H4H8	18.6188723128795	17.9793545002901	18.6188723128795	19.8553331437166	19.7493869927416	20.5214563458895
Q9H4I2	17.7967611869948	17.7967611869948	17.5176726099463	20.3583749588558	20.0017518178112	20.854439943051
Q9H4L5	20.5447199157951	18.8405030734592	17.2477431357687	18.8405030734592	18.8405030734592	18.8405030734592
Q9H4Z3	19.4567056754981	19.2705163848414	18.8506006168951	20.8970358387228	20.6847672809653	20.8747916852964
Q9H501	19.4900083908656	19.4900083908656	19.4900083908656	20.8007380240419	20.4161820370739	21.2333555370612
Q9H582	18.5777574584913	18.5777574584913	18.5777574584913	20.376693764192	18.5777574584913	20.2881724038467
Q9H583	18.4598842123399	18.4598842123399	18.4598842123399	20.3101755091196	19.9654379331076	20.116166865885
Q9H5Q4	18.9781544356943	18.9781544356943	18.9781544356943	20.3666905575571	20.4098859080266	20.9699743616529
Q9H5X1	18.5593010712532	18.6196256844849	17.8719673803204	20.738919909929	18.5593010712532	18.5593010712532
Q9H649	18.7447638315726	18.7447638315726	18.7447638315726	20.5282789329468	21.1393412986952	20.8883898718243
Q9H668	18.9911623004592	18.9911623004592	18.9911623004592	19.9116417317464	19.6863386880292	19.9989846179215
Q9H6E5	19.0274552374091	19.0274552374091	19.0274552374091	19.0274552374091	20.209694598041	20.5869760023636
Q9H6I2	19.435448315656	18.6425311495317	19.435448315656	21.3279735180603	20.9065949179242	20.6491949273468
Q9H6N6	19.2651445348767	19.1839378131958	19.4435958604966	18.683070546969	18.683070546969	18.683070546969
Q9H6Q4	18.7399603763127	19.0480783351164	17.7714463380179	20.2246100084319	20.4960132042134	20.5465419075789
Q9H6R0	18.2402155454389	18.4935818460481	17.5961247739748	21.0873478867451	20.9702538603532	21.2941833533654
Q9H6R4	20.3346852113476	20.4575090935466	19.2161318026347	21.9324155174833	22.2481533443493	22.4376209102289
Q9H6S3	19.6365194110561	19.9092766005499	18.8914075423612	21.5263121693004	21.4571994100173	21.6957313155746
Q9H6T3	19.6640000052846	19.0379851557307	18.4313216870202	19.0379851557307	20.441465270082	20.355746134713
Q9H6U6	19.5470732759481	19.8427387237648	19.2993108955017	20.1940214649894	20.0885917967359	20.5386779042975
Q9H6X2	19.7885130571763	19.0896810717727	19.4841332679093	18.7710057332274	18.7710057332274	18.7710057332274
Q9H6Y2	19.0679504407517	19.0679504407517	19.0679504407517	20.8475444267818	20.5276221892337	20.9495901427644
Q9H6Z4	19.1631215356224	19.1312304194608	18.3801829995006	21.0202290307151	21.0192276840775	21.6155326756686
Q9H773	19.8897817088281	19.9096265130224	19.4592816828983	21.2122965956001	20.9794366941789	21.7183286915177
Q9H792	18.7939287723106	18.8640896960163	16.9297470011245	21.1412093404798	20.7404045548014	21.2066686762681
Q9H7C9	20.4234033386592	21.0370817382324	19.4281962941106	21.3879107163799	22.090608601028	22.3993339220988
Q9H7D7	19.8251902708691	18.9731441465668	18.6419296282857	20.6931615676668	20.1181769218601	21.3102154552095
Q9H7E9	18.8022763479139	19.5308166306663	19.080801841581	22.1221326519957	22.027711880591	22.5059871526227
Q9H7F0	21.6133661386424	21.3888334777204	20.8000678529986	19.7525025928981	20.4135918847925	19.7525025928981
Q9H7H0	19.0981797445917	19.0981797445917	19.0981797445917	19.7430613062416	20.2380835951517	20.2389278697431
Q9H7N4	19.8229185885105	19.8229185885105	19.8229185885105	21.0301682976011	21.9636306009576	21.3421651990272
Q9H7P9	19.290872633371	19.4859014882785	18.8138277195227	19.6533639061561	19.3219438226978	19.9364878573145
Q9H7S9	19.1500615201302	19.1500615201302	19.1500615201302	21.222416820041	21.7452017155337	22.2809963474034
Q9H7Z6	19.084966762617	19.5861774419292	19.084966762617	21.5538040652906	21.390023560157	21.3848003895085
Q9H814	18.4414218663751	19.1039119448605	18.1880632448517	20.7472552011826	20.6482352771126	20.9046918726096
Q9H832	20.6206738081282	18.459870455552	19.1279437665381	18.704008450461	18.5491156005856	18.704008450461
Q9H857	19.6985094031284	20.1805224018709	19.0981630313392	22.1044737579362	22.9739944489147	22.7977298323545
Q9H871	20.0026572274344	20.0026572274344	20.0026572274344	21.6287274802335	21.5304661379225	22.2826247947562
Q9H8G2	18.8938288920868	18.8938288920868	18.8938288920868	20.3585283708777	20.1724666416724	20.7464832395636
Q9H8H0	18.0911891258486	18.0911891258486	18.0911891258486	18.0911891258486	19.632659087646	20.1794197087392
Q9H8N7	18.5593714433372	19.0049763711611	18.5593714433372	18.5593714433372	19.9774127868813	20.1346072416616
Q9H8S9	20.0953993716061	17.3891576012198	18.1753349418402	18.2735579076866	18.2735579076866	18.2735579076866
Q9H8U3	18.7187920963012	18.7187920963012	18.7187920963012	19.0571301740398	19.7623297074835	21.6941954347366
Q9H900	18.1306246996952	18.1306246996952	18.4551522678575	18.1306246996952	18.1306246996952	20.0883345549339
Q9H910	20.5572441662408	20.8836595380533	19.9082065928795	22.1698711342032	22.2099298881757	22.745409009728
Q9H939	19.1776229703479	19.1776229703479	19.1776229703479	20.1273999476304	20.4770581981694	20.0631887968633
Q9H974	19.209797561787	19.7453215287012	18.4731107349476	20.3705048016867	21.0819578444348	21.236521523412
Q9H981	17.719463416989	17.719463416989	17.719463416989	17.719463416989	17.719463416989	20.1544176001163
Q9H992	19.3854589542058	19.3854589542058	19.3854589542058	19.9547162557865	19.2912101427069	20.0416724259587
Q9H9A6	18.7096420235358	19.066465390295	18.5170223833161	20.9200575729716	21.6061346687719	22.0144472876482
Q9H9B1	18.9782443427449	18.9782443427449	18.9782443427449	21.5373299791651	21.0677459846614	21.3822510390547
Q9H9F9	18.8182562951134	18.8182562951134	18.8182562951134	20.2563085232421	19.9582514119446	20.6104848516378
Q9H9H4	21.0408963720636	20.9833035270771	21.0939800888088	22.0893036181429	21.9671774486424	22.529597176499
Q9H9J4	18.5169751736746	18.5169751736746	18.5169751736746	19.8411437092076	19.1941956134129	19.9046844824016
Q9H9L3	19.4424848760854	17.994964850537	18.017911042016	20.8398799474275	21.2139457707214	21.1468630502019
Q9H9P8	20.095874793066	20.1979363953402	19.574595688325	22.3408666761874	22.2953549473717	22.1418065753817
Q9H9Q2	18.9050598372307	18.9050598372307	18.9050598372307	19.9835325893375	18.9050598372307	20.2336422047853
Q9H9T3	19.4628191780007	18.9227160450568	18.8085568859918	19.9426329053473	20.3533114600163	20.4805107464375
Q9H9Y6	19.2797901572018	19.2797901572018	19.2797901572018	19.2797901572018	19.4432816748096	20.0463953150192
Q9HA38	19.0215544253091	19.0215544253091	19.0215544253091	21.2324767089118	21.4933086589132	21.6881661799578
Q9HA64	21.1116336500559	21.7906825737792	21.1533227442546	23.0444374307654	23.1648418020858	22.9013033219807
Q9HA92	19.124907798847	20.1181562706446	18.4004055443412	21.7229601618864	21.7806932861181	21.7937094522691
Q9HAH7	19.117508460146	19.117508460146	19.117508460146	19.117508460146	19.117508460146	19.7418103159374
Q9HAN9	19.9662106521074	19.5588942906882	19.0071210201478	18.3907991554907	18.3907991554907	18.3907991554907
Q9HAU0	19.4904758793245	18.6881959267336	19.4164317406327	21.0058021141467	20.9904404181334	21.4082463993322
Q9HAU4	18.3304388428479	18.6068122755889	18.3304388428479	19.8752882348783	19.2194626215173	20.1836712111236
Q9HAU5	20.049149148995	20.049149148995	20.049149148995	21.0847307944638	20.339525345167	21.1495667273913
Q9HAV0	20.2601834697618	18.8093488908043	19.583577392605	18.8093488908043	18.8093488908043	18.8093488908043
Q9HAV4	20.8349389076214	20.745257561758	19.8819755861173	21.8998670019136	22.285028188131	23.012221795147
Q9HAZ1	18.860437064501	18.860437064501	18.860437064501	19.32470412784	19.7095055021296	19.8437055842119
Q9HB19	18.3339473312407	18.3339473312407	18.3339473312407	20.0229554786289	20.6168987842631	20.6756285760402
Q9HB20	18.1476616520155	18.1476616520155	18.1476616520155	21.1193941249665	21.1651869177928	21.3641392348504
Q9HB21	19.0205994435276	19.0205994435276	19.0205994435276	19.8904119491929	19.9612357068414	19.9511591775282
Q9HB71	20.8532106002215	20.865521461758	20.1281819594047	22.2712674634373	21.6758181181069	22.206961283174
Q9HB90	19.8018751714537	19.7551760632669	19.5099449695435	19.2717969614856	20.629550683282	20.0120829497842
Q9HBE1	18.782179556438	18.782179556438	18.4527973283594	20.121185438092	20.5322243262545	20.1897745371719
Q9HBF4	18.7127996795446	18.7127996795446	18.7127996795446	19.4863755627004	18.7127996795446	19.8439463096095
Q9HBH0	20.5708348398815	17.9432529051166	18.7207308030553	18.634217044385	19.1023883036067	19.4248796487305
Q9HBH5	19.0602393810247	17.6400503441445	18.4288656226195	17.6400503441445	17.6400503441445	17.6400503441445
Q9HBL0	18.9144813027382	18.1868957380931	18.1868957380931	20.5734787591933	20.2772832273589	20.7189125960586
Q9HBM1	19.6480352040822	19.3750424415196	19.5514317232415	18.7291448050483	20.4145428297304	18.7291448050483
Q9HBM6	18.6347408728542	18.6347408728542	18.6347408728542	20.2139346770878	20.3893844349076	20.991926411764
Q9HC35	19.4817247700941	19.5236893454086	19.0004944994661	20.4004990479495	19.980333484545	20.4386246286118
Q9HC38	20.0141441156603	19.9779532755773	18.9268476193824	21.0854641438294	21.3299425868455	21.3793410541316
Q9HC52	18.5291327029835	18.5291327029835	18.5291327029835	20.2227978574335	18.5291327029835	20.3887016054187
Q9HC62	18.977270818013	19.9625357514438	18.5532021790608	21.4804752520052	21.5816463391767	22.0873282703556
Q9HC78	19.4029099982749	20.6356709877242	19.4029099982749	20.9175840617838	20.0067970979537	19.9506516180724
Q9HC98	19.9126529701815	19.7150966844837	18.737432034222	20.5009284488794	20.8497916258034	21.3358492222398
Q9HCC0	17.9500418541548	18.1839119115089	17.8576091072578	19.8621328040325	20.3573960691264	20.8207192887664
Q9HCD6	18.2670152606813	18.3973233397642	18.5885742270521	20.189808998081	19.9775526894435	20.3431571517568
Q9HCE1	19.5907230925364	19.3609428715724	18.8652536146558	17.5998483197817	17.5998483197817	17.5998483197817
Q9HCE5	18.8490593699577	18.8490593699577	18.8490593699577	18.8490593699577	19.6064462643966	20.3555997676633
Q9HCJ3	18.6037670742316	19.0353702391142	18.9235263846735	20.5943275563391	21.077173644134	21.1457139310929
Q9HCM4	21.5826208828525	20.0822324768409	20.8357703093711	18.6762997541519	19.2951150646599	18.8200720152813
Q9HCN4	19.1319426977326	18.345283207894	18.9005907173026	18.9005907173026	19.0663639726223	19.2805088248149
Q9HCN8	20.3255882044794	20.4884629841644	20.2700179932031	22.7092271724673	22.7973617805132	22.6169066919808
Q9HCS7	18.5354418305942	17.8886456560774	17.7212931550717	19.1222034566736	18.1742802865992	20.0355897889548
Q9HCU5	20.1544042181893	18.2787192743975	19.0082349511956	18.2787192743975	18.2787192743975	18.2787192743975
Q9HCU8	20.2396530410586	20.1834864535728	18.2776340733401	22.0650546790652	21.9574386451133	22.3212722909622
Q9HD26	18.1197562095995	19.0361904337288	19.0361904337288	19.9985258668082	20.2990068043519	20.4658336595137
Q9HD42	22.3268129347327	23.3519557284841	21.41901545286	23.9332291902918	24.5187381759778	24.3476344354759
Q9HD64	20.3910072794181	19.9727361586401	20.3910072794181	22.3703269207991	22.5097367653547	23.2596036028437
Q9HDC9	21.1250874635961	20.2857132025125	19.5229810745607	18.2268570063133	18.3229347171172	20.0996414622192
Q9NNW5	17.8891629615662	18.2878986877883	18.0193461323822	19.6654353158806	19.8290023549092	19.9188685879068
Q9NP61	20.5725402865488	20.5198150758525	20.2167298186203	21.6209217682942	21.5430404373044	21.9651579056352
Q9NP64	20.0659119503884	20.6192270572159	19.7733833895712	21.7465286761745	21.1911280076055	21.9511917217485
Q9NP72	21.0060675655327	19.7463562366052	20.3818236342158	19.2941262980418	19.8429546702981	19.7485705827875
Q9NP81	18.4515016560263	19.6454802683732	18.4515016560263	20.2513257355165	20.0081257265885	20.9427573792654
Q9NP87	19.2956005218244	19.2956005218244	19.2956005218244	19.2956005218244	19.8557172402887	19.695575549708
Q9NP92	18.4737958629525	18.6315330146222	19.1822772379822	21.1526358100172	21.930216845078	21.4609662568726
Q9NP97	20.9635614985116	20.3057896778876	20.1131520734864	20.1126726913534	20.6620109016782	21.0197040076818
Q9NPA8	20.1048150407487	20.9917320511159	20.7223148204067	21.7678270520009	21.1760116596553	21.911616598861
Q9NPD3	19.328854675267	19.4505229317059	17.9690127485779	21.396879188238	21.5769364213172	21.8410913597309
Q9NPF0	19.662173898704	18.8269853053077	19.7961606114508	18.7570383938454	18.7570383938454	18.7570383938454
Q9NPF4	19.0330966246119	18.6949718305213	18.5143717214935	21.3626192375248	21.1288066785366	21.6593385497634
Q9NPF5	18.9046449933835	18.9046449933835	18.9046449933835	20.4828208071202	20.399275708197	20.4515840312437
Q9NPG3	18.7838582673133	18.7838582673133	18.7838582673133	19.9835347564313	19.6775207205232	18.7838582673133
Q9NPH0	19.6513653970376	19.6513653970376	19.6513653970376	19.6513653970376	20.0778911306411	20.8687838592078
Q9NPI6	18.3769390390472	19.2456087642845	18.5169937246516	21.1126843567975	20.7189286073949	21.2797366143086
Q9NPJ3	19.2262839343673	19.2262839343673	19.2262839343673	19.2262839343673	19.420716096861	19.8607031078634
Q9NQ29	18.8686708029058	18.811043757281	18.811043757281	18.811043757281	18.811043757281	18.811043757281
Q9NQ88	20.6648558796598	20.9927855697017	20.3079518514909	21.2984270143606	21.9704697160274	22.039383308012
Q9NQC3	22.3442931899969	21.490499917502	21.0902102823144	20.4517727095165	20.7949239243138	21.5456232207442
Q9NQE9	18.6151506726843	18.0376321264544	18.6151506726843	21.1494242702055	21.5316344197688	21.5728603021723
Q9NQG5	18.1751583880952	19.3134611729571	17.7355471496672	20.2160846757697	20.5835436157366	20.6700402964716
Q9NQP4	20.9995883441092	21.2881308627461	20.6805707808695	21.1725503535676	21.4206730613778	22.3194741087377
Q9NQS7	18.0288203047892	18.0288203047892	18.0288203047892	20.4073075628638	19.7383804550598	20.7922337305781
Q9NQT4	18.9401752509476	18.9401752509476	18.9401752509476	20.3360787264671	20.6356807987799	20.5545956777314
Q9NQT5	18.3263428602529	18.5162994595939	18.0926860916777	20.5307997579616	20.2295684689325	20.8287466829546
Q9NQT8	19.9510292659512	19.2494714541082	19.5461797211102	19.1983761100869	19.5709018574741	19.7609417767783
Q9NQW6	19.3328950378906	19.5659761739039	18.5122141285062	22.9574477417503	22.5017450671999	23.2638226587906
Q9NQX3	20.5702540425014	20.3594014235964	19.2651562635723	21.2572303671835	21.1445500500078	21.5470612318869
Q9NQX7	18.4518607454464	17.8809607286273	18.8008534560251	17.8809607286273	17.8809607286273	17.8809607286273
Q9NQY0	20.0348159916096	19.9421368926181	19.1918510197739	20.1598451066175	20.8323747768764	21.1034603126032
Q9NQZ2	19.5311351334494	19.5311351334494	19.1853573720934	21.1554031056546	20.4979930869142	21.3601097277046
Q9NQZ5	20.5792001689586	21.3071412792095	20.1906292149029	21.7770855759054	22.4404922692213	22.298042622953
Q9NR09	18.2552667194113	19.4983608202877	18.2552667194113	19.3279176989365	18.2552667194113	18.5785818051797
Q9NR12	20.5967318235272	20.7530457064156	19.9045297632557	23.4444142109642	23.1636025911031	23.5563791980091
Q9NR28	20.5183639906439	20.4576720831094	20.103830374254	21.3473647741514	20.6794200278114	21.2752784826586
Q9NR30	20.5321371457789	20.3245369635596	19.9778238980894	20.9224693692789	20.8328285715394	21.0421450932264
Q9NR31	21.63730908705	21.6706922375398	20.9815511995917	21.3199535709606	20.5494356501937	22.6186064963959
Q9NR45	19.181732669859	19.181732669859	19.181732669859	19.2747280829878	20.0234426202554	21.3621699318701
Q9NR46	19.8334796137615	19.0544922557227	19.5887547595531	19.4533209617738	19.593097575026	19.5180866837377
Q9NR48	24.0590624839343	22.3458442584322	23.1397031982699	20.8103123246428	21.0396632540496	20.8103123246428
Q9NR50	19.2194209783118	18.7897557431669	18.4804847769721	20.5895572868323	21.1362563243471	21.4212735167451
Q9NR56	19.5603359232922	19.8679306744388	18.7270762978158	23.2530868816342	23.331239656325	23.6325269262064
Q9NRA8	19.4995705895528	19.1613089411892	19.4421309023686	20.631477020766	20.113193728099	20.5911946231302
Q9NRF8	18.1428349296416	18.8169432239733	17.1000714724381	20.2089115380064	19.9356525689503	20.2266878572592
Q9NRF9	20.2340747371946	19.7858869421991	19.7858869421991	19.7858869421991	21.9111390033722	21.9879190056314
Q9NRG9	23.1705537101154	23.1770669878017	21.4386449830604	23.3682081900297	24.7271574595086	21.4386449830604
Q9NRL2	20.2980503122385	21.0581047252989	20.2980503122385	22.4615610197633	20.2980503122385	20.2980503122385
Q9NRL3	18.2143283442205	19.2439966003896	20.1130751190422	20.3457580559996	20.3650927201431	20.7808307484934
Q9NRN7	19.3587905878162	19.3587905878162	19.3587905878162	21.6400619476547	19.8910925691429	20.2246533274214
Q9NRR1	19.1674537026537	19.1674537026537	19.1674537026537	20.8781036148244	20.9525825294496	21.3727694589744
Q9NRR3	20.9005325270722	19.7600366211933	20.4755351712859	19.7600366211933	19.7600366211933	19.7600366211933
Q9NRR5	19.1716270175953	19.4456911974599	19.7327764395592	20.216240563164	20.4607742361383	21.4576584285325
Q9NRW1	21.3744364767774	20.2578768927416	21.5883667157589	18.8790330446802	19.1584139902033	19.0371761706864
Q9NRW3	22.2106387522798	22.825152787134	21.4632773984962	23.0679182225906	23.203141181798	23.2929614329159
Q9NRW7	19.6648931276798	18.5719493941235	19.2980025758079	17.4956534864962	17.4956534864962	17.4956534864962
Q9NRX1	20.1186699682495	19.5928615457241	19.1609506873397	21.6222082954432	21.9034588861475	21.9495772459545
Q9NRZ9	18.0628709122125	18.0628709122125	18.0628709122125	20.0679911088051	18.0628709122125	19.6692115262047
Q9NS15	18.4655497138067	18.4655497138067	18.4655497138067	20.7026755211603	19.4812221158621	18.4655497138067
Q9NS69	20.0684534091043	20.0684534091043	20.68604967846	20.4547121905586	20.7782813766746	20.8195220750553
Q9NS86	21.7944206092707	21.485990696236	21.1591097338627	22.3433292297901	22.6102007601897	22.61075044966
Q9NS87	21.5021160726685	20.8196032879132	19.7651868699303	20.4849356236532	20.0173438410793	20.6988868396621
Q9NSD9	20.8262553543827	21.0541005862002	20.2522825371166	22.4798644802657	22.4003890891901	22.9320048875636
Q9NSI2	18.3734170573032	18.9066681951394	17.6717123157052	20.010601375762	19.873790796973	20.0721567952236
Q9NSY1	19.2595550340734	18.2981256701416	18.3204238553042	18.2981256701416	18.2981256701416	18.2981256701416
Q9NT62	20.2942662204686	18.9037897244624	19.2515942867455	19.5765262646105	19.6594112843041	20.0601843828864
Q9NT99	20.4437779523104	19.3019870768774	19.3019870768774	19.0823818763757	20.8854686518115	20.3972879110297
Q9NTJ3	19.6600423779454	19.9025707356403	18.0764680421806	20.4340701036688	20.4303533057472	20.9861529447766
Q9NTK5	19.3173138657346	19.3173138657346	19.2378744429314	20.6202189698618	20.2257610388196	20.7859863421405
Q9NTW7	18.8102985898291	19.3697884953938	17.8002421923663	20.9796087515593	20.6503233998733	20.9230221963511
Q9NTX5	17.8554226572789	17.8554226572789	17.8554226572789	19.9712639333939	20.8134530284712	20.4450523995488
Q9NTZ6	18.9193324688264	20.4607871863609	18.9193324688264	20.2339188202274	19.5103399598845	20.097990069613
Q9NU22	18.0105982901088	20.1869995845382	18.0105982901088	19.478530442484	20.2572186570179	20.9119388944245
Q9NUG6	19.4381910070573	19.603108266012	19.4381910070573	20.4177207423805	20.546961914549	21.0402407866585
Q9NUL3	20.0573451600083	19.059477960571	19.472677547799	20.1394596559193	19.6007673364477	20.0578870131862
Q9NUM4	19.6218362192129	19.0784022238739	19.2161728376197	18.3573906446914	18.3573906446914	18.3573906446914
Q9NUN5	19.5653589359187	20.0303149223755	20.577525052733	19.5653589359187	19.5653589359187	19.5653589359187
Q9NUP1	19.7264770360686	19.7264770360686	19.7264770360686	21.1123677640744	21.7016470893861	20.9889933381432
Q9NUP9	19.9784202218294	20.1232451516469	19.5292866482389	22.2429487563075	22.3936214443941	22.0581653702567
Q9NUQ3	19.1236667192595	19.4483201509029	18.1325667202074	20.9405911903552	20.834035237836	21.5464846296536
Q9NUQ6	20.3661524200264	19.6610560117905	19.5608535916342	20.9807768738949	20.7882284619089	21.2530322210876
Q9NUQ7	19.1457581361093	18.9088558072375	18.9088558072375	18.9088558072375	18.9088558072375	18.9088558072375
Q9NUQ8	19.4852213449969	19.6153960503002	18.700673397209	20.0772964197213	20.3757498322021	20.4863116338961
Q9NUQ9	21.0648878004099	20.433874897412	19.6741608208757	20.0758608709634	20.6294235708405	21.030885265157
Q9NUU7	20.1382914903125	18.8116350572426	18.9588824184253	19.7671057234063	18.9588824184253	19.6758073313279
Q9NUW8	18.0402958353744	18.0402958353744	18.0402958353744	20.6027315318907	19.2915512962188	21.1119797494123
Q9NUY8	18.599255212012	19.451730703721	18.599255212012	19.4893953979766	19.2307605383413	19.8726521214567
Q9NV56	18.6735853080874	18.6880635053895	18.5277693915339	21.3370501932471	20.9257778118762	21.0305723059457
Q9NV70	19.155967557786	18.3276960889941	18.5288281732341	18.3276960889941	18.3276960889941	18.3276960889941
Q9NV96	20.9462270337332	19.9313941964391	20.182376148488	18.843460068718	18.843460068718	18.843460068718
Q9NVA2	19.5883204074105	18.699019171363	19.6131023948878	20.5057228470369	20.9277990842385	21.3366825824153
Q9NVA4	20.855875891074	19.5016757672693	19.5016757672693	19.5016757672693	19.5016757672693	19.5016757672693
Q9NVF9	19.787653668854	19.9581545326648	18.8448862584815	20.6473880911263	20.8237349635388	21.0841581547537
Q9NVH6	18.6517975065185	18.6517975065185	18.6517975065185	20.2894553211993	20.821732171881	20.8427450075054
Q9NVI1	18.155283566765	17.9797303016648	17.129459786882	19.4707371227807	20.0013860654224	20.1982861795839
Q9NVJ2	21.7259058559892	20.5081986026751	21.1060269299907	19.459158634868	19.6007099916992	19.6754849153388
Q9NVM9	18.5031391486805	18.5031391486805	18.5031391486805	19.1473195059087	18.5031391486805	19.2414869124502
Q9NVN8	18.7967213183304	18.3318638833926	18.9962680695613	20.712921804753	20.5524046587184	20.9810157653957
Q9NVP1	20.8027812979427	20.1484557448357	19.9642002309712	20.2180666951782	20.2351470597572	20.7673368546727
Q9NVR2	18.1626015497108	18.1626015497108	19.3335290386223	18.1626015497108	19.3203685046098	19.7537959887894
Q9NVS9	18.5558861744646	19.0631971373114	18.5558861744646	20.0505633538343	20.1447028398568	20.332175312648
Q9NVT9	19.2028460465825	19.2028460465825	19.2028460465825	20.5159318838502	20.0132396634598	20.2842513578851
Q9NVV4	19.0972741561722	19.0603968419844	18.2313484398533	21.0132099419557	20.4291249961965	20.4409618028735
Q9NVX2	19.2702978653465	19.2702978653465	19.2702978653465	20.3298457489144	20.4049456763463	20.5305444393704
Q9NVX7	18.7416452827955	18.4915534794163	19.2100848501269	20.4274714104147	20.1667948375121	20.7790350123883
Q9NVZ3	19.1110427252058	19.6431327447165	19.2336993915132	18.8871402201647	20.4835023592427	20.4689692372377
Q9NW13	18.2160920347533	18.6202964102059	18.5036035219848	18.2160920347533	18.2160920347533	18.2160920347533
Q9NW64	20.0528442713841	20.4777325851485	19.3081838540852	22.3455613318874	22.0975267419778	22.7303371352423
Q9NW82	18.198769449922	18.5162929265211	17.4858986705378	20.914746761235	20.9859696376782	21.3342433818594
Q9NWB1	19.0928410770329	19.0928410770329	19.9554401591181	20.4741558027435	20.2800600117279	20.8862363575706
Q9NWB6	21.1791373065615	21.2906508345943	19.9655785853998	20.9033271619873	20.8849534339305	20.8628344312424
Q9NWH9	20.0880881104105	19.7776007339009	19.1262175448516	20.3063705054268	20.0633821314271	20.2738277787972
Q9NWK9	18.5262171187835	18.5262171187835	18.5262171187835	20.2190853602111	20.1684076542425	20.5025723252519
Q9NWM3	20.5445067902203	19.0054924831479	20.206547879207	19.0054924831479	19.0054924831479	19.0054924831479
Q9NWQ4	18.84943304298	18.84943304298	18.84943304298	21.1449618282609	18.84943304298	18.84943304298
Q9NWQ9	18.7657102845727	18.7657102845727	18.7657102845727	19.5797804703675	19.160678578436	19.6174237793499
Q9NWS6	20.5846288481013	20.5846288481013	20.5846288481013	21.6930716321408	21.6527309695436	21.909354112367
Q9NWT1	18.6990588569727	18.4860593290818	18.6990588569727	20.3080906463587	21.0748321735449	20.9143767077873
Q9NWU1	18.9696200035853	18.9696200035853	18.9696200035853	20.559190409024	20.5358863596189	20.6217495771487
Q9NWU2	19.7838089108671	19.6942143588825	19.4531618889558	21.1994595799638	21.0042772557658	21.3648009298946
Q9NWV8	18.3292497928838	18.5007103815409	19.2484691700904	21.9008765776595	21.5617781013259	21.9001721392935
Q9NWX6	19.1121574323757	19.1121574323757	19.1121574323757	20.0299898643493	20.1540548623572	20.1100886618379
Q9NWY4	18.6967416415772	19.4170622625314	17.9053319319475	22.012414124606	21.7411684268212	22.4601777861066
Q9NX20	17.4986054619136	17.4986054619136	18.0192450718577	17.4986054619136	17.4986054619136	17.4986054619136
Q9NX24	18.8788223467273	18.1556558708517	19.0470483094621	19.8622282577631	20.2988029255942	20.8174172763354
Q9NX58	19.254908496024	19.520364053174	18.8558078199992	20.343137500728	19.9673868408197	20.6155985573858
Q9NX70	19.047752779631	19.047752779631	19.047752779631	19.047752779631	20.2254712952844	20.6657256513102
Q9NX74	18.088337737905	18.6392100648078	18.088337737905	20.2418646362955	20.063512821821	20.6076092306272
Q9NX76	22.5074301018066	21.9225879892721	22.6001925103672	20.2845327671609	20.2845327671609	20.2845327671609
Q9NXC5	17.8359216885878	17.8359216885878	17.8359216885878	20.4012091443891	19.9735540447159	20.2926661655793
Q9NXH8	19.7437980340251	19.7437980340251	19.7437980340251	21.1355877022889	20.1762297517318	19.7437980340251
Q9NXH9	19.2163626622779	17.6687742674297	17.5106422777321	21.2895263701881	21.4837132573264	21.834195745914
Q9NXR1	19.2958505407426	19.5680771129821	18.4372368548917	20.8757253064463	20.3449837493112	21.3940172064658
Q9NXR7	18.0742292168589	19.2730794727788	19.1447046693961	20.7689171378026	20.6978718478808	20.8276374838124
Q9NXU5	19.9884514854938	18.914973508581	18.7473450642267	20.4861805104398	20.6643270343649	21.2899702040618
Q9NXV2	19.1857652599872	20.0230482791347	18.3942170848654	21.6832358208305	21.7919062158063	22.1672519714176
Q9NXV6	18.8122558581923	19.1699672484272	17.3293485110272	22.2155492736486	21.8569644511074	22.2583280315887
Q9NXW9	20.073115559379	19.7991499828205	19.7109110981368	18.1964748371217	20.2030176828569	20.5945944987124
Q9NXX6	18.3233461314902	18.3233461314902	18.3233461314902	18.3233461314902	19.2669203955766	18.3233461314902
Q9NXZ2	19.5137849415204	21.8772839327772	19.5137849415204	21.1534513431176	19.5137849415204	19.5137849415204
Q9NY12	19.9528346111024	19.9528346111024	19.9528346111024	20.6957894242298	21.4453017763593	19.9528346111024
Q9NY27	18.9792665917118	19.4222898873017	18.2598914768974	20.2173697005212	20.4044539015548	20.2722260563029
Q9NY47	19.6999232139272	18.4589042647683	19.0085211004553	18.5356031110395	18.5356031110395	18.5356031110395
Q9NY61	19.0319725031706	19.436071126552	19.0925568603288	19.0319725031706	19.0319725031706	19.0319725031706
Q9NY93	19.5169484176611	18.9497982136293	18.543032692773	20.7461669682944	20.5423075667373	20.8419171205853
Q9NYB9	19.768049600737	19.8728376120835	19.1928411984606	21.1952127368293	21.0673701738097	21.5434389953309
Q9NYD6	18.7649765231315	18.7649765231315	18.7649765231315	19.7279528374557	20.4746737628508	20.267535243992
Q9NYF8	20.327734319869	19.6722596360329	19.8007900110297	20.6176550863343	20.7240060790554	21.1680787559396
Q9NYH9	19.4450782887907	19.4450782887907	19.4450782887907	20.0887911702521	19.4450782887907	20.0467537352065
Q9NYJ1	19.0321164700752	20.5215681220641	19.0321164700752	19.0321164700752	20.2717646398473	19.0321164700752
Q9NYJ8	19.1742633242859	19.1742633242859	19.1742633242859	20.058967337989	19.7852919613798	20.8159635289744
Q9NYK5	17.5476005731133	18.4057066031019	17.5476005731133	21.0976785124012	21.9949246798527	21.871702874835
Q9NYL2	19.6735244004784	19.2184488686374	18.370804760503	20.4795045918613	20.2563255661287	20.6225349673885
Q9NYL9	25.3284992423608	24.5680760181412	25.9706878320134	17.7760526192914	22.1981610686377	19.0192083994464
Q9NYP9	19.1927957024252	19.1927957024252	19.1927957024252	20.7666692364497	20.8902205465886	21.5502117606969
Q9NYU2	20.4474244281298	19.367619914986	18.9130156244776	17.7177129149053	19.8665417761305	19.8508332730223
Q9NYZ3	18.2102568773321	19.060332780367	18.3168087766743	21.0793275674889	20.7006032435634	21.1679258063563
Q9NZ01	20.2116872213396	17.9289327200509	19.0934027417083	17.9289327200509	17.9289327200509	17.9289327200509
Q9NZ08	16.464805132003	16.551948935901	15.8706149586014	20.5479131053248	20.907780879822	21.1680723342942
Q9NZ32	20.4464937214564	20.5464229511712	20.5883735757779	18.8130374915417	20.1185827942313	18.8130374915417
Q9NZ45	20.2056158137172	20.3116245718018	19.6275242926084	20.8485524238302	21.5489347604969	21.8948205443413
Q9NZ53	20.6950473855134	19.3087629234361	19.4114427915752	19.4114427915752	19.4114427915752	19.4114427915752
Q9NZB2	20.2501585283843	20.484685466978	19.2450687670827	22.0507464936857	22.0107055239551	22.4962719371039
Q9NZB8	18.5772989917184	18.8857485934752	18.5772989917184	20.2658026396612	20.1493237487415	20.5193836628911
Q9NZC9	17.4364194006033	17.3810824849181	16.7987881840184	20.6788635303976	20.1583289280646	21.0375173984898
Q9NZD8	18.6404230947777	18.1403741484289	19.9413806294773	18.1403741484289	18.1403741484289	18.1403741484289
Q9NZL4	19.0144829405253	19.8152978524825	19.0144829405253	20.2372702519073	20.7980102532638	20.1769084032342
Q9NZL9	19.2207541354786	19.8698253953898	18.6907583718695	21.3405963405312	21.3327094824289	21.3807705673721
Q9NZM1	19.9396566642955	18.7163729512065	19.5656070420927	15.654546897573	15.654546897573	15.654546897573
Q9NZM5	18.6665663964844	19.3181719764543	18.8981961227747	19.5711202819015	18.6665663964844	18.6665663964844
Q9NZN8	19.0155927873289	19.0155927873289	17.995804605032	20.3642215701069	20.262292964893	20.2275829096645
Q9NZQ3	18.2638531042095	18.2638531042095	18.3691624421433	18.2638531042095	18.5683370288045	18.7428853513481
Q9NZR1	20.9396415295585	20.0708112518853	21.2796818374201	17.3859852991891	17.3859852991891	17.3859852991891
Q9NZT1	20.7774965699456	20.8153720278795	19.2640797565548	21.0365411285434	20.9895938803027	22.4079279707959
Q9NZT2	21.6404767713633	21.456311114173	20.9420095148224	22.6336825616381	22.8381232220672	22.9216250366409
Q9NZU5	19.697735364197	20.5305061295898	19.3281210616381	21.6905270121438	21.9502275779886	21.9081296312992
Q9NZV1	18.2894893252145	18.2894893252145	18.2894893252145	19.6297578109729	19.3628765521493	20.2518391554997
Q9NZW5	19.3779588287697	19.5474590535306	18.3559901065962	22.2390772217809	22.2323960752163	21.8670393845809
Q9NZZ3	20.9467992102273	20.3004626837975	19.3393067979488	21.1169203660188	21.4099687115311	21.5260281469002
Q9P003	20.7355443738961	19.1529293504701	19.0982039565731	19.3241258673756	19.3241258673756	19.3241258673756
Q9P013	19.9774750392914	20.3067618316969	19.3492397159489	21.7125006201031	21.608351789916	22.2188225967579
Q9P016	18.1571468451316	20.7458206475896	18.5977917610305	22.6893410266752	22.5249998148381	23.1435208716185
Q9P021	19.2682968926588	19.0172013412462	19.2682968926588	20.5032116260667	19.9074801087802	21.1838534002777
Q9P035	18.3178198594407	18.7494999439556	19.1267804383692	18.7494999439556	18.7494999439556	18.7494999439556
Q9P0J1	18.206040542741	18.206040542741	18.206040542741	20.8271190450494	20.9598703034465	20.4129307617071
Q9P0K7	23.4866032154902	22.1610762074796	23.2366256986682	17.6374453284106	19.9334505189959	18.1362523883282
Q9P0L0	21.6801192454628	21.1157869250077	21.3142070156609	18.61920556661	20.2760196869627	19.5079786042092
Q9P0T7	19.4869050349922	19.5230905137531	19.4031019593221	19.2069256048432	19.2069256048432	19.2069256048432
Q9P0U3	17.9477300056395	18.925316030283	17.7012067867606	21.6202603148803	21.6259556969858	21.7233631939869
Q9P0V3	19.4115125942312	16.7382573031737	18.1996203180697	20.6825044646402	20.5670973574984	21.1138750309661
Q9P0V9	19.3100845298141	18.3523325295078	18.6721177904428	20.4028470110756	20.4109669400634	20.7878300661614
Q9P121	21.5051568895782	19.3575767759636	20.9001092368075	18.0995805750067	18.0995805750067	18.0995805750067
Q9P1Y5	18.9155409293716	18.9155409293716	18.9155409293716	19.6327982647433	19.5063592381449	20.0577477992073
Q9P1Y6	18.3627702206035	18.3627702206035	16.9511504805116	20.0265623132717	20.429850087621	20.6819010164729
Q9P1Z2	19.760207680316	19.8019958243485	19.3573824267517	20.4532355531139	20.0099512389045	20.4954396849941
Q9P206	19.4314005625805	18.524240809786	18.8403760801789	20.485718042761	20.7850092047284	20.8144176360432
Q9P215	19.2135280499303	19.2135280499303	19.2135280499303	20.6966442263186	19.2135280499303	21.025300047368
Q9P253	19.1230990672532	19.1230990672532	19.1230990672532	19.5417069790301	20.5176737643713	20.2834163952889
Q9P258	22.8690386919597	23.3142137772695	22.2631037419198	23.5037202723144	23.9995432439217	24.1185176269883
Q9P273	18.6642382780268	18.6642382780268	19.2646665595387	18.6642382780268	20.1309068425703	20.7546158362012
Q9P275	18.9045867159738	18.6222632513257	17.8338611211614	20.799596857161	20.7564885381995	20.9161143048895
Q9P281	23.6927363628744	23.3389461335537	23.4550670763482	21.6498850695081	21.774021057468	21.6498850695081
Q9P287	18.8602071448779	18.8602071448779	18.8602071448779	18.8602071448779	19.8539203000793	20.1669139341868
Q9P2B4	19.2644670054503	19.2942245154475	18.2864510136172	20.7206516681012	20.2889523318862	21.2423236207691
Q9P2D3	18.0785929531025	18.4906902584876	17.2886547899382	19.8875553720583	18.2212520405761	19.7546122924303
Q9P2E3	18.4606044600007	18.7275963654419	19.0360339846017	20.4629897900109	19.7358074042102	20.5397857267412
Q9P2E9	20.8047524605499	20.2049628091634	19.8548514117049	22.2311236338852	21.9029051796533	22.3449520651576
Q9P2G1	18.0337027472273	18.0337027472273	18.2948084313032	18.0337027472273	18.0337027472273	18.0337027472273
Q9P2J5	20.289607226581	19.6434078010363	18.4205967783196	20.5090958149622	21.0449547745978	21.0166124016237
Q9P2K5	19.598542605511	19.3801737123028	18.9634765065463	19.0889120638827	17.9786729285074	17.9786729285074
Q9P2K8	18.3284197721765	18.7172752646429	18.3284197721765	20.0963174117993	20.409272069607	20.359706705275
Q9P2N2	20.237820297471	19.9082519045934	19.2213091527419	20.8089059382797	20.7013824393394	20.8606581624976
Q9P2N5	18.9308068043039	19.3620251075717	17.4029315176824	21.355778144853	21.5080325532103	21.3911169590437
Q9P2R6	20.2838334599198	20.2838334599198	20.2838334599198	20.3917296778728	22.5868186913703	20.7679956362146
Q9P2Y4	19.1435258800614	19.1435258800614	19.1435258800614	19.1435258800614	19.1849334951642	19.775186967277
Q9UBB4	24.1049845322573	23.7837623633217	23.5971334447606	23.1406545285493	24.0744812382563	24.0389210370956
Q9UBB9	18.1107275647299	18.1107275647299	17.3952949298569	18.1107275647299	19.2706185920393	18.1107275647299
Q9UBC2	19.4124730372086	19.4124730372086	19.4124730372086	19.4124730372086	19.4124730372086	20.5953761049569
Q9UBD5	18.9984563534683	18.9984563534683	18.9984563534683	19.5970580209549	18.9984563534683	21.1086298020676
Q9UBE0	19.1088956241395	19.1088956241395	19.1088956241395	19.1088956241395	19.7171071877122	19.1088956241395
Q9UBF6	20.3207917462592	20.2037856014515	19.224141542066	22.2569337638635	22.0835284825542	22.6797390710825
Q9UBG0	22.2954311903378	21.3543936693761	21.7737894220405	15.9886940691872	18.9664739722481	15.9886940691872
Q9UBI6	23.7356278512189	21.4779583604891	22.7941510970946	19.4155050984983	21.3909618768945	20.8019401548247
Q9UBI9	20.4498549737081	20.4498549737081	20.4498549737081	20.4498549737081	22.0133132517548	22.1154059807096
Q9UBK9	18.6839820416055	18.6839820416055	18.6839820416055	18.6839820416055	19.1700240265064	20.0740039888807
Q9UBM7	20.6921962926737	19.5076192629116	19.8342254471399	18.4050361095636	19.1437642965773	18.4050361095636
Q9UBN7	24.1559206206989	23.6788414600235	23.3803177053429	22.6872603718193	22.7145884053358	22.9231912901819
Q9UBP0	19.4680561943134	19.7319710389211	18.5484549566902	20.9505965778382	21.2188913029636	20.7931924495493
Q9UBP9	20.0340008948931	19.2189661401169	19.2189661401169	19.2189661401169	19.2189661401169	19.2189661401169
Q9UBQ5	20.0806238004189	18.6678624321994	18.7544487846612	17.9868883154056	17.9868883154056	17.9868883154056
Q9UBQ7	20.1945560305731	19.3185826214046	18.4895843135889	20.9176002401719	21.1004677770334	21.3535289405254
Q9UBR2	22.3491357496489	22.6034125521691	21.62869976688	24.3911701991993	23.9545085939264	24.1750133547091
Q9UBS4	20.8873820076084	20.9025460668236	20.4410655303148	22.6138724568494	22.5976525370921	22.9843876656571
Q9UBT2	18.0086098608811	18.1212740449112	17.2260468612133	21.2115777514243	21.3765873938011	21.6403668160446
Q9UBT6	19.0164734208479	19.0164734208479	19.0164734208479	19.9983702086653	19.3083820606375	20.488395607071
Q9UBU8	19.2158031785151	19.2158031785151	19.2158031785151	20.72044832088	19.8523670573154	20.2978927662416
Q9UBV8	22.3878364922709	22.6258343297052	20.8521486497603	22.4520182802288	23.6151400000279	24.2945550099336
Q9UBZ4	18.489089969891	18.489089969891	18.489089969891	20.1864939375123	19.6901800183225	20.7249920606971
Q9UDY2	18.8328034341255	17.7819339332086	18.3142544494091	20.2593951245347	17.7819339332086	20.6193184586941
Q9UDY8	19.3374329714879	19.5154647948231	18.3104735592897	20.3507089396299	20.9860866282748	21.0167862054983
Q9UER7	18.6132340970459	18.6132340970459	18.6132340970459	21.2036167861407	20.8962226900121	21.2936236522754
Q9UET6	19.3761761040216	19.9969575380687	18.7731549954509	20.750233086485	20.9153708718533	21.2970241405573
Q9UEU0	20.5394217842594	20.4413674963507	20.7948896212127	18.1326261324726	18.1326261324726	18.1326261324726
Q9UEW8	19.4735166167656	19.2071141225116	18.0707639731569	21.0535562891641	20.5647302742471	21.2253035868939
Q9UEY8	21.1527107590258	20.6743927025102	21.3849333916348	18.4720636439276	19.1671315813337	18.8608025942942
Q9UF56	18.9641024143959	18.9641024143959	18.9641024143959	18.9641024143959	19.741854492312	20.7989774768323
Q9UFC0	20.1015799745517	20.1015799745517	20.1015799745517	21.0036530538844	20.8026611209304	21.0291097023316
Q9UFG5	18.7965508108498	18.7352258271471	18.5936089171679	18.7352258271471	18.7352258271471	18.7352258271471
Q9UFW8	19.239450451845	20.0704923437693	18.4966497652948	22.8273306775358	22.5387140688812	23.1063061810161
Q9UG63	18.8502706201317	19.0560973679493	18.8592222702235	20.9690175500162	20.3131170846159	20.9840241639165
Q9UGK8	19.8709668656237	19.7848220844275	18.6596550375502	20.8682045541847	20.5625895322595	21.502018985356
Q9UGP4	19.4439854416586	18.9356004778981	19.5011405172767	20.4966269046649	20.5005036848124	21.3214767727496
Q9UGP5	18.930707987524	19.310212848119	18.0118286300685	21.4565061862452	21.3347603098587	21.7112924005608
Q9UGP8	19.4265739141321	18.7010844218925	19.083861920364	18.2243618358624	18.2243618358624	18.2243618358624
Q9UGR2	18.7416934203972	19.3353559495866	17.7639585726453	20.7708565242468	20.7096478345855	20.7545539437292
Q9UGU0	17.6287919710008	17.7966181059044	16.4921544401635	21.3667192526453	20.7794337899434	21.528065936153
Q9UGV2	19.6147746721329	19.9548131513775	19.3983638046362	20.3191331701801	20.0821210893628	20.7255249598345
Q9UH62	19.0469776388879	19.0469776388879	19.0469776388879	19.0469776388879	20.6554349915889	20.2068239591101
Q9UHB6	22.1389596673049	21.6498296381417	22.3473736566748	18.4457980065222	21.2370478944992	19.2107974395961
Q9UHB9	20.0372523809372	19.8834436150745	19.3868338828173	21.831592466627	21.4482888612095	21.9285558827841
Q9UHD1	19.874019008035	20.1237312011353	19.6756969403667	21.6737008651413	21.781402429991	21.7800094595424
Q9UHD2	19.4836899622412	19.4196511020227	18.9455568228444	20.0428693984087	20.5042557675221	20.5277020100363
Q9UHD8	19.842419010048	19.6514479870692	19.6714140750299	22.1479890847227	21.9427166539899	22.2446608599894
Q9UHF1	19.2893211676736	19.2893211676736	19.2893211676736	21.6307149999098	22.4011756092261	22.4498861307746
Q9UHG3	20.6638684823034	18.5589714879319	19.3995973322143	17.3659430258657	17.3659430258657	17.3659430258657
Q9UHI6	19.4383846422003	19.1861160077947	18.9583835891349	19.9464162761125	19.8245731302852	18.9583835891349
Q9UHN6	20.1683667047296	18.7891546903981	19.5617408065601	17.0419022056521	17.0419022056521	17.0419022056521
Q9UHQ1	18.9028493502121	19.376391416693	18.3996490553391	20.2076265772058	19.7913969954649	20.3919280403814
Q9UHQ9	17.7461480694955	17.8107855036708	17.6349478910441	17.8107855036708	17.8107855036708	17.8107855036708
Q9UHR4	20.1548097537908	20.3518013946688	19.5930451981152	21.0983855006063	21.3007267499587	21.6199531255669
Q9UHR5	18.8517204421564	18.8517204421564	18.8517204421564	20.422781402533	20.1924393614834	20.4041130489985
Q9UHV9	21.8901758018082	22.4840328441701	21.2422519433347	22.3545854040765	23.1533445028439	23.4432172157653
Q9UHW9	19.0282337598905	18.651433598418	18.0429926434198	18.651433598418	18.651433598418	18.651433598418
Q9UHX1	19.6726868572819	19.1589694720473	18.9968121459284	20.4863361651026	20.2958436259413	20.9221412610725
Q9UI10	19.1670100904689	18.6468555348986	19.1065044050295	19.5375191126638	20.107913485356	19.9290025158605
Q9UI12	20.0703971018934	19.9949279293523	20.0791661844085	21.4454705254577	21.419110084185	21.9622866927257
Q9UI30	21.7224244671212	21.2130734886321	20.5485309111756	20.722918213979	21.3531604596034	21.5608915481548
Q9UI42	18.6634526271491	20.189519992519	18.6634526271491	21.4904384761541	21.6736803206657	21.6199881365417
Q9UI43	18.9286772165694	18.9286772165694	18.9286772165694	19.8819844802929	19.7327356711363	19.6321907830957
Q9UIC8	19.3941265114689	20.0575568380957	18.3643309022178	20.7785176307172	21.3470655143224	21.2333003261773
Q9UIG0	18.9274193828385	19.0327551291719	17.1775075273792	20.9443043882597	21.3216693817904	21.5626528235986
Q9UIQ6	20.5564392346286	19.7967720601238	19.951799833252	18.1347480590893	18.1347480590893	18.1347480590893
Q9UIS9	19.7527547351991	19.7527547351991	19.7527547351991	20.1103092627665	20.1584418599377	20.8312555561082
Q9UIU6	18.0829560109356	18.0829560109356	18.0829560109356	20.3238023033617	20.3993845857197	20.4322515779915
Q9UJ70	19.384790811554	19.1490522462085	17.9350493903727	20.7387250925714	20.7608823277964	21.0354437831101
Q9UJA5	19.1613060001654	19.8106159048223	18.7260824652044	20.8836120328932	20.662739200947	21.5844693188305
Q9UJC5	21.5115217691395	19.8697376890194	20.521690259241	18.2475852381388	17.6867521234256	18.2475852381388
Q9UJS0	18.752936847934	17.9552870874555	18.8794281833708	17.9552870874555	17.9552870874555	17.9552870874555
Q9UJU6	19.8990673538506	20.3083371002963	18.8828678389218	20.9785611056606	20.9430140246505	21.2235235039837
Q9UJV9	19.6193448359222	19.5070943694081	18.8765155436177	20.7111712626611	20.878980978737	20.9037108240192
Q9UJW0	20.2248135090676	19.9862953266563	20.1898725110863	17.4889057442081	20.086071006825	18.423215609226
Q9UJX3	18.7199850119257	18.7199850119257	18.7199850119257	20.2834109745767	19.2315510678913	20.63348095666
Q9UJY4	18.9568951418402	18.9853745813459	17.1749238978537	20.3946408280879	19.975116887449	20.3854064435224
Q9UJY5	18.3922332598408	18.3922332598408	18.3922332598408	20.2436392681862	18.3922332598408	19.4563151224482
Q9UJZ1	19.9790633997341	19.1377465371165	19.6119164025281	19.2714680180286	19.2714680180286	19.2714680180286
Q9UK39	18.4238093897482	18.4238093897482	18.4238093897482	19.4958650116124	20.1617864168527	20.5613753431801
Q9UK41	20.2450010960205	20.0891492340595	19.7516767887858	20.9322883490093	21.303545002016	21.3024847026486
Q9UK99	18.3437106207148	19.3598618520688	18.3437106207148	20.2597327576476	19.8996660106989	20.2853015744519
Q9UKA9	20.0369067778177	18.7309040598226	18.8438338018626	20.469514171417	20.0199563563199	20.3883327202775
Q9UKF6	18.4225606179488	18.4225606179488	18.4225606179488	20.2209957373844	19.6901741119235	20.287474718653
Q9UKI2	19.0786277881761	19.0786277881761	19.0786277881761	20.3100115449086	19.2584755623136	20.541068287911
Q9UKJ3	19.064484827487	18.7456392572789	17.9902767390353	20.8759275957769	20.7000254398015	21.6598846670476
Q9UKK3	18.9847267773428	19.220157731058	18.0551814560841	19.4610525519902	19.8881466867422	20.0046187533055
Q9UKL0	18.4776541523304	18.7240822593736	18.4776541523304	20.6009165053915	20.7394484537171	20.8240897901255
Q9UKM9	20.8246403612487	20.0032251414693	20.5481603472342	18.8505375794568	20.9294809458193	20.6588746457999
Q9UKN8	19.1161008066017	18.9547074883219	18.1670042858997	19.6502609586306	20.6549038945891	20.7760655593251
Q9UKS6	21.5775413246699	20.6070598849141	21.0347513253428	20.9533616486639	20.9212475946982	21.0343494114537
Q9UKU7	18.6882135061503	18.6882135061503	18.6882135061503	19.7539310288121	20.454977847746	19.8696048041443
Q9UKU9	17.3339301013906	17.3339301013906	17.3339301013906	20.1585243621727	20.182314055544	20.4182820527262
Q9UKV3	19.1255068484483	20.3161674989631	19.1255068484483	21.3219146887515	20.264158297575	19.912443004612
Q9UKV8	19.0788342097572	18.2755143927107	18.2755143927107	19.6390036148046	20.1788726496041	20.5019389741641
Q9UKX7	18.8750084554339	18.5447512754925	18.384350412522	20.560506790205	20.6038627048018	20.7006416335506
Q9UKY1	18.286366455698	18.555762223267	18.286366455698	20.1740879496046	20.0759329766841	20.5725569611046
Q9UKZ1	19.2326565712873	19.8463715778076	19.4598285921107	19.2326565712873	19.2326565712873	19.2326565712873
Q9UL15	19.4664179038748	19.5921580340438	18.7187584145256	20.4444248646636	20.4102793949504	20.8183046985365
Q9UL25	20.5543861906347	19.0066149934097	19.9878796806992	18.326116006139	18.326116006139	18.326116006139
Q9UL26	18.379095074209	18.379095074209	19.4634821937627	18.379095074209	18.379095074209	18.379095074209
Q9UL40	18.8144496936864	18.8412591042372	17.5522525375568	20.6096029760677	20.6549715714387	20.6716195965144
Q9UL46	21.9437631198191	21.5073803330693	21.339513203287	20.3895027809658	22.6864216804254	22.5317873894105
Q9ULA0	20.1073662839186	20.1041398766851	19.4996476707635	21.9992395792438	22.7019053423965	22.7194460372745
Q9ULC3	21.0664506345675	19.2844989933671	20.6515331913644	17.7732966576686	19.0085685450519	17.7732966576686
Q9ULC4	21.73262611332	20.4647591216192	19.6620691132934	20.9277816858218	21.3927510317389	21.9887385593243
Q9ULD2	19.2351686334815	19.3972871516922	18.6775932740091	21.1596929637682	21.2135766536654	21.559777583933
Q9ULD9	18.5018801280852	18.8245439694527	18.5018801280852	19.8766105926947	20.1646584543245	20.4188154602922
Q9ULE4	19.6962167302881	22.3433253795716	21.3297263497694	22.0225270367683	20.1128836700533	19.6962167302881
Q9ULE6	20.6215175085897	19.2260640236108	19.8774655281495	18.6333608376618	20.6240793304386	20.5515587196001
Q9ULH0	18.4755581175724	18.4755581175724	18.9700978788378	20.0525728928815	18.4755581175724	19.8594446586699
Q9ULH1	19.2862029955945	19.1782901561478	18.72638952797	19.876686125946	20.1362480547453	20.673540453764
Q9ULI0	25.9053063544242	24.074383279687	26.5172303857848	22.8371015611428	22.8371015611428	22.8371015611428
Q9ULI3	18.9471017657597	18.1346656056084	17.8292625820351	18.1346656056084	18.1346656056084	18.1346656056084
Q9ULJ3	18.4351139778279	18.4351139778279	18.4351139778279	20.7526845799897	20.4020367925303	20.8876507838
Q9ULJ6	18.4737383305624	17.3959665798287	18.4737383305624	18.4737383305624	19.3660484613031	19.9871434475193
Q9ULJ7	22.0102896763831	22.1123757694166	22.2709816429555	20.2242219681607	20.2242219681607	20.2242219681607
Q9ULJ8	21.4334730355793	20.5564720270373	20.9281039110411	16.1709419176946	18.6768898249177	16.1709419176946
Q9ULK4	19.1791956982495	18.7364681446496	18.7364681446496	20.2538183439559	20.8343902498061	20.8094062390785
Q9ULL0	19.7146282994567	20.0903536530648	19.7815949364313	17.5867172134979	17.5867172134979	17.5867172134979
Q9ULL1	19.3477437582242	19.3477437582242	21.0797155156383	19.3477437582242	20.2386923645348	20.2699575568069
Q9ULL5	18.2551149111363	18.8989104910427	18.2551149111363	21.0014453361662	20.6280843468647	20.8771473723101
Q9ULP9	19.7337315982796	18.3723175596443	19.3645085039925	20.6398637723397	20.2849247602772	21.0201072750372
Q9ULQ0	17.9028437406235	18.4155337125421	18.4929038550196	18.4929038550196	18.9446367564389	20.0892756500332
Q9ULV0	21.7501818299356	20.4419641135799	21.2866687209207	14.4469486012686	17.8496640060463	14.4469486012686
Q9ULV4	19.0252065626342	19.3398403764811	17.5973438265168	22.6238463895588	20.9909192796666	22.1809888891033
Q9ULW0	19.2321625537222	19.5291914317851	18.7408258168009	22.1300308984411	21.8892871217952	22.519409487425
Q9ULW3	18.7160548345173	20.1916455259932	18.7160548345173	20.0843654335339	19.862410269458	18.7160548345173
Q9ULX6	19.8450350909862	19.6293223422954	19.2056266879846	20.5024147961116	20.9474291577139	21.0228384275205
Q9ULX9	18.7029794101987	18.7029794101987	18.7029794101987	21.1302808633125	21.4558645217405	21.640721334367
Q9UM13	18.6278022997838	20.4759781163725	19.0336109012802	21.0875765504926	20.6849490120959	21.618088288152
Q9UM47	19.2333346513514	19.2333346513514	19.2333346513514	19.6530750855197	19.6097279567518	21.6866008105608
Q9UM54	23.0882450454542	22.0142454675055	23.0826583261851	14.5824400422893	20.7148367347934	16.3307847603548
Q9UMS0	19.5873217553509	20.2398515181987	18.7974921376186	21.1988103813616	22.0354456930977	21.9404748812904
Q9UMS4	20.6031437426858	20.1460541437181	20.0309098784557	21.0266226321189	21.2489440729475	21.378166918194
Q9UMX0	19.8586154260774	19.6368500587121	19.4206907739326	21.1437969262695	20.6464628724591	20.7795251257126
Q9UMX5	20.0331864626505	18.3046020920922	19.390385762741	18.3046020920922	18.3046020920922	18.3046020920922
Q9UMY1	19.8859528960508	19.7516390231502	18.413099528411	18.413099528411	18.413099528411	20.5967806973597
Q9UMZ2	18.4662157403273	18.4662157403273	18.4662157403273	18.4662157403273	18.4662157403273	19.7704588774146
Q9UN86	21.9919953148027	20.7163725750904	20.112748806322	22.2355284816207	20.7163725750904	22.2934079544397
Q9UNF1	22.7113905802604	21.9757303915746	22.1124353811581	22.5131404915969	22.5074117463982	22.749124851141
Q9UNH7	19.9072622118975	19.9166363990857	18.8606145869595	20.0608761742364	19.6120551021304	19.7847778160402
Q9UNK0	20.8015594746991	19.4481984688158	20.477424682949	18.029422974121	18.029422974121	18.029422974121
Q9UNL2	22.6797366451459	21.3895666196089	21.9739196506191	20.671882228305	20.3222674934392	20.671882228305
Q9UNM6	19.8754930576794	19.1047463916022	19.2275858492198	19.5839725438134	19.9916320114788	20.7492643463853
Q9UNQ2	19.0029632872171	19.0029632872171	19.413765893424	19.0029632872171	19.0029632872171	19.0029632872171
Q9UNW1	18.7847301127447	18.7847301127447	18.7847301127447	20.0497792724821	20.3228905645779	20.1615068056557
Q9UNX4	19.4274380803715	19.6226619745762	19.0465908603257	20.7736990105906	19.7505971573392	20.7031532844938
Q9UNY4	19.3418865876833	19.5882994093346	19.0864454178551	18.8830469508988	18.9766412465515	20.11113203859
Q9UP95	20.1530345158824	19.4397245501727	19.1629976057825	17.2402472291178	17.2402472291178	17.2402472291178
Q9UPN3	19.1433136674422	19.0826693167782	18.7934961314112	20.6452614605684	20.1781318415298	20.6893165391397
Q9UPN4	18.067220397361	18.6657786215433	18.4097516702141	18.067220397361	19.2043277872742	18.067220397361
Q9UPN6	18.985483407509	18.2038292163547	18.985483407509	21.0975578070228	20.624961066833	20.9094438505187
Q9UPN9	18.8790434866912	19.3494422913104	18.6611801264891	20.7998647407734	20.7752113205275	21.4081648266067
Q9UPP1	18.0262642437369	18.1161457287641	18.0262642437369	20.3203359480377	20.1433597429691	20.4129639998833
Q9UPQ0	19.1768192282085	19.543580226966	20.0765864057455	16.5453640633968	16.5453640633968	19.048598649225
Q9UPQ3	18.0042422816169	19.689854106715	17.7238118484957	20.831674338447	20.8093512306376	21.1472897757817
Q9UPQ9	18.5219324157795	19.2254863261886	17.6256471704334	20.5245796900556	20.5339031027659	20.8074927436931
Q9UPT5	20.7966434062123	18.302599107941	18.8507581501932	18.302599107941	18.302599107941	18.302599107941
Q9UPT8	19.7595157124469	19.9094915515372	19.6597276220138	20.4764104013183	19.5503512185783	21.8652520543833
Q9UPT9	18.8331890099794	18.8331890099794	18.8331890099794	20.5434757802176	21.2247711273998	21.320574703932
Q9UPU5	19.5705758112663	19.8731419029522	18.7943072496513	20.8237335864906	20.9960986168473	20.9977853882954
Q9UPU7	18.2857261455476	19.3538775459305	18.2857261455476	20.7845991942943	20.2137726582749	20.7440179098393
Q9UPU9	17.8802724187637	18.7545774762984	18.6564401433075	20.5666670871716	20.5112717064123	20.355351234334
Q9UPY8	18.546154961945	18.546154961945	18.546154961945	19.7955278058037	20.4317815653978	20.8074451449082
Q9UQ03	20.932640053617	20.3886670064293	21.2342289972269	19.2325750549997	20.3375058517265	19.8701344990348
Q9UQ35	19.8400350921103	19.8216033263491	19.2334795008035	21.6727126903856	21.7294629307007	21.9810545696925
Q9UQ80	20.1912029893179	19.7007002283093	19.59374495026	20.0847440960976	19.2867643902507	20.5339112715191
Q9UQE7	18.6690830209933	18.4866593142777	17.2398803140845	20.3073316706817	19.9704093760758	20.4485746937337
Q9UQR1	20.0235632615504	20.0235632615504	20.0235632615504	20.8467805704702	20.5681288635568	21.0313443539714
Q9Y217	19.5261601135335	19.5261601135335	19.5261601135335	19.6926281899269	20.4645956259167	19.822652865617
Q9Y224	20.9276007863875	21.0040924669645	20.6243679789713	22.3397034912464	22.4003467705257	22.8779900004404
Q9Y230	21.0542499507938	20.687694938497	20.4953708414252	21.5078573296365	21.4049678815668	21.7920296927409
Q9Y232	18.7582844938774	18.7582844938774	18.7582844938774	21.1674939570295	20.5444281590585	20.9074248971537
Q9Y240	17.9456354444676	17.9456354444676	17.9456354444676	22.4389425408758	21.704464787081	22.1389554842002
Q9Y261	19.4679954529412	21.1177873324171	20.2323344047031	20.0189373839349	20.35951898155	19.4679954529412
Q9Y262	18.9512666268968	18.3465316047944	18.7426240737672	18.3465316047944	18.3465316047944	18.3465316047944
Q9Y265	20.8761656124023	20.3959111804815	20.2543321002972	21.1455094494371	21.1953665748041	21.6010093347424
Q9Y266	20.111559164739	20.3367530829693	19.8286764230205	20.9832017825619	21.2963463571839	21.2180222830277
Q9Y281	18.8583758208385	18.8073992223032	18.8073992223032	18.8073992223032	18.8073992223032	18.8073992223032
Q9Y285	20.5211403817823	20.4644232742271	19.9371453825336	21.4249112260627	21.4661510745076	21.7347068312425
Q9Y287	21.1420414756006	19.6067848330737	20.3653830751239	21.1241515279694	20.8512899407883	21.590112252072
Q9Y289	19.183346637737	18.2959994704138	18.3012244903475	18.2959994704138	18.2959994704138	18.2959994704138
Q9Y295	19.2438476972867	18.9664108823118	18.9403952782696	21.5671993264453	21.3902083436425	21.817600722943
Q9Y2A7	20.8543091121865	20.310284831101	20.1197244763543	20.7324188500761	21.4788297313063	21.5001948327951
Q9Y2B0	20.7595629384027	19.3422708168743	19.5464586197731	19.7266530853771	20.1272060395181	19.5939390076885
Q9Y2D4	19.3287405284143	18.003012083436	18.430486511551	18.003012083436	18.003012083436	18.003012083436
Q9Y2D5	21.2599210522947	21.2082487986073	20.6666926169527	22.4711261408221	22.6903782620646	22.9029914414281
Q9Y2G3	20.0269833976365	18.7786641454751	19.0636256198405	18.0698762022071	18.0698762022071	18.0698762022071
Q9Y2H0	19.4665792964873	19.933846753693	17.9340187643575	20.0403120543953	20.8630654050897	20.9400506570005
Q9Y2H2	19.8181698626971	19.8181698626971	22.0839304050018	19.8181698626971	19.8181698626971	22.2849059350292
Q9Y2J2	20.9488101001145	19.5711435174734	20.0848874307315	19.2580155848687	19.7571908659281	19.6128567444171
Q9Y2K1	18.6764080414501	19.1987962939784	18.6764080414501	19.4907441820389	18.7204972085595	19.2239243265689
Q9Y2K7	17.1005867636987	17.351817130892	17.1005867636987	19.9464704239292	20.635731827809	20.6750446168506
Q9Y2L1	17.622962226813	17.4439094780643	17.622962226813	20.5540872038489	20.5847922280362	21.148439203513
Q9Y2L9	19.2984212719846	18.1017415226905	19.0966304486211	18.1017415226905	18.1017415226905	18.1017415226905
Q9Y2P8	18.8818185158011	19.2253353935022	18.7292599720082	20.3407243164097	20.6930587396006	21.3523081337373
Q9Y2Q3	20.0935997880996	19.1310139486242	20.4093278681377	20.112959317887	20.1178416000899	20.3491964383702
Q9Y2Q5	20.9819861749975	20.2009511250241	20.5681036620368	18.6163100055735	18.6163100055735	18.6163100055735
Q9Y2R4	21.0534775983484	19.4323772185377	21.1587391967873	20.6447522844528	20.1455238181927	19.9474688943382
Q9Y2T2	18.6800562894911	18.6800562894911	18.6800562894911	19.0647633298057	18.7619475677825	20.1218104901279
Q9Y2U8	19.9058960167591	19.6132204697472	19.9058960167591	22.3469119714674	22.9165156018238	22.8578957089776
Q9Y2V2	19.0404861827343	19.0257308857548	18.2733829860799	18.7797011016921	18.7797011016921	18.7797011016921
Q9Y2W1	20.9881590291424	20.6054573456377	19.5567675617347	21.2077369572853	21.2386039898116	21.6986575820003
Q9Y2W2	18.0955436050161	18.0955436050161	18.6528407445258	18.0955436050161	18.0955436050161	19.5725803544288
Q9Y2X0	18.8039753892643	18.8039753892643	18.8039753892643	20.0166341565684	20.1328437543237	20.5326930528989
Q9Y2X3	20.8216130409651	20.8853830790593	20.2982051977036	21.8915930678256	21.9183155789394	22.1728419354203
Q9Y2X7	18.3975985953406	18.7707463370395	18.3975985953406	19.6995790084525	19.8425830826971	20.0571312695784
Q9Y2X9	19.1952863954022	19.5920917281917	19.117246767253	21.2685177287561	20.4714378407316	21.2885780219241
Q9Y2Y9	18.7728340152807	18.7728340152807	18.7728340152807	19.6231561182527	18.7728340152807	20.0265379261935
Q9Y2Z0	19.8952511877295	19.4672397928088	18.8636621490661	20.1547754938708	20.2974398242863	20.6601542011029
Q9Y305	18.009532927425	18.2207226068447	17.6008644407293	21.0004326684139	21.3377773153341	21.0591421776066
Q9Y312	19.3220508386234	19.3214810400892	18.1333231463711	18.4807047658054	18.4807047658054	18.4807047658054
Q9Y314	20.0091727038534	20.3474109659684	19.169397008269	22.2080538675447	22.1696954789203	22.1600235978521
Q9Y320	19.1492419690272	17.9660915789528	18.4473700637541	17.9660915789528	17.9660915789528	17.9660915789528
Q9Y324	19.7243889384464	19.7243889384464	19.7243889384464	21.3401273931803	20.9405399181899	21.51230318444
Q9Y333	19.8584154739138	19.8584154739138	19.8584154739138	19.8584154739138	20.5961811739052	21.1697627655017
Q9Y371	20.8123172643464	20.0493454184769	21.0027651719143	19.1076081849537	20.1175968726331	19.8728751906597
Q9Y383	20.5505114901656	20.196901963115	19.7598112290917	21.5524667270212	21.2251735874631	21.9861462334531
Q9Y388	18.2406544183511	18.2406544183511	18.2406544183511	19.7877319724812	18.2406544183511	19.1544731114982
Q9Y394	19.5149363632273	19.1035637960324	18.3878181886687	18.5231993252906	18.5231993252906	18.5231993252906
Q9Y3A2	18.8369594062603	18.4664513575568	18.8369594062603	21.7546500939646	21.7527152437918	22.1322032597022
Q9Y3A3	20.578174692627	20.5376288598538	19.7081184239472	21.2007737436545	21.5015300593655	21.7649115112113
Q9Y3A4	19.8361265585154	19.890466501403	18.5727382310646	21.2894412457138	21.7153200811706	21.9403133940548
Q9Y3B2	19.2199183035573	19.4099848853123	19.2199183035573	20.9007537831355	21.1657983980849	21.0635329460032
Q9Y3B3	19.8951010184064	19.4360430948934	18.8733051912057	18.9435629007923	20.0689273508825	18.9435629007923
Q9Y3B4	19.4650128301601	20.3959457637919	18.8814489444222	21.2631874457543	21.2261974314498	21.9282767690456
Q9Y3B7	18.989845439445	18.5213902914889	18.7020916721235	18.7534926702509	18.7534926702509	18.7534926702509
Q9Y3B8	18.1124686123283	18.2734616689465	18.6205359406925	21.0681523683989	19.6445809445109	19.8212087968127
Q9Y3C1	19.2071730472119	19.9795870729216	18.9285839634788	22.5811555096121	22.571023569109	22.2962926712008
Q9Y3C5	19.5653687561005	18.9282349853698	18.5637011423752	18.9282349853698	18.9282349853698	18.9282349853698
Q9Y3C6	20.2361413071239	19.1089302860217	18.531171290194	21.4650436739935	21.5480042778568	21.5029450522756
Q9Y3C8	19.7834817141604	20.3324832552341	19.3591703903674	20.4381175134119	21.1367665309385	21.2221131924195
Q9Y3D0	20.8573703864531	20.6269333545921	19.6278196027321	22.4968398275337	22.3134518316613	22.8593851495811
Q9Y3D2	19.2049096515641	19.2049096515641	19.2049096515641	20.9634034080203	21.2568478165213	20.9742565373568
Q9Y3D3	19.2298698339373	19.2298698339373	19.2298698339373	19.9558058976041	20.4608481333231	20.5579551151398
Q9Y3D5	18.482779525806	18.482779525806	18.482779525806	20.7442139143982	20.1716328103269	19.740750490637
Q9Y3D6	20.5294386889875	19.8004155157444	20.1992739047853	19.1391942942532	19.1391942942532	19.1391942942532
Q9Y3E2	20.4246518231068	20.3069807102811	20.4246518231068	21.0475907474781	21.8829009809321	21.6393362836443
Q9Y3E5	21.5588444609426	19.8088726949193	20.7422468247558	19.138972563996	19.9349443370211	19.138972563996
Q9Y3F4	20.3421939636661	20.1051290858059	19.2909086497837	21.5975893784187	21.2949138939852	21.8506625124735
Q9Y3I0	20.6150404431935	20.7071574093239	20.5519835234069	22.1286219385496	22.3701356200105	22.7952873245137
Q9Y3L5	20.1811388654819	18.7183999902941	19.2095507655509	18.7183999902941	18.7183999902941	18.7183999902941
Q9Y3M8	18.7996370983204	18.8364553769451	18.7996370983204	18.7996370983204	18.7996370983204	18.7996370983204
Q9Y3T9	19.604249135982	19.1344251860832	18.1259182871449	18.888423630986	18.888423630986	18.888423630986
Q9Y3U8	23.4814923934003	23.1124867119913	23.0634474277113	22.4023108693456	22.3776746723537	22.4267137619834
Q9Y3Y2	21.2842761175534	21.6143307519501	20.8446743935774	21.3830309907542	22.0310152019467	22.3866861794733
Q9Y3Z3	18.5166413752782	19.255248264505	18.2779333124544	21.9801660639253	21.932313788145	22.4712853307544
Q9Y446	19.1953919174832	19.1953919174832	19.1953919174832	19.1953919174832	19.1953919174832	19.9659909439997
Q9Y490	20.1434141534096	18.7876884464484	19.1417308415885	19.382446236399	19.5261751926002	20.0183157277797
Q9Y4A5	18.8660710480754	18.9470282344022	17.9877557614774	20.3149416741356	20.3447811865798	20.4376614259759
Q9Y4B5	18.9171913076975	17.6762326790753	17.6762326790753	19.8887231573583	19.6401152915586	20.2508014885798
Q9Y4B6	19.8687087093418	17.783300963562	17.783300963562	17.783300963562	19.8961188517724	20.6770392954126
Q9Y4C1	16.6887516405196	17.8862520611995	16.6887516405196	20.6104225941042	20.352730253004	20.6177674519435
Q9Y4C4	19.5461814278149	19.5461814278149	19.5461814278149	19.8715459127018	20.3351280034303	19.871920108246
Q9Y4C8	20.0613333313613	19.228430046545	19.228430046545	19.228430046545	19.228430046545	19.228430046545
Q9Y4D1	19.0325078604196	18.3677685889281	18.7562391354724	18.3677685889281	18.3677685889281	18.3677685889281
Q9Y4E5	18.571782352489	18.571782352489	18.571782352489	20.5108259878781	20.0869395511168	20.5317110060051
Q9Y4E8	18.0207176348685	19.1728536831025	19.1430066773554	20.5440807300537	20.5751364882931	20.7709638616634
Q9Y4F3	18.9015240489958	19.1006118598102	17.8307783168772	20.5412971718347	20.491422523133	20.6800298441315
Q9Y4F5	17.3934052097207	17.3934052097207	17.3934052097207	20.3905930762987	20.1811957134246	20.4970189365161
Q9Y4I1	21.8019202792476	20.7725814123111	21.658672170655	14.3261105491582	18.7458695083456	14.3261105491582
Q9Y4K0	18.3767103406557	18.3767103406557	19.6978405137888	21.236638786239	20.8784039176892	18.3767103406557
Q9Y4K3	19.2630420724348	19.6380860836121	19.0809311663569	20.820069345431	21.0350985849852	20.9003863668156
Q9Y4K4	19.6550513014685	19.8942482522675	18.4429873978649	20.3022055232817	20.5383333892528	20.6250850274863
Q9Y4L1	20.0874159410434	19.1355756359422	19.7100814968834	17.1979484005313	19.3716464486124	19.0611858202093
Q9Y4P1	19.8407724003696	20.0495799896426	18.9330736451817	20.4774556297891	21.3516883574517	21.45173154412
Q9Y4P3	20.4838900776223	19.3989053097057	19.4708568418354	19.3989053097057	19.3989053097057	19.3989053097057
Q9Y4P8	20.7634463542553	20.4550044977846	19.3367276968551	20.8932980888871	20.9303583133627	21.3193177895032
Q9Y4R8	19.6950917827118	19.5752828352843	18.6389257159785	20.9454948604227	20.6527657420821	21.3253836830729
Q9Y4W2	18.4235154500548	18.8364878422143	19.4875697260317	17.3055246917403	17.6890628723744	17.3055246917403
Q9Y4Y9	20.8207259955486	19.986824416637	19.4203546718183	20.0771608594804	21.0146787124498	21.625293084048
Q9Y508	19.8780202839926	20.2476748824074	19.4585918867074	21.7146635996567	22.2560048745921	22.4747986158113
Q9Y520	19.9328952557772	19.5444821993973	18.7636785905236	21.3260472507824	21.1476671800642	21.8002641698691
Q9Y546	18.3546326849236	18.3546326849236	18.9595758937353	19.2807204620788	18.3546326849236	19.7090771363999
Q9Y548	20.4388283653291	18.84836080359	19.2277686693886	19.2277686693886	19.2277686693886	19.2277686693886
Q9Y570	20.1188635178292	20.4809597162653	19.5243132987864	22.1774524237281	21.6251634457311	22.1206495067744
Q9Y575	19.2818051562328	18.8357663197062	17.9997725202643	19.6716406068886	20.7979043171643	20.0378587215563
Q9Y5A6	19.3092626090102	19.3092626090102	19.3092626090102	20.2953062386965	19.3092626090102	19.3092626090102
Q9Y5A9	20.2588608654291	20.3898083779938	20.7855219300466	21.2837853547385	20.7385598755814	21.4025506365328
Q9Y5B0	18.6759037898764	18.7727354122307	18.478709554968	21.2050185861947	21.2516797392473	21.8802502577424
Q9Y5B8	18.9397745375927	19.7537778255	18.2732349504902	20.3714052859208	21.086535659026	21.4779973102144
Q9Y5B9	19.5932565327906	19.1771370954725	18.9643395989443	19.684293134204	19.187879965284	19.7477077947319
Q9Y5J1	18.0123210800881	18.3820512335139	18.0123210800881	19.9485839851382	20.0936864838179	20.1440114360012
Q9Y5J9	18.1320541158927	18.910139785644	18.910139785644	20.7761200824227	20.8572684872976	20.4975043668826
Q9Y5K5	18.0430250062686	18.2013968252635	18.8373800146461	19.0693241182862	18.8047961579072	19.5682655631449
Q9Y5K6	20.0924371148996	20.4538163779978	19.8874585525986	21.6230658438181	21.6716237849611	22.2312323764361
Q9Y5K8	20.219488843451	19.8848262186705	19.8692613791047	20.3781171027661	21.1400727922124	21.2450666155214
Q9Y5L4	18.6241200172465	18.7859447186059	17.7088385680969	20.8307055804284	21.8349996491781	21.6173488795106
Q9Y5M8	20.7504130066214	19.1870090686649	18.7573774447031	17.9650510181891	17.9650510181891	17.9650510181891
Q9Y5N6	19.208613323905	19.208613323905	19.208613323905	20.1261515424187	20.2819454178978	20.5132012730468
Q9Y5Q8	18.613128830636	18.9406403831116	18.298825167751	20.0229775004861	19.695845441081	20.3081644479309
Q9Y5Q9	19.2734765605539	18.6337733252483	18.4259336368994	20.1412332619704	20.2621661057931	20.6910082870822
Q9Y5R8	19.4172514818396	19.4172514818396	19.4172514818396	19.4172514818396	21.4362856571742	21.2517012344808
Q9Y5S2	19.8245243767733	19.0857823834862	19.2536952771636	18.6166331526419	19.4063954689083	16.6758458911476
Q9Y5S9	20.1336798515972	20.3557816266869	20.1336798515972	21.3086274472205	20.298344067578	21.1666179298545
Q9Y5T5	17.791619263018	17.791619263018	17.791619263018	20.0097829695874	19.8220303755769	20.5064790235826
Q9Y5U9	19.6290668683245	19.3552826515945	18.8689650542566	19.0921501836962	19.0921501836962	19.0921501836962
Q9Y5V0	19.1233769796098	20.814560064081	19.6112244592352	20.6945178245582	22.0219744844673	22.2147428270353
Q9Y5V3	19.570446236431	19.4916713910106	19.1794533858005	20.4464670025337	20.3571609886764	20.9077516564541
Q9Y5W9	18.7697839715422	18.8917014086947	18.7697839715422	19.9214454194324	20.1451424109994	20.2401242734826
Q9Y5X1	19.8197135095898	19.5345562420579	19.0872337525589	20.8253607228941	20.8292293428773	21.0234408928242
Q9Y5X2	19.849248207652	19.6037833860626	18.9905394574958	20.5670882465078	21.3923949019031	21.6764272980634
Q9Y5X3	19.5404874862016	19.5404874862016	19.5404874862016	19.5404874862016	19.9291853018392	20.5808414327981
Q9Y5Y2	20.764432482421	20.7725755717876	20.4767529854801	20.3586286522422	20.9036895487038	21.2291402920103
Q9Y606	18.795401286665	18.7715720429183	18.0334046875995	21.2928334428594	21.4183503660841	21.8591781025622
Q9Y608	22.1334205373918	21.952274670387	22.629504572634	18.3981356797109	20.1049897539454	18.8216259108749
Q9Y613	18.9025537269778	18.6690820299594	18.4825937293064	19.928096116342	19.9837224328732	20.2477951552564
Q9Y618	18.5196270117252	18.6665340459617	18.7431736451163	20.2506968712923	19.957754382317	20.637274301159
Q9Y620	18.8790558564798	18.8790558564798	18.8790558564798	20.0627572580516	18.8790558564798	20.0524682701367
Q9Y625	20.6709549707139	18.8769466772147	20.32368751515	17.4901687800358	18.5497341197107	17.4901687800358
Q9Y639	18.6917346719911	18.6917346719911	18.5327454656645	18.6917346719911	18.6917346719911	18.6917346719911
Q9Y666	21.2118918483782	19.6818614720176	20.3011044188764	16.7211364326569	16.7211364326569	16.7211364326569
Q9Y676	19.4055070137123	19.4055070137123	19.4055070137123	20.5202449270877	20.570978077136	20.9009706827742
Q9Y678	19.3610093022774	19.0212441748067	19.5055371776306	19.8224301344942	20.3393779210969	19.9523546199802
Q9Y679	20.0697682313246	18.0095663889234	19.3463584346897	18.0095663889234	18.0095663889234	18.0095663889234
Q9Y680	19.3990568658148	19.3990568658148	19.3990568658148	20.6609566473004	20.5070085744334	20.7532468591212
Q9Y696	20.5402794820371	18.4917738061359	19.7468534526398	18.4917738061359	18.4917738061359	18.4917738061359
Q9Y697	17.7810345500606	17.7810345500606	17.7810345500606	20.5904282205928	20.537990663691	20.6839439682447
Q9Y6A5	19.8702114016507	19.8702114016507	19.8702114016507	19.8702114016507	21.0520135001017	20.7607480850152
Q9Y6B6	20.2164698832501	20.9810873707017	19.6763059639779	20.278345955471	20.2083366665618	21.1606577558358
Q9Y6D9	18.2441226239929	18.2441226239929	18.9675317906557	19.842717290269	18.2441226239929	20.1763559088743
Q9Y6E2	18.7005087933712	18.1342520560161	17.1382693241237	18.1342520560161	18.1342520560161	19.1118275158833
Q9Y6G9	19.683675455618	19.5416104389812	19.6170170490735	20.1424164087734	20.1888021321278	20.3114174034623
Q9Y6H1	21.1748008270279	20.9853677847444	20.5403330288894	22.2725216137815	22.2871189496508	22.8950074856937
Q9Y6I4	19.0105374179405	19.0847721968041	17.4626334778236	21.9388135076946	21.845947598088	22.213948431968
Q9Y6J0	18.3795331009553	18.3795331009553	18.3795331009553	19.8515240088918	19.6459432973829	20.5031040227319
Q9Y6J9	18.8078506627119	19.3392243456345	18.8078506627119	20.4463496153052	20.6119264925326	21.2667054737789
Q9Y6K5	17.6403453618048	19.2511827575197	17.7561823855516	20.7140521242352	20.0226549838805	20.2525059558255
Q9Y6K9	20.1353157858976	20.1652549720604	19.6145115839907	21.2959616839421	21.5423963921017	21.7337961653182
Q9Y6M1	20.8677223648347	20.1525097742994	20.0890682177077	19.8285629598199	19.5903920750898	19.8607751205489
Q9Y6M4	19.3267905152624	17.8328904687392	19.1112092184343	17.8328904687392	17.8328904687392	17.8328904687392
Q9Y6M5	19.1203093123625	19.1275481500232	18.6966048884006	21.8491782257951	22.0670698080127	22.5093065903962
Q9Y6M7	18.9543636090407	18.3752867135539	17.0739495290019	18.3752867135539	18.3752867135539	18.3752867135539
Q9Y6M9	18.7564556256149	18.7564556256149	18.7564556256149	18.7564556256149	19.2161722245212	20.3657740015084
Q9Y6N5	18.2753426098002	18.2753426098002	18.331777846079	20.2542227037234	20.3412047257547	20.3095914359599
Q9Y6N7	19.7366639779476	18.1776923309891	19.2412939740079	18.1776923309891	18.1776923309891	19.6499674100924
Q9Y6Q2	19.0692087638025	19.162721387949	18.2327772875219	21.1238717353931	21.0746921329881	21.3407027555265
Q9Y6Q3	18.9960617237667	18.9960617237667	18.9960617237667	21.4625109333861	18.9960617237667	21.6748560682913
Q9Y6Q9	18.2749968350847	19.0808981687015	19.0808981687015	20.3213556260402	20.1813072241192	20.4117176841752
Q9Y6R0	20.0133961337993	18.4995041346787	19.5888519120535	18.3839198996268	18.3839198996268	18.3839198996268
Q9Y6U3	19.7793672162555	18.5548848713165	19.9327539132851	16.9966615410196	16.9966615410196	16.9966615410196
Q9Y6V7	20.040456437211	19.1713018455874	19.2934847744142	20.8456499999771	20.877207604271	21.0787132113031
Q9Y6W5	20.6559969993765	20.5210091602248	19.8955231107297	21.5497262465771	21.4011818389921	21.3147932170693
Q9Y6X2	18.9237795356677	18.9237795356677	17.6838282053109	20.4660130229516	19.9060251360673	20.0960830623011
Q9Y6X4	17.5799827330723	17.5382068061848	16.9553394316768	20.8254566075178	20.6143509857336	21.1548539676358
Q9Y6X8	19.2869972310773	19.8639661870891	18.5062694511495	21.1912572499589	20.9523661459795	21.3792194091225
Q9Y6Y0	19.1369510528119	19.7270465361226	17.6516983706641	21.0010095979745	20.8134791977893	21.2529087248116
Q9Y6Y8	18.6636811988369	18.7363302439199	18.0548970413427	20.5815105317044	20.2326872429442	20.5239362249183
