UniprotID	DMSO_1	DMSO_2	DMSO_3	PROTAC_1	PROTAC_2	PROTAC_3
A0A096LP01	8.78401926702184	8.6135405784582	9.21624162274216	9.34587515949164	9.39902073917044	9.45590785000569
A0A0B4J2F0	11.4435472627387	11.383122840848	11.3611364783	11.175265138183	11.4429743028685	11.4770666562663
A0A0U1RRE5	11.1160939276531	10.786879714916	11.0216666246963	11.08033212927	11.0558615187592	10.9684966980252
A0A0U1RRI6	13.5124461158011	13.6889389145361	13.6311038949253	13.7061568734795	13.7075680365993	13.7412051655016
A0AVT1	17.0153240485013	17.0097389696087	16.9987197448834	17.0555292335461	17.0794154218562	16.9494970490367
A0FGR8	15.3507808830689	15.3737118508133	15.376270298363	15.3973301600296	15.3874833886623	15.4202559918626
A0JLT2	12.3211109181239	12.2811493754445	12.3551840300478	12.4635030354994	12.4219168510288	12.3082083935404
A0JNW5	10.9319832320055	11.081812193985	11.0234054066597	10.9265403808968	11.2242531930406	11.0663181541522
A0MZ66	15.4920223440283	15.5452045971223	15.4897703289526	15.4780947716417	15.455257536447	15.5811683711216
A0PJW6	13.1197745349554	13.2324033191278	13.3286299954496	13.1323111631695	13.1365422764741	13.2740346047619
A0PK00	10.4949707643232	10.3593166208555	10.5070954402425	10.5246220508263	10.1157987491104	10.2935496864822
A1A4S6	12.5857270706046	12.7148544884065	12.5198514695461	12.4271380625894	12.5133658778312	12.5742683589837
A1L020	11.9759535528776	11.9491012780101	12.1147645026666	12.1829529219308	12.2259407917471	12.0815932828362
A1L0T0	15.7997657774984	15.7871918695423	15.7323044303433	15.7897604106739	15.7499847438101	15.6960562670176
A1L390	13.762856060916	13.7478073401	13.7450514086796	13.7135160811844	13.6408733881698	13.752037380226
A1X283	15.177851122371	15.2373542550028	15.2430954797606	15.2280540044865	15.1047489284924	15.2686677149631
A2RRP1	14.3585631584807	14.3524575234958	14.3346248612353	14.2514317724471	14.3688886553759	14.391106043712
A2RTX5	13.9617268507516	13.9928331830612	13.9655895068086	13.8410450891177	14.0372320354896	13.9722589173303
A2RU67	10.9042163529628	10.8721857367603	10.9150019345776	11.056353766444	10.9523549539421	11.0146422368087
A2RUC4	13.0834856849048	13.0559450434675	13.1751234834839	13.1196655422342	13.1512398473451	13.0600534645819
A2VDF0	11.8465182580276	11.9113764481468	12.1073336627169	11.9644163065769	11.9041902601281	12.0958364898697
A3KMH1	15.6004532129184	15.7781306694952	15.6240313678243	15.5524860940718	15.5951207243648	15.5922846230986
A3KN83	15.9393955794242	15.9826153725471	15.9787322588895	15.9211482644205	15.9078769120072	15.8856779329341
A4D1E1	11.1876118796182	10.8767555998193	11.138560706256	10.9063394549452	11.1346430145772	10.9047734236338
A4D1E9	14.6864303029623	14.6182511616178	14.6088011174844	14.6307229756205	14.6512270498604	14.5645240831634
A4D1P6	13.3138942818357	13.2659807299517	13.284571407357	13.373449732985	13.462140519281	13.389152657789
A4D2B0	10.0964555203495	10.4935612706567	10.2755040325976	10.3875761784003	10.400489170788	10.1013256515894
A4D2H0	9.89421326363497	9.25045161291147	9.41424648941642	9.72303587176594	9.59504534620188	9.11704000301595
A5D8V6	11.699987713788	11.6692852645352	11.7552725254403	11.7344541149382	12.0084426610285	11.8037731085236
A5PLN9	11.8149111748168	11.8454786469359	11.9432727911471	11.8145135422456	11.5182830650111	11.9522601336074
A5YKK6	17.235046840533	17.2054685929356	17.2159590062682	17.2441749464863	17.2776236245632	17.1778024706691
A5YM69	10.431004475806	10.7087601092182	10.6967498877296	10.8321072528095	10.7522286787526	10.4961766903166
A6NCE7	14.0535607099405	14.0825369773718	14.0438502716352	14.1993037468386	14.1970733663436	14.1606778690185
A6NCS6	7.03637460974697	6.35246549828733	6.61548384543705	6.00248989076347	6.4166632226128	7.09987985573334
A6ND36	11.7460667814333	11.6964980570331	11.7663997253491	11.762082425941	11.9696633138078	11.8384506725372
A6NDG6	14.4014705034046	14.4748208761143	14.5052612418995	14.4846511222858	14.4608163959529	14.4056633681919
A6NDU8	11.5406752861367	11.5500768506553	11.5331744421301	11.7688431450131	11.5765128361068	11.703332862301
A6NED2	13.1488168829951	13.2036019714418	13.3495992355635	13.2368997193856	13.2155272064141	13.2638844399516
A6NFA1	11.0654560426557	11.3203808893811	11.1054535404583	11.1792708831878	11.1243809397201	11.2760608575279
A6NFI3	12.6849279151343	12.6614530595169	12.727910502566	12.4811912854387	12.3216430875739	12.7694726674545
A6NHL2	11.8926373886356	11.5912906285366	11.6614528356163	11.6377686412823	11.4180331584157	11.5890419612959
A6NHQ2	13.6487782777816	13.7946107202035	13.6780970761167	13.77763526038	13.6313893694685	13.7493486120271
A6NHR9	16.633830984074	16.6268597012487	16.6691925254818	16.6278353842587	16.6205069748025	16.569302593348
A6NHX0	11.5552687247611	11.4778659300299	11.4942331409193	11.2416661567417	11.4491427947424	11.3212130421056
A6NI28	8.64086635014798	8.88003127071179	8.61560188626847	8.61386570363086	8.82188878734918	8.94162019740898
A6NIH7	13.9521776243917	14.0720246754378	14.0581094649354	14.0943677379105	14.1612774463054	14.0869490929126
A6NIX2	10.5356208232523	10.6827179753802	10.8392373655261	10.1853479061799	10.180421139805	10.5761236224725
A6NJ78	12.8045015194901	12.8792842180415	12.8046056189295	12.8975896440537	12.9667401810455	12.8158922226487
A6NKD9	12.8593964379084	12.9650094160691	13.0057624866917	12.7995407775179	12.7273309774375	12.8851935476952
A6NKF1	12.8770922727416	13.0580859882533	12.9159682532795	12.823973193149	12.8440033385915	12.9417219170173
A6NKT7	13.8225680842651	13.9513145204724	13.759752234646	13.9284153555445	13.9770374043721	13.8309277002008
A6ZKI3	11.3534611954026	11.0043959488248	10.9719082173819	11.2709279957167	10.9048173840101	10.9944187157006
A7E2V4	13.9653733840022	14.004373290755	14.0096212200464	13.9156396092863	13.9732276440128	14.0148847655745
A7KAX9	13.5020116376678	13.3841262609324	13.4439133362149	13.3283215645955	13.4489078396027	13.4550506163273
A7MCY6	12.1429004122583	12.0965996596301	12.2145317743733	11.9844065103502	12.0998091861745	12.1137403043503
A8CG34	11.9794248686509	11.7635078075719	12.0469907240709	12.0133628623424	11.8768579597412	11.9327614805998
A8MPS7	10.5287750023098	10.3307111848269	10.6181079734153	10.4908931137073	10.8811133917327	10.6442686829987
A8MT69	11.0078921697708	10.7632336026264	10.9773438366127	10.6981673286873	11.0900850927027	10.8542536564605
A8MTT3	10.8786550397479	10.8329747509481	10.9599223091458	11.0519912335473	11.037584414954	10.8817420145139
A8MVW0	11.4595115640569	11.6237619865806	11.5544627291794	11.4595951264988	11.60895419695	11.4649536025704
A8MW92	14.2034886752875	14.3048661112164	14.2460110570939	14.1947214231514	14.3124193999815	14.2715100525813
A8MXV4	8.75575063672892	9.0265422134057	8.97648240611463	8.31297002985606	8.61248713224417	8.36383049873232
A9UHW6	13.7331146377611	13.7652032927717	13.9270290723192	13.8742229959933	13.7023775073111	13.8272841351643
B0YJ81	11.9121836973442	11.7353892665445	11.7934479420937	11.4367320861787	11.2707115760197	11.658664555261
B2RTY4	12.3044592244109	12.2697251325491	12.3333056452047	12.4232865504371	12.1935759696443	12.5093529254593
B4DXR9	11.7576599459361	11.5660811642396	11.6175094880287	11.8770075987218	11.7070464831029	11.762039273284
B7ZAP0	13.2692973959588	13.3130058990257	13.3274960102252	13.2122479020528	13.1673352034844	13.3730438605427
C4AMC7	13.1255360886251	13.2597676851839	13.2068306429167	13.3187460153001	13.2138868338912	13.2891173678003
C9J798	11.5075002356682	11.567406877465	11.5604967388252	11.5658795285854	11.5550608542195	11.2319064312083
C9J7I0	11.530365420114	11.690760328651	11.887961365425	11.7884285220837	11.9378683767314	11.9450247379571
C9JLW8	14.4298708914207	14.6042739581704	14.5378960347361	14.5606236989611	14.548727020918	14.5387778154271
E9PAV3	16.5842107903203	16.5921190121614	16.3616221304633	16.5910763473575	16.4376691222541	16.3972480282936
E9PRG8	13.9379181581791	14.1035630069142	14.0380477241871	14.1724859770837	13.9716175068134	13.9792935465542
L0R6Q1	14.1637208770764	13.8971095260267	14.0464324457492	13.8712657883191	13.921081007604	13.9113336863566
L0R819	13.4299785885601	13.5058185441244	13.4153447812674	13.5117506483065	13.4858596023735	13.2699695571847
L0R8F8	11.2051895895596	11.2374629863576	11.2209651061486	11.3090737457457	11.3888907320502	11.4064241856262
O00115	12.5388700549971	12.529140831623	12.6736262734053	12.5147673782657	12.5727763003266	12.3321412188832
O00116	17.0110381482286	17.0081756542514	16.9868403308203	17.0533617043284	17.0453268687024	16.9850044124694
O00124	7.77945220162358	6.63266241048208	7.50078846862856	6.97294859389645	6.26586254874962	6.96986442659683
O00139	15.4741672893055	15.4948891726271	15.5761912122781	15.5243955795468	15.4753497710069	15.5450548207244
O00142	10.3171637897559	10.4454622546621	10.7194443572551	10.4264566155405	10.3834965374944	10.5364830595864
O00148	14.2883409373112	14.2422060225269	14.187402999721	14.2675770647341	14.2195931396333	14.1163997243945
O00151	12.3361941493859	12.3932171475199	12.333367324239	11.8003988993975	12.0039843554474	12.104841486951
O00154	15.9279472175688	15.8125476906929	15.7897355095151	15.7934993571275	15.832958501668	15.7412097162625
O00159	17.2030514330721	17.1623681934494	17.0996897512489	17.1480153351856	17.1725223775844	17.0741016361337
O00161	15.6112275537377	15.636272524328	15.5959395404325	15.69260592909	15.7309294602081	15.6495504046714
O00165	11.6175317343056	11.5894357864105	11.7013061347627	11.8752027793842	11.8525654155329	11.8392475422873
O00170	15.9404799323231	15.9354399153657	15.8818621030918	15.9803885937047	16.0050117295303	15.8705444603216
O00178	14.5827064488291	14.6235448603794	14.6430781858942	14.6445946670981	14.7002836192366	14.629135041828
O00186	16.0134680036021	15.9899302419815	15.953278061909	15.9568482051291	16.0368105907139	15.9389836175048
O00189	8.79389807199274	9.18035204210934	9.01132988743926	8.99748174858918	9.0861564829619	9.0520910895974
O00192	14.7659742434003	14.786231481996	14.7963680090189	14.7883575774283	14.946643335223	14.7200720955095
O00193	14.9753758150933	14.8725944202145	14.8152571679764	14.6114329069919	14.5215377526355	14.671679123444
O00203	16.4393988273393	16.3985622787453	16.4625587829162	16.5239492888961	16.572888833806	16.4774160928732
O00213	13.476491611377	13.5017794441602	13.4187667749022	13.2723560324978	13.3283413165227	13.361085027175
O00214	14.3750241071537	14.2596249325029	14.3861091888695	14.2070676235889	14.2016811135562	14.26555734332
O00217	14.7631037471594	14.7464652129574	14.6605491933179	14.8323787388858	14.7470829442244	14.7026865321101
O00221	13.2648381862345	13.2734652571982	13.326334369503	13.2348287402694	13.3589974285976	13.3606959535307
O00231	17.4051939732439	17.4255771487025	17.3671449183618	17.4182676412951	17.4555608254556	17.332292037954
O00232	15.2386428808829	15.2277342535789	15.1380227239413	15.2664674888744	15.1860239269412	15.1209596631045
O00233	15.0342899095552	14.99763654575	15.1182849784582	15.0984917099167	15.0402798861804	15.0136050853647
O00244	14.0509134273536	14.2126962161831	14.1484277669601	14.2882514434298	14.3672099035605	14.0925487105002
O00255	13.978198294668	13.9661015342575	13.8118263940155	13.8854445834325	13.8990817379133	13.8924222469739
O00264	13.9204734950791	14.1122508901775	14.038987500234	14.1300318419845	14.2459400885815	14.0229789153685
O00267	16.6184708171836	16.4862779022921	16.5616354828185	16.4476956482032	16.3642396585396	16.475912770659
O00268	13.9150164463398	13.8973418627758	13.8151176442367	13.9069227559892	13.8652224460613	13.9057054717787
O00273	14.7964690323021	14.7271554798597	14.7068893142872	14.521358135955	14.72952480294	14.7063756729727
O00287	12.9488909634458	13.1916165116482	12.9556194613997	13.0253028436791	13.1347160531819	12.8972264949488
O00291	14.9377360543135	15.0686306269888	15.045701569776	14.9760815394146	15.0200485556816	15.0073895727292
O00299	16.7744073086281	16.7698196405872	16.7333359952197	16.85937072596	16.8879933598166	16.7239509117428
O00303	14.9948838328705	14.9737390386854	14.96001991088	15.0245075579255	15.0207166164726	14.9234923128595
O00308	13.0793598648577	13.2714572300213	13.170653703824	13.1146666327927	13.1731685204493	13.3018255453387
O00311	12.7740573786066	12.8535870864256	12.8019843414914	12.9326858121708	12.9377762882998	12.7700794358005
O00327	10.2763683538816	10.6526855414398	10.5780087517102	10.3980594899434	10.5050593121166	10.4646519063573
O00329	10.6907644689688	10.8772307958186	10.959929572758	10.8772652458411	10.8429987870488	11.0326461077686
O00330	15.3511514254495	15.3515689838665	15.3185314047081	15.3068368061313	15.3627101470711	15.2683280262837
O00339	9.19416150713518	9.51442313799932	9.35385792191228	8.15766409940267	9.06332782102808	9.03593643448004
O00391	12.8605061653996	12.8683425261884	12.8939824409902	12.9915302714972	13.0142503316716	13.0447134603602
O00399	14.7116813658992	14.7094385351876	14.3764825510388	14.5954009307667	14.5004295347997	14.6867339457544
O00400	13.3055368961964	13.3517510098977	13.2481264979202	13.4402116319195	13.3502077610773	13.5457938550192
O00401	13.7570679767953	13.7846745335955	13.7136748935399	13.9052497542905	13.7676357978875	13.7610360562189
O00408	11.0527587042811	11.117800258419	11.3608614434997	11.2053044725548	11.1709366032604	11.3240814277089
O00410	17.3659826408191	17.3573227584251	17.3570103533419	17.4198361699386	17.3698037058982	17.3297086051019
O00411	13.0392407566486	13.1146181308346	13.4209609361097	13.3064084089792	13.3524064350584	13.2781952030158
O00418	13.0984995898539	13.2259646825428	13.1479512362755	13.1455269935844	13.1556218062045	13.0680225506543
O00422	15.4874932735267	15.5446413057788	15.4946481099654	15.4653122558703	15.3344290396679	15.4471295618598
O00423	10.8209916412931	10.5764773533306	11.177349286249	10.3767766504725	10.7677064449767	10.5860749956946
O00429	16.5504375041653	16.5556770859655	16.5323219960589	16.5609465204368	16.4979231158925	16.5372902257959
O00442	13.9790058097172	13.9330305286956	14.0896979651617	14.0002102253101	13.9877733932277	14.0137684782627
O00443	16.410037353327	16.4614490669211	16.3615749128632	16.4857789446842	16.4555277584277	16.4547910525821
O00459	14.1419232506029	14.2173664276403	14.2113615246501	14.1602034944389	14.2739574022123	14.222013344961
O00461	15.2727369846741	15.3034918674327	15.2775803398849	15.5212188878466	15.4628697878654	15.4719915901679
O00462	13.3392364894943	13.4155319262759	13.4285631500728	13.2399784426349	13.4030601863913	13.3327796870193
O00468	14.8616079946988	14.8682200196686	14.9243820876312	14.9182596313962	14.9035345728221	14.8359874439897
O00469	16.5281692662384	16.5161491985256	16.4536914082606	15.6104206127579	15.6857903753225	15.5363867213868
O00470	10.9545389081817	10.4577255580861	10.6682260642118	10.3039955317989	10.6431733296769	10.5043285549036
O00471	15.530654197309	15.4898275665128	15.4716033397478	15.5012637558014	15.5094501057734	15.4730003599061
O00479	11.4083740267534	11.3361022426759	11.2472190910624	11.6397659321145	10.9707683963727	11.5113294713906
O00481	9.53578566635291	9.99470577869378	9.26801387343606	10.8887024653297	10.5839783973643	10.7911312250591
O00483	16.315974371541	16.2072659283169	16.2846605064158	16.0725622184491	15.991899266396	15.8639172883961
O00487	15.5734652294946	15.5062893567056	15.4704731375713	15.566684511845	15.6269603787075	15.3884915615911
O00488	13.5042697537885	13.6386407997161	13.6122159078417	13.8194350143164	13.807033984161	13.6017928892491
O00499	15.7345906516481	15.7767872875589	15.7342600482089	15.8755351370184	15.9013120198716	15.7766730671682
O00505	15.3668005637533	15.3915881698658	15.1612258741751	15.3544905536547	15.2382640402068	15.2109302623326
O00506	12.4209134480984	12.4183427381514	12.3779185178241	12.4064360110115	12.3074685375216	12.4468990140298
O00512	14.156681035085	14.2265863770997	14.2865191668562	14.1123647134339	14.1872825909828	14.2290631327488
O00522	14.1246488586712	14.2289083672802	14.1172375818556	14.0461119123769	14.0761213273696	14.1506812196253
O00534	13.9101721404831	13.9438151110964	13.8973629080043	13.9665644921721	13.9510730955519	13.9990181472768
O00541	16.064027035266	16.0821890151516	16.0377619298146	16.0764782706616	16.1340096148205	16.0925344418826
O00559	10.9852996754264	11.0783997930013	11.1691544115472	11.173641739553	10.9066800130851	10.939684491106
O00560	15.1113090181019	15.1284071212291	15.0712943498161	15.2193987074215	15.0970113693637	15.1907864640435
O00562	13.5159553194143	13.522929898366	13.4972330222942	13.4444120585976	13.5788231344476	13.5209385415531
O00566	14.7212298443939	14.8988511403071	14.8620701990708	14.8914770529065	14.9586972968702	14.8513886327255
O00567	16.6664178382919	16.5962652357212	16.5980763357462	16.8115707560709	16.5698245209834	16.8229873978392
O00571	17.0834201139643	17.0735466964071	17.0885355676773	17.093912331343	17.0737601703185	17.036735695661
O00584	13.0116114329768	13.046951658157	13.2772859893469	13.0358842073348	13.0906138230777	12.8772555440963
O00592	14.2924555848937	14.1340257063697	14.2400790433828	13.9319436463519	14.0046431100963	14.1128164564526
O00622	13.9986383411159	14.0041285609238	14.0610176093432	14.1010746923184	14.2523952767441	14.1526346671756
O00623	10.7819758033358	10.756499249785	11.0172336931554	10.5447264371186	11.1425389528594	11.0428429333269
O00625	12.3194020495444	12.1906928402544	12.2244824809106	12.1762825747311	12.1964926881144	12.155661965724
O00629	13.5499169476517	13.5881265428423	13.5479105686406	13.6796083070204	13.5721162866167	13.6650779473842
O00635	12.5778695518379	12.6181155344931	12.3881302116718	12.3899075224788	12.3536532491639	12.437053062785
O00712	10.9547678892219	11.0307985534631	10.8528981466562	11.2060665471152	11.1050732702877	10.9528228394615
O00743	15.0093129791822	14.6462803890258	14.7864477254256	14.4959258206019	14.591593374909	14.6022180952811
O00746	11.3680298341044	11.5565542911053	11.4123951220781	11.5180089254946	11.361670849693	11.500837950483
O00748	12.0477473953685	12.1372033844168	12.2210075352359	12.1169282603469	12.2874461173793	12.1769115070151
O00754	15.7940823474338	15.816660951577	15.8265389111054	15.8485342874262	15.8702312119143	15.7490563527985
O00762	14.4395174186165	14.4773371008175	14.4866461616497	14.3640978052901	14.1731571418756	14.2847831337883
O00764	14.098869207287	14.0551280256818	14.1663455240215	14.0528167313221	13.9966369580332	14.1101711889934
O00767	9.8164627727787	9.89259007243505	10.0195773163174	9.89055612586777	10.5279028382788	10.3070024318089
O14497	15.7846474408347	15.8466061717955	15.8311109886654	15.8699173665628	15.8009589959771	15.7168295912526
O14514	12.6781788098867	12.6953936547173	12.6266072352419	12.4925758374316	12.5950623331739	12.5838158430034
O14519	11.8097059981505	11.882210926655	11.8079910431483	11.4948947777503	11.6713767933866	11.4980058082795
O14524	10.6195051165192	10.6252526665493	10.3861747325153	10.4326707462068	10.1486800764231	10.3839891600508
O14530	15.1861296995578	15.1951905600404	15.2156569426603	15.0533319186852	15.1818967754522	15.2537039968599
O14531	16.1249624350149	16.1197238255791	16.0573959388258	16.2039245699394	16.1620222625427	16.1089529135292
O14545	12.7175664745598	12.8297990373541	12.8258964119198	12.5660256631318	12.5103291401783	12.7522703294646
O14548	15.0246120692765	15.0401917388207	14.9250626600172	14.8607074909465	14.9397820666204	14.9882005419299
O14561	13.1583080038614	13.3181761397699	13.2281043953833	13.0343353618042	12.9245839251462	13.1373016835577
O14562	15.193850493296	15.222415119607	15.1271402806972	15.2945174168454	15.2236586333124	15.1740356906879
O14569	9.58552233782278	10.0059467274795	10.1122667528418	9.44019419276648	9.73165445505708	9.68769273086411
O14578	16.6103371672485	16.6377279912537	16.5942190482928	16.4965244763235	16.455045788452	16.5331062822848
O14579	14.6576786953142	14.6660890786787	14.6397572907922	14.8478691409018	14.828859768573	14.8006703561397
O14593	10.7415181610859	10.6713188935671	10.6105673603972	10.6836692741902	10.5391859648174	10.6753831282972
O14613	14.4109575645077	14.3922657487808	14.3270884864489	14.4847821692975	14.5773954844001	14.5223151356448
O14617	15.4207010712814	15.3620996759715	15.4296686307744	15.513120302724	15.5088196418179	15.5143590178189
O14618	14.696776811731	14.5496881224866	14.5611522623658	14.7061340824814	14.7305661012377	14.4640854753787
O14639	16.2607117952755	16.1576154620216	16.0918019150133	16.1308399315288	16.2021115957078	16.1029483915636
O14640	10.5819690121707	10.0784617835213	10.2846731929783	10.3184885303333	10.3782647171745	10.1714755360922
O14641	13.3556705655171	13.4183631455325	13.3547504163088	13.3735006132086	13.3438076638607	13.370464544414
O14646	14.3099824081411	14.3208358461	14.267173194618	14.2939692083563	14.2269154065123	14.3249043949132
O14647	14.0824563430676	14.037696405744	14.0056929999348	14.1107886679885	13.9494172660455	14.2380122234556
O14653	14.308313715268	14.4129054636775	14.3657608909375	14.5047380846233	14.5677246918017	14.4452979668069
O14656	12.5455250008048	12.7275596127315	12.4924565771759	12.5506116787822	12.7548331706916	12.4754457746057
O14657	14.8024593573111	14.7929053906017	14.8006506221623	14.8470200116135	14.8252280198319	14.7007832434709
O14662	13.0492637514049	13.1436662002812	13.1969403757302	13.2896582956697	13.1339401942484	13.2410642641756
O14672	14.417118631195	14.4271184392483	14.3748476717697	14.4389648242336	14.406390347479	14.3204258002437
O14678	14.6139421594988	14.6841405091084	14.6780716878375	14.6596689963563	14.7125408161128	14.830310870423
O14681	11.6286529509561	11.6276505595284	11.6885981205613	11.4636354047617	11.6090341091577	11.6859855711465
O14682	9.78920419600169	10.117867281022	9.97711417210135	9.44276294949614	9.96887532332593	10.1597104901542
O14683	13.7589528502277	13.8216335914059	13.6993844309109	13.8674301204664	13.911604040369	13.7711608418005
O14686	13.2504502716523	13.0785254932247	13.1987379767428	13.0801898503124	13.0387620347344	13.2803132090267
O14713	11.6091803567992	11.6514359538694	11.7072593168193	11.7190330310777	11.8375168581806	11.4155780669883
O14717	12.0201600335121	12.2875867366142	12.2278435108852	12.0874123387921	12.3236178928354	12.1840647904313
O14727	14.3037489717653	14.1908051456824	14.2890885831529	14.2920572912676	14.1699462232594	14.2130256301306
O14732	10.7193481352732	10.9718538437126	10.7122698794829	10.9176925276011	11.0357332662566	11.0676023708345
O14733	11.6273607131634	11.8677009945552	11.6031685155627	11.8841531035634	11.8752477403989	11.6109718028962
O14734	11.8009299695973	11.694656916541	11.7188092133431	11.7709721690893	11.8070064856612	11.9382544060891
O14735	11.1190674547282	10.9514649579117	11.3069275088901	11.3756151210093	11.1733733194302	11.3329170097723
O14737	15.6930933000795	15.5578915625236	15.6507575007806	15.6046748059154	15.4815542484636	15.4968123788225
O14744	15.2952228969187	15.3184189292867	15.2447118317455	15.3494141205594	15.3479578510219	15.2684161137103
O14745	15.631580706076	15.632804122852	15.5207337804996	15.6087616152727	15.6896028019071	15.5110258013251
O14757	14.8578974213682	14.8867526354605	14.8872797695371	14.8637783447677	14.7797210918009	14.9493118593993
O14763	9.66720321343357	9.95562585170808	9.6439815319467	10.406193711648	10.3091185561337	10.475777466765
O14772	7.59892768703802	6.60266205703874	7.41725453243856	7.97316900410861	7.76706578482225	7.8212296750881
O14773	14.8475276636767	15.0490453519746	14.8698062869219	15.0200762561823	14.9909212130063	14.9100754936431
O14776	15.8870458539331	15.8965148468661	15.8131231886904	15.8963770953848	15.9778946406647	15.8329896657432
O14777	16.9230981067628	17.00718244259	16.9705866641677	16.8797394198541	16.8352766701794	16.8210878225829
O14786	13.8677875230457	13.9983608758163	13.927435870022	14.0709219487469	14.0875072062355	14.2142651025381
O14787	10.2193777558143	10.3812814228043	9.78726359423286	9.85789793159744	9.92346486363598	10.1354921022801
O14802	13.7530291691544	13.8684724912454	13.8739502838973	13.8223970627664	13.8433250748782	13.8744065301484
O14817	9.25969878968814	9.1204653568393	9.02422538430753	9.49682678019056	9.2455011836493	9.60738965657624
O14818	15.3806864957381	15.4094773960395	15.3570754225498	15.4295400466641	15.4770150897533	15.2978697526277
O14828	15.2643306653874	15.2563445660516	15.2426678783557	15.3356576293884	15.3921064736402	15.2394091638079
O14832	12.8148626604817	12.7220259057806	12.6581437980244	12.8602914050357	12.8344263430368	12.7374677407238
O14841	15.0241285094228	14.9713568908154	14.9666928978684	14.9222231284205	14.9665165627075	14.9537148576466
O14867	14.5473693784937	14.7731286815795	14.7251155176297	14.7394691510445	14.7386095790551	14.6523743497165
O14874	8.79094152671137	8.65177854110838	8.99071597701045	8.53983350161654	9.27385599977348	9.22910002366328
O14879	11.204634258308	11.4848465580594	11.2489738871806	11.2250350181507	11.2400473684495	11.2337380236743
O14880	12.4002908314888	12.2304752084607	12.3515619797852	12.4316034991091	12.3169311197524	12.30801436904
O14893	12.8200517157545	12.8295125934774	12.728486225296	12.542107948826	12.5637385521875	12.6839414866939
O14907	13.8645182714996	13.9842159223639	14.2682038019348	14.0308753864012	14.0314480729717	13.9151900149643
O14908	14.828819689977	14.7787457255489	14.6729174564255	14.7899708280252	14.7763917635012	14.5566764006508
O14910	13.2260806043205	13.3388994915439	13.316875560076	13.3143081402502	13.2000430618592	13.3857356693998
O14920	15.6726348580583	15.6982811048616	15.7476421487208	15.6899038675209	15.7562544774972	15.7521132117094
O14924	9.60061714438369	9.91599748647883	10.0941938617906	10.1107651902795	10.157449093648	9.89917875849103
O14925	14.6175623284279	14.5816790757	14.5108113965609	14.6208862733773	14.5907784726214	14.6037416879551
O14929	15.6837540397505	15.7879144393109	15.7722827774139	15.8351658714126	15.8737318653847	15.7126957085667
O14933	12.4202088584785	12.5708921056399	12.4296361769328	12.4440977920925	12.3292938492536	12.5123111159106
O14936	15.9621133960048	15.9394972012817	15.830605413776	15.9167868461356	15.8907138277168	15.9564678664846
O14939	14.7022384443654	14.7124764145506	14.7383835657577	14.6223433894866	14.6548628361423	14.6485197984389
O14949	15.4757806697043	15.5541137981754	15.5036997148855	15.5876249799465	15.6211926625334	15.3998961659177
O14964	15.9293839060707	15.9564805777488	15.8829974005991	15.9888438204694	15.9231118072763	15.8779528460447
O14965	13.5638303258656	13.5962324631499	13.7386820749748	13.6030119659693	13.6169675064392	13.7598950174397
O14966	13.564818713841	13.4999549391273	13.583259366046	13.554865529737	13.6328452738338	13.6957890967145
O14967	11.79736428822	12.0066961559564	11.983706058568	11.82077328154	11.7170790262802	11.7726520771494
O14972	13.0866424496938	13.2707807356466	13.1859551789943	13.1793440191185	13.2598152234517	13.1896573816656
O14974	16.5143008276175	16.5636519807691	16.4755335125373	16.5038855573523	16.5254316213122	16.4942587050304
O14976	14.0052500182409	13.9449054407595	14.0367871366305	13.8822425966378	13.9195328200064	13.9959556306751
O14979	15.8635769742638	15.8673639267212	15.6880739479166	15.8655750103863	15.8619627034815	15.7774265450461
O14980	17.1922268407492	17.2022825732522	17.1099498184636	17.1615375340455	17.0927799135509	17.1042345997319
O14981	15.9297313322628	16.0223896441886	16.0082699053872	15.9932641285426	16.0425441360738	16.0223250572106
O15013	12.9979205919392	13.0729963957028	13.0362507302641	12.8498866353639	12.6885618520326	13.0041603698289
O15014	13.9970913180334	14.121209934039	14.0403900924706	14.2248434099639	14.0874007949026	14.2676786726365
O15020	14.8367704765538	14.8479166745496	14.8514580030543	14.8483174561247	14.9141980583979	14.9351215629335
O15021	9.41827504901274	8.99254646415978	9.32867724893515	9.15031460404778	8.8946525540841	9.4075346867269
O15027	16.0904701334289	16.0939694939584	16.0932332956809	16.1232804251142	16.1562141296114	16.1610050187312
O15031	16.4929142307803	16.53005729518	16.4590958126297	16.5967117636518	16.5980469426301	16.4973642641257
O15033	10.6853613088375	10.8261323557601	10.7192383952712	10.8642519182069	10.4889962229438	10.7944590721835
O15037	10.5549782979779	10.2277264902296	10.5534762644128	10.6047901133021	10.346660701936	10.4883438570911
O15042	15.9688563211744	16.0508523566727	15.9719336546382	16.0909382657665	16.0169039251024	15.9486841022736
O15047	14.0660441661904	14.1212420293339	14.1113915177663	14.1016418479543	14.1612523495533	14.1153740958289
O15056	13.9167104912139	13.861133818484	13.9361645439221	13.9236725581718	13.9492162792225	13.9891520416402
O15063	11.0254314432776	11.3259614718865	10.9837739332042	11.0282227426426	11.120196564234	11.143969641151
O15066	15.1336804948604	15.1687142755216	15.2017672992909	15.0563501093972	15.1037146487517	15.117134506818
O15067	15.571924876473	15.5113982316561	15.5356063167778	15.4802747505577	15.3662407189093	15.4305638579909
O15068	12.3295910734416	12.4409476776016	12.5309270248352	12.4909652707078	12.3699494489625	12.7580676655874
O15075	13.3044799564618	13.5195918073865	13.4293581585587	13.4187914638555	13.3491140908671	13.6067525059729
O15078	9.89428673183486	9.82875528934481	10.2292695056252	10.1903096643111	10.263718331259	10.1054757505391
O15084	14.945104295483	14.960045374445	14.8781397792145	14.9398275447398	14.8840126195744	14.8941488116159
O15085	13.149334479725	13.3013382296949	13.3092157126364	13.1876172384834	13.2752719379413	13.2111516260354
O15091	13.3838712009955	13.4985966265746	13.3378208634848	13.4515126006808	13.4136394315147	13.290711534354
O15111	13.2661765098839	13.330385865178	13.0913137655566	13.2090845090321	13.1557744085147	13.3302101052795
O15116	13.458421906976	13.4379954086381	13.4074274094338	13.4748706027146	13.5265819686052	13.269003668826
O15118	13.1447157305333	13.2431395503915	13.3112199002195	13.0288772496799	12.9386400141922	13.2165851272256
O15120	12.7859311516362	12.7064822694049	12.7202636231551	12.7137314762532	12.8736476252677	12.7952418492604
O15121	12.3433457749347	12.1477814834937	12.1048295729141	12.3359204374768	12.0606116789303	12.166004731467
O15126	14.1367529130551	14.1907788622169	14.189551102781	14.2503402534973	14.2466978827389	14.194670579328
O15127	12.5304067830544	12.5567322947777	12.5430362426852	12.5661694998701	12.8384768037999	12.6019680513298
O15143	15.1313575137459	15.1627329077746	15.2227362166771	15.2293639968256	15.1902050196486	15.0844337870794
O15144	16.1920859579587	16.1736823599148	16.115066449555	16.1982442357933	16.296530696954	16.1265504609718
O15145	14.7449159466169	14.6869709289257	14.9179693858305	14.7543198296982	14.5235740670638	14.6086599634962
O15155	14.0243933860338	13.8880780297667	13.9579216082052	14.2067476768668	14.2299624815457	14.0287267182458
O15156	11.0528492092866	11.1512696133254	11.0153756209937	10.9623082890503	10.8358143001797	11.2366931012631
O15160	15.7825619832139	15.7348346510756	15.7377392316388	15.781714936105	15.8344177990105	15.7323722047332
O15164	13.9681876711287	13.9341323667529	13.9900483492843	13.792562723359	13.8911181374749	13.8088675703109
O15173	14.8268180611233	14.6261158253353	14.7641120069211	14.8059797518114	14.8575436749377	14.7180455935109
O15182	11.1841080511369	11.1016783338126	11.2465403942643	10.9545082447736	10.9620159090855	10.9245636775203
O15194	12.3812214542568	12.5162802979053	12.5519687987887	12.5979680889876	12.7114408798804	12.5075313874778
O15211	13.2571409550792	13.1473990467412	13.2503494628539	13.1951658438181	13.1857747411987	13.2432631542835
O15212	15.070433446791	15.0208342287024	15.083301628674	15.0653431553924	15.1185929001042	14.9010897944144
O15213	13.50739667201	13.3913054048083	13.3671370447035	13.7565429085463	13.3783856276403	13.8674252843681
O15226	14.8811784785447	15.0408020842515	15.0054295355645	14.9469511936156	14.9479241458728	14.9891480077668
O15228	13.8522226043446	13.9076286129757	13.8949752837734	13.9318178477192	13.8318059028769	13.9196482792523
O15230	15.933852666362	15.8855652584722	15.8937112856478	15.8644589416776	15.8744082336623	15.8701438980039
O15231	15.8584220778247	15.8803636638323	15.8383923442593	15.8828836086061	15.8438724469096	15.8000558563413
O15234	13.8926052099913	13.9879691625103	13.8741753877229	13.815337835677	13.957398352225	13.9288568442615
O15235	10.998012466672	11.5949787292931	10.9583743256526	11.2246937209584	11.3213427830439	11.3321234089484
O15240	16.3224919131812	16.3105015989047	16.3558405893682	16.6942068260564	16.6025365381401	16.5898841002299
O15254	13.1364278163922	12.9959352017542	13.067332263052	13.11013897706	13.1036590534017	13.1267664558191
O15258	13.4059348180921	13.3804715710329	13.2110388521541	13.2162600649183	13.2311434421685	13.1699332739497
O15260	14.3438427267526	14.4350034642666	14.3919975693236	14.6031972224024	14.5013836996641	14.4784219401996
O15265	12.8126292356605	12.6903840614875	13.073448202085	12.9016645369784	13.153649481153	13.1549602154291
O15269	15.7394359226315	15.7199372783147	15.7674217183332	15.8031138108121	15.7669274873764	15.801053912247
O15270	14.1038304383644	14.0102840319561	14.0441346484639	14.0305519323002	14.0424074936131	14.1268859908489
O15287	13.3636189521641	13.4012436989635	13.4583565556206	13.1927309248757	13.4208390958122	13.3999695969551
O15294	16.0035778562254	16.0902025874888	16.0417913653206	16.0061033982847	16.09765428749	16.0682102550889
O15297	13.5130263432039	13.5422336240353	13.5598067704765	13.5211214356159	13.5209298739331	13.4318293704006
O15305	14.5023525385924	14.4571257225942	14.3971191960749	14.5799360180594	14.519617703927	14.5650215773771
O15321	13.4463387661052	13.3959190253025	13.4865692706538	13.5679703544567	13.6327211601801	13.5638189607551
O15327	15.7045926361538	15.7158537721585	15.636993125839	15.7672079187612	15.7601076340733	15.6494394799482
O15347	14.455340286289	14.490215998667	14.3961223612006	14.6155891675634	14.4686964977966	14.5562276680799
O15355	16.1465808104411	16.1257337537905	16.1416369091583	16.1906825159656	16.1835025936536	16.0491772224218
O15357	15.7944545181968	15.7547339383789	15.7637685256513	15.7723409689563	15.7845727170636	15.7905687310718
O15360	11.483272022516	11.965003827661	11.985398398977	11.7459479801122	11.8452785757925	11.8409436772766
O15371	16.1017633434391	16.0554187148503	16.1500537983921	16.1708414302708	16.168098844916	16.0717655311658
O15372	16.2084169203037	16.1571575649976	16.1817908108608	16.2530843447747	16.1318293107019	16.1176071175044
O15379	14.4683365781674	14.4359754853683	14.4353760224133	14.3665873176955	14.3729649400972	14.4062229917618
O15381	13.8566619745106	13.9413148257292	14.0831565866125	13.8058917802732	13.9426747585108	14.0154782342693
O15382	13.5466691578712	13.7063652743912	13.5439620337341	13.5612354803423	13.5642136963763	13.5585135482053
O15391	13.5161343601146	13.5679711633725	13.4717399361181	13.5393777164103	13.5566754126056	13.4712793133354
O15392	13.710953568035	13.8265014940688	13.7868459925597	13.8465877406176	13.9435163787076	13.7694989723028
O15397	15.4814912736545	15.5398319224841	15.5121962245785	15.4774913006667	15.5065713369456	15.4966707921029
O15400	13.97689588097	13.8020200321537	13.8067567683829	13.8739020944301	13.9889990708655	13.8734755373913
O15417	12.9397079010133	12.8944907109809	12.9762166945975	12.9507445043166	12.378800100895	12.9334995521667
O15427	13.2487399698436	13.478427190938	13.3408640832738	13.4517251644537	13.279524645826	13.393717624849
O15431	10.6989891815813	10.495564110748	10.6992756607305	10.6749982265015	10.67622630118	10.6550485217519
O15438	10.7186222509606	10.5241656288724	10.7456013724362	10.6072951475289	10.6897315628959	10.5857165006435
O15439	12.4408965307234	12.335958204497	12.5515374605583	12.2595174738796	12.441187110349	12.5473924286825
O15440	10.0052160040467	10.4314769154775	10.8990658025637	10.1723165073559	10.3912746283492	10.4226110838986
O15446	14.4726312904585	14.5665434609301	14.4577336279316	14.7677610751225	14.5263904701186	14.6370160029117
O15460	15.7593543607458	15.7877438359387	15.7408539332236	15.3343187412837	15.3316877251194	15.239500052084
O15479	15.1192923831073	15.1623438542204	15.0619357782379	15.1736054018498	15.1880637277842	15.1677725451756
O15484	14.577264781029	14.6179686400805	14.6051390615353	14.4918609196506	14.5328694657512	14.550618166502
O15498	16.0309632615086	15.9653642356572	15.9795480116709	15.8354640129717	15.8565910228426	15.9039584570785
O15504	14.1844771230094	14.1269286950906	14.234176594139	14.0760456201023	14.1642264995505	14.1413482637443
O15511	14.9594775990343	14.9517671957203	14.8965790148759	15.0057114252492	15.0077924184758	14.9327149191076
O15514	13.2786830694913	13.1124518825453	13.3043768236849	13.2078002319595	13.2075608033029	13.2788975907038
O15516	11.1388288919657	11.2968932718581	11.3114490576944	10.9012157577114	10.9749257392795	11.4527941487642
O15530	13.9645700106808	14.0564871339234	13.8946646781842	13.9645202409018	14.0846381472343	13.932534951104
O15533	14.9792408949072	14.9348743837433	14.9797316156383	14.8420269156765	14.9689080965802	14.8777271314307
O15541	13.1246987614951	13.0143815375053	12.9998132203605	12.9541593547714	13.1273204171854	13.0124020710115
O15550	9.0154351260553	9.43246882900408	9.40599520401341	9.38653191969027	9.33910426218332	9.19718225478119
O15554	14.1337553674957	14.2473073101595	14.2269587159601	14.4095822051739	14.4203945867025	14.3275919122557
O43143	16.8406084450092	16.677158614039	16.6896720384027	16.6156356333988	16.5500095829131	16.6277646381376
O43148	16.5796709236149	16.6121232392865	16.4749443272151	16.6499289830696	16.629302029413	16.4670931093507
O43149	13.5024545069997	13.6871558504301	13.6022148090563	13.4965117479261	13.4799384348135	13.621347697746
O43156	13.9907096485956	14.0706437763846	14.0255310009015	13.9881508705713	14.0959692748522	14.026182750568
O43157	12.3264422071225	12.1903582616335	12.2546216057461	12.0652591596312	12.2692938140555	12.1222982822993
O43159	14.5854284922538	14.6726312323813	14.6530542174016	14.6455170982944	14.6388628194031	14.7471372143125
O43164	12.9037693889132	13.1173427459917	13.1226050790704	13.0502278296406	12.7987313364722	13.2306390368987
O43166	16.32628050757	16.4214150486249	16.3290687182866	16.4571557607945	16.3997180658673	16.3884663287458
O43169	12.6049948856293	12.5214625964591	12.5502692058965	12.3077335002244	12.3870205095906	12.4606705743748
O43172	16.2290483916654	16.2250853045082	16.205309330492	16.2054189926295	16.1310410969924	16.1534657019437
O43175	16.4904412161166	16.4235971092847	16.3976783562985	16.5919684556516	16.6395575980883	16.4634112429395
O43181	13.767509723517	13.8030311929948	13.6702096726077	13.8096629712767	13.8330604552326	13.7782851468037
O43189	11.7682264611263	12.0187456423753	11.9153091292975	11.8428629691396	11.9004630201556	11.8770550073936
O43237	15.890262861654	15.9152018276062	15.7593954544306	15.925500986578	15.8692186456419	15.8228651828837
O43242	16.7347940384181	16.7135091963022	16.7030393679985	16.7712362195985	16.6794569077331	16.6431190898109
O43251	14.0087725196363	13.9830408570935	14.0512719341436	13.8886942499189	13.8880910642456	14.011894695017
O43252	16.2900424982424	16.3039457372094	16.2484660708795	16.332434036966	16.3293929288932	16.2545924238596
O43257	11.1527989393897	11.0512062039303	10.9388572754348	10.821970734159	11.0926079980229	10.8199384390379
O43264	16.4654370863915	16.4810141613215	16.4555849074131	16.4525474727256	16.3747449312727	16.4030214147057
O43286	7.08159564449649	7.56201788313843	8.35864825619436	7.6364819644103	7.81872093403102	8.01706885697183
O43290	16.71686370863	16.8314631227465	16.7746102652457	16.9846487715092	16.808703192358	16.9710561436975
O43292	13.1822927704931	13.2122725416206	13.3272792416144	13.3240548582476	13.3780166956312	13.3065013766692
O43293	12.4552507032215	12.5040555534783	12.4965909837328	12.4970854624736	12.4222831044707	12.5176881864335
O43294	12.7899687697668	12.6831438070514	12.6230566692099	12.8839730649579	12.9010161935304	12.7239551536637
O43299	12.8934668901971	12.9318592305874	12.7654196593967	12.9229471339122	12.9650521345169	12.9614905145574
O43301	15.4104800750565	15.3691166221108	15.3292261759989	15.3472937121714	15.4119782333411	15.3012554329513
O43303	10.9577940680535	11.3006770820189	10.8205580965905	11.0852218249839	11.0026275246491	11.0101775039064
O43306	12.0123964441833	11.9823020437052	12.0553909174245	12.1946608768506	11.9826009656975	11.9822067796857
O43310	12.0310705924678	12.0931948269327	11.9210364314144	12.0269592844713	12.0899012720826	11.9828486849568
O43314	13.8974102587149	14.0197476295272	13.9892674285209	14.0313600181817	14.0397202887331	14.0024059639877
O43318	14.7922794980215	14.7179014469294	14.7777753572636	14.8018450965678	14.726452124591	14.787672306323
O43324	14.8256658537339	14.8432574335239	14.7676356987172	14.97819828264	14.7600640754411	14.740501780634
O43347	10.3013356493625	10.6432359252209	10.7669980732506	10.5022207540117	10.0692584923756	10.6118481367981
O43353	12.4868482549948	12.5477603218734	12.4892592783531	12.4830522359654	12.7168370622291	12.5388219095952
O43374	9.55661554055487	9.40849454218083	9.30665907766444	9.10807054280067	9.4353378988171	10.0357114800817
O43379	14.6207253166834	14.628689860343	14.5555650871846	14.5804072017884	14.5936347298222	14.5225687809236
O43390	16.587592798213	16.6242711314522	16.4698184386442	16.6530770601969	16.5216282420827	16.6251977067958
O43395	14.2281039815076	14.4244005605951	14.2268493046388	14.4703762827144	13.9706235559763	14.5925472368224
O43396	15.4254121489339	15.427976863246	15.529863778681	15.4940470924011	15.6350636841179	15.4164917686019
O43399	14.8602123587905	14.863116807832	14.764825229849	14.9004717071279	14.7323284072412	14.7193904267382
O43402	13.8793348837344	13.7391302818973	13.8398394158069	13.7377933277535	13.7290996559934	13.7008423590106
O43414	15.1004069346634	15.0284527030069	15.1118622984201	15.1289650189241	15.027748037106	15.072377566178
O43422	12.4351891167473	12.3939617643317	12.4902252475332	12.2970104970531	12.3847253796755	12.2214914951299
O43426	13.1570567111793	13.414164033582	13.2946644809692	13.0545305952181	13.2404981164647	13.3736422362933
O43427	15.0424001116109	14.9449748575946	14.931676724483	14.8258727675189	14.8657382529188	14.9581089929197
O43432	12.860386299529	12.8764803105426	13.0396706675245	12.7526060074584	12.7470495013385	12.7723483277976
O43447	15.9816509843851	15.9551385155894	15.8284231696362	15.977002925492	15.9873079644097	15.9031648662344
O43463	12.0259889596043	12.1612707736199	12.2383201256546	12.2596388880191	12.312152045161	12.4003770970981
O43464	12.8846997340653	12.6916296486446	12.8120748815605	12.8738107904253	12.8987351354171	12.6800965069406
O43482	11.9792040973431	12.0733593261144	11.9236346232903	11.9790353654567	11.9666843822836	11.8226972335934
O43488	16.481717807338	16.5265002860383	16.5201650811487	16.5756939533886	16.5266985809574	16.4151998142292
O43491	16.7002457745121	16.6622213073797	16.6878089120523	16.7052186874831	16.6879576024844	16.631501424495
O43493	15.3681715897195	15.3755475336248	15.3247777131982	15.6047262091419	15.5172483601828	15.5780998725079
O43502	12.0417737684024	12.235113799788	12.2085404667482	12.0340217615099	12.2356301966887	12.2835140037014
O43504	14.6885818038931	14.7495494838584	14.737107324753	14.6559512223385	14.6951945472557	14.6991862075795
O43513	10.2374873497291	10.2637181474854	10.38470367625	10.168724469417	9.81966620547549	10.3505480568463
O43516	14.1083234619871	14.1867821906032	14.1835630159176	14.2273698694255	14.2613908458818	14.1693423955691
O43524	11.8354647854596	11.7566714358094	11.8414272281671	11.9276887588362	12.0928937293458	12.0012479743716
O43556	9.48161046613129	9.7135578431759	9.64050524392842	10.2160534649228	10.0673006362096	9.64908056241859
O43572	11.5366919668836	11.7040713707216	11.6167218712934	11.6647574134365	11.739675076882	11.5101335236628
O43583	14.6507950244159	14.7351189488588	14.797729059438	14.7734520660512	14.5051344566472	14.7506883877347
O43592	15.1406919160358	15.1483996512573	15.1220521868953	15.2328806285991	15.1175160241807	15.1495237620345
O43598	12.1617185823649	12.1966068362295	11.9542892762334	12.1852884516028	12.174067144297	12.1114295744124
O43615	15.7629368465084	15.7808560154723	15.7531356417566	15.7416055460456	15.809229879646	15.7827141035212
O43617	14.6089467499511	14.6652328900195	14.739177336983	14.6711966842721	14.6086460729258	14.5409357456332
O43633	13.876217266631	13.7512182367082	13.9132868112374	13.7490747049528	13.7637883183134	14.0229883722635
O43639	15.2040643587958	15.2329916926077	15.1727097519887	15.3349744391987	15.212205486849	15.2900820031895
O43657	13.4082309417199	13.5010730434227	13.4387756437343	13.6080604471084	13.0609806861046	13.3938760830678
O43660	15.7340725189186	15.7526840975213	15.7968525031164	15.7375452580374	15.7727255344523	15.6551756428713
O43663	15.0273514525132	14.9973115868964	15.0058337291322	15.0775259252361	15.0913474731806	15.0687537536806
O43665	14.6446897025701	14.5727318100712	14.4870664686775	14.5962016321768	14.519217721624	14.5571188357305
O43670	15.4462765216539	15.4162269678496	15.4445429075051	15.322825756663	15.1388003247682	15.2888427627996
O43674	12.0029948427462	12.0986421048462	11.9812103426934	12.1264443082003	12.2600187990944	12.1492328083989
O43676	13.580181926407	13.5933190454912	13.5237706388783	13.5307113841426	13.7096278515661	13.7121381212733
O43678	14.0889203431064	14.1722062758557	14.075884152815	14.12346622613	14.3332822870475	14.0288460247482
O43681	15.9401588819766	15.9639206649906	15.8401109964196	16.0098502716941	15.9157738675688	15.8321308846728
O43683	14.7508737267705	14.7638023056151	14.8264612287367	14.6397550847426	14.4978873432363	14.7198256233649
O43684	16.6850530633052	16.6588121851323	16.6446880426854	16.6472384725792	16.6645514805186	16.5060659026287
O43707	17.3236843686097	17.3253594014085	17.3139542485505	17.3602944074896	17.3599003558984	17.2417018336781
O43708	16.1407175594017	16.0784187348317	16.1154494036823	16.17866065069	16.1683898110393	16.0705048427747
O43709	14.4221583912221	14.4807058850241	14.4496730710539	14.4307285694471	14.4715215955054	14.4151751943424
O43716	13.3604564838832	13.3155400105239	13.2461130682523	13.394304349037	13.4386264126657	13.2399391517104
O43719	15.3346067001811	15.3209995954033	15.3752783515525	15.1242529969164	15.0069795021777	15.2097329262815
O43734	11.0948980905103	11.1887480128863	11.1915297641829	10.908249856033	11.1344209545091	11.1878320540884
O43739	12.5627675946951	12.6606803768763	12.6110068489069	12.6345519722422	12.6166537679548	12.5742296374625
O43741	11.9923523300672	12.1304457543473	12.1551192030517	12.1873975901095	12.0955828448753	12.0224334628703
O43747	15.5077208465006	15.4726471836807	15.4879753497946	15.5989023971124	15.4863115840583	15.4517424585586
O43752	11.4705583666218	11.5034195282215	11.5468567478934	11.6210176004851	11.47190981363	11.7067476011187
O43759	8.48080343239665	9.29048550246518	9.32883249949121	9.26255540172593	9.07067627849712	9.27681187281277
O43760	11.9432341363691	11.9388111481471	12.0196888225135	12.0037527002974	11.989344041882	11.6075452215706
O43765	16.341944838558	16.3312221500237	16.335746436722	16.3745750387978	16.3938148052559	16.2056156506387
O43766	10.2423871307147	9.98453848410095	10.0957681127628	9.87365399228876	10.1563213407828	9.79614225596148
O43768	15.0226542778236	14.9605677267645	15.0539527372486	15.0619770760692	14.8114000490227	14.9308247644891
O43772	11.0343400349939	10.8275591673891	10.9131206264846	11.1857164698803	11.0274509944969	10.8707267680429
O43776	15.5345098857706	15.5247608238614	15.3523829912774	15.4259733097265	15.5419406917509	15.5400188269081
O43795	16.5300640257487	16.471590741187	16.4801403861493	16.4144605041087	16.4936884042761	16.3835940932493
O43808	13.1614591576735	13.2583896839259	13.4111139543168	13.1700379819523	13.161810828299	13.2022927484626
O43809	15.5434037923665	15.577270567757	15.5404960534186	15.5633706714642	15.4696165759714	15.4589548450287
O43813	15.3987408444949	15.4162538769417	15.3685057308847	15.464049593062	15.4543053693309	15.3512273943852
O43815	15.1906242607304	15.2014475379012	15.0717662130852	15.2149847106378	15.2447183977345	15.1774798230574
O43818	13.6037656548648	13.34153378416	13.4799906536074	13.5177499545679	13.5130565355477	13.6201718727253
O43819	13.5879303735036	13.5590776659451	13.6571731241626	13.4578414755103	13.4900824972795	13.5060864821296
O43822	8.00657594668486	7.72864625641506	7.88267582366641	7.64791740879715	7.83296502871247	7.8527291895916
O43823	15.0747958409685	15.0607790629326	15.0711426316872	15.1148832006165	15.0631325001538	15.0560977953528
O43824	14.5913668253372	14.6199315246044	14.6825997337994	14.6108486904613	14.6067859412463	14.6486398345648
O43826	13.5832071208781	13.6100235784888	13.5978196205529	13.7299194635732	13.7355133477948	13.6379986174478
O43829	9.17943556379833	9.4005606829493	9.56910313988146	9.2210269179651	8.76661338277371	9.63588328733805
O43837	15.7361733945937	15.7211565172818	15.7255420268023	15.748055438579	15.7459523837962	15.7170008285772
O43847	16.6202774051709	16.6557084189137	16.6188417861694	16.6729298993163	16.6502976389145	16.6029253952648
O43852	15.0971627969212	15.0932608719604	15.2108977079264	15.2053169327797	15.0622764603088	15.1400851987512
O43854	16.4708908473515	16.4468801716366	16.3982620921281	16.6528251388024	16.6191103450788	16.5866324332248
O43865	14.1240988347769	13.8427592544045	13.9966727046796	13.794223423201	13.7843986113859	14.0057938191024
O43896	14.3551752533593	14.5217519971478	14.3941938190339	14.4187706031052	14.3660133310818	14.4780695853601
O43909	15.0802097886003	14.9536431316511	15.0609507336649	15.1365515701389	15.1110656754411	15.1174456611358
O43913	14.5124393849905	14.4337124739469	14.4991574254086	14.4346315701012	14.4675919072187	14.4617896180844
O43920	13.7323802379373	13.761136783325	13.7149397437383	13.7598284482316	13.8460745809396	13.7786604640054
O43924	12.274990083192	12.1754081193445	12.1474410624488	12.0965997427621	12.1603794280067	12.0903233546728
O43933	13.6899724771481	13.9175480249822	13.7626720107128	13.6624741442974	13.8882617603179	13.8246950605547
O60216	15.874582616988	15.9629812657473	15.8490906783011	15.9750535995637	15.9274524129065	15.8034331737099
O60220	11.31895057031	11.2780278572639	11.5459231353015	11.521422897938	11.5441436618976	11.6105942702017
O60231	14.7522252931999	14.762471767744	14.7373515395228	14.6597326522857	14.6908138939439	14.7772132748051
O60232	13.3133019949131	13.1768306702799	13.2371847809362	13.3556031662186	13.2767341450946	13.341223567819
O60239	10.3452885544008	10.2729567410006	10.5472242223506	10.2831687189873	9.9290953085711	10.1579316872534
O60244	15.4959613111273	15.559277568607	15.5716686633508	15.4449031958043	15.4407547352718	15.5330977052318
O60245	12.0150297750068	11.6980006612592	11.9098786357364	11.8221389865058	11.8829303312568	11.5489760977999
O60256	15.6419978694256	15.5821063430859	15.5318639760128	15.4945496334215	15.5722600162986	15.48406397506
O60264	16.6954526193891	16.584089338235	16.6593868347353	16.4645216900884	16.4802158145622	16.5695214031908
O60271	16.1648946578738	16.1889661394153	16.2134942674189	16.2289539633452	16.2367041144081	16.1802051580828
O60279	11.7068797282348	11.8928172629532	11.9812246570968	11.8565813573982	11.6514588304899	12.0961960930631
O60282	13.7047645262417	13.6744870088785	13.6691593440551	13.6103494847645	13.6193820541266	13.5728069768528
O60285	7.85824584043134	8.947985842602	7.92876876814659	8.71370056027745	8.05168993902248	8.75718107265618
O60287	14.7283530164969	14.7521360922693	14.7913110292868	14.6782221817217	14.7968503604338	14.7654418936538
O60291	11.5171932298535	11.2249787475093	11.215049202109	11.3507076016181	11.3418299520175	11.3807259655108
O60293	9.94882022402876	10.0902192400571	9.65410903719316	9.96798044076866	9.94150702127206	9.97190379360108
O60294	13.5315541318404	13.4549454124529	13.474061051465	13.5647350573233	13.6190176756323	13.6783783280462
O60299	11.4399342790732	11.0817915787057	11.3654312137692	11.2619409984181	11.2641403788952	11.0311172448776
O60306	16.0814025719147	16.0586894663152	16.0916946025994	16.0745385160849	16.1015041095773	16.0857944152147
O60313	16.508361102198	16.4865804486119	16.518352520977	16.5121281439596	16.4888572384706	16.507304800956
O60318	14.9087154438112	14.9110641778519	14.8862257168422	14.8467808689929	14.8355501159056	14.8359826442986
O60331	12.9283867545888	12.8448795042681	12.7250626291836	12.9271449042833	12.8013673992882	12.815286221442
O60333	14.2057567323156	14.2751918210873	14.2442026991458	14.0149301938523	14.264147055872	14.173591328252
O60336	7.90879658677941	8.19050803498988	8.15890187332043	8.4995836694775	8.4335340906962	8.06248316845225
O60337	9.80433536949787	9.39700819617593	9.50833763945143	9.94855159784158	9.95973536382578	9.80278198178195
O60341	16.4321869819948	16.3697731761035	16.4054174230197	16.3229777627715	16.3116189635683	16.289523444902
O60343	15.6831638036968	15.6462522182376	15.6520008737744	15.7266806876222	15.6809280243236	15.6329683439795
O60346	11.9615240620245	11.7599047140824	11.696270362564	11.9247252893918	11.5093289924353	11.8578634040674
O60381	11.8123862636269	11.8884709419759	11.8047916598863	11.7637158537075	11.8821926930504	11.825479681243
O60427	12.5243374046473	12.5726829121163	12.6081918061974	12.7237994965825	12.7582011870582	12.7053909253045
O60443	16.1375265425466	16.1482019648295	16.2327912659831	16.3250272673511	16.3355124478198	16.171518337382
O60447	13.0656395384674	13.0827309926513	13.1500171890587	12.9983838619673	13.191027072531	13.1654879225063
O60476	12.9538363260862	13.0143347334033	13.0242147901108	13.1224752695103	13.1169600934089	13.1314919050073
O60488	15.0084315803847	14.9051702504841	14.9059624503235	15.0521888907794	15.036413260907	15.0092226691331
O60493	14.3888612280504	14.3017144173243	14.381929875741	14.1991837718011	14.1025242909963	14.25728658437
O60499	12.5197551618802	12.4295828391846	12.6234373414507	12.6444227605964	12.5513952147135	12.4730110324737
O60502	15.4184995565392	15.4911446789761	15.4626877478332	15.4311673540841	15.4453332745493	15.3221663885629
O60504	15.4197241736757	15.4198419120647	15.4145324040079	15.5648721676137	15.5274614774161	15.4032474261083
O60506	16.7258634210986	16.7894398896055	16.5994551064067	16.8316277557606	16.6492276729725	16.7694764253194
O60507	12.594740578047	12.6083167208351	12.5355645854254	12.5706441002831	12.4276751664856	12.5739305862658
O60508	13.2618215212911	13.0577995479434	13.2470137296685	13.2220662124399	13.1107371086422	13.176334818079
O60512	12.6934584794942	12.8102730786684	12.7106519882412	12.7368697550417	12.7953920472811	12.7887229969249
O60518	13.6448222793326	13.6156032401414	13.4526585540015	13.5840010147896	13.5929469792237	13.485684929785
O60524	12.9889012670798	13.104138247552	12.8862863923247	13.1911211504916	12.6842048973005	13.3712633380965
O60547	15.1523291406534	15.0513742125988	15.121458088604	15.1786763296177	15.2185153631451	15.1841454898497
O60551	14.0319739097179	13.9514912828508	13.9604842231175	13.893153807954	13.8956912640473	13.9063507119509
O60563	13.3884407536148	13.4346846923653	13.4669037523186	13.2982109250451	13.4881675460264	13.3676385926367
O60566	15.3417838572237	15.3479500600207	15.4189907005334	15.2903947204756	15.2241481673976	15.4369525123251
O60568	16.5269786865803	16.5855367458056	16.526942852975	16.2889987883568	16.3437234703695	16.2039193546679
O60573	13.9910196992823	13.9755385594521	14.0920446850719	13.9910881911974	14.1311547712814	13.932409086013
O60583	12.570302410911	12.6462641255451	12.6962333017118	12.4686540157217	12.4254390825709	12.6825492145324
O60610	16.9167086546257	16.9169801290143	16.9321298839072	16.9367599203665	16.8497476216934	16.8451847825724
O60613	13.9902057814777	14.0095310468565	13.9144491940028	13.997036407794	13.9737176843389	14.0173394603568
O60637	11.4756939829504	11.40393955472	11.3139517622252	11.5678419756798	11.2775546627847	11.3625555755235
O60645	15.5082320987182	15.5404499116416	15.4996955862507	15.5493158656501	15.5330118942972	15.537945009366
O60658	7.80960374789995	8.35738777770206	8.2630301411105	7.9867145060706	8.11977155464462	8.2424173032172
O60664	16.5292927087388	16.5369508900007	16.5422629821938	16.620998506596	16.6714339383233	16.5188970307103
O60669	10.5279584192969	10.3846945560115	10.2205892511798	10.2638735128355	10.449856823483	10.7837456198076
O60671	10.8113137822034	10.7600507284584	10.8318978480437	10.5546008942188	10.5893348969322	10.5222448875286
O60678	14.6722456242664	14.7013841956888	14.6438091597566	14.7220566942935	14.7102518884397	14.6745039241056
O60683	11.5516050676912	11.5061514254927	11.5272552333809	11.5232867966293	11.5320434355094	11.4821660660858
O60684	14.1202235473711	14.1485107867104	14.1682705908533	14.1756534945926	14.1205189272368	14.0636796323103
O60701	16.2275059224036	16.1959826000252	16.1379157855843	16.3299289206119	16.3495689960274	16.3050998937603
O60704	13.4605492326148	13.5571957429657	13.5370405930615	13.3214265484934	13.3372381488766	13.3894363286636
O60711	11.855799479156	11.8084094114612	11.7153035998699	12.1174144370399	12.1385031466153	12.1340101110051
O60716	16.9594263316704	16.9722362927852	16.9669542702151	16.9785521294637	16.9127867474826	16.8822021460442
O60725	9.9191237249413	9.4091080913197	9.15469406261044	9.79415519956386	9.88896339495112	9.8406182026158
O60732	14.0662616194449	14.0228004283626	13.9391234997939	14.0384765732221	14.1848424683261	13.9519474887706
O60733	11.327803831213	11.2634212910434	11.2918294531401	11.2275892898467	11.0706640621549	11.289540642095
O60739	7.81613319780807	8.61220902960028	7.61781336548269	7.7963678985536	7.93344148810754	7.66089466003891
O60749	15.1012912937614	15.1852558943484	15.0401246444429	15.0476453114418	15.1669795680692	15.0616363831712
O60762	15.615014188738	15.67041239766	15.651112658733	15.7098936089843	15.6300602340932	15.628721839603
O60763	16.8084264351234	16.7809540817182	16.7990215796458	16.972469559116	17.03457665671	16.9136750524955
O60783	13.3705124682934	13.5704563001044	13.4208013053069	13.5734771369563	13.6221135262511	13.5759732264802
O60784	15.1568829516152	15.1797698900138	15.0592413891872	15.3394541517195	15.2967187128644	15.1470874710249
O60825	15.2331092007628	15.2500327682788	15.2585378395202	15.2935707564595	15.2118247413066	15.2739975207203
O60826	16.0622071082791	16.0898432294777	16.0961267091036	16.0437015641859	16.0074165315372	16.0414843494525
O60828	15.3429324288193	15.383656691467	15.3820359292894	15.3990614766202	15.4293687145962	15.3366870042176
O60830	12.0696786849346	12.3356326252272	11.994483034053	12.2343489628352	12.1818639056899	12.1200463225331
O60831	12.5025358355702	12.4567058217899	12.587800132817	12.57483937814	12.6125479691169	12.4489605943064
O60832	15.6262090113619	15.6236519525218	15.5464420179173	15.7717531630952	15.6317829810618	15.7507833246193
O60841	17.151756801654	17.1877815988449	17.1769918692069	17.3745324258644	17.1820217974106	17.3405617141176
O60869	14.980875274978	15.1172719275306	14.9137739073675	15.1214766405032	15.1332699312447	14.9488888221729
O60870	14.7547197973515	14.8971978769725	14.7866402178711	14.7866847193239	14.7747096844675	14.9244683348136
O60879	12.5095639542778	12.5096726998239	12.3273186565117	12.3982236505877	12.6471909616964	12.5076981008875
O60884	15.7177558967308	15.7545911835988	15.6735817057231	15.7848595969968	15.7104275798952	15.6794516796617
O60885	15.2486049257878	15.262744048015	15.1829707724951	15.2578123616099	15.2764332819844	15.2671990339188
O60888	14.2691805508799	14.2919215659538	14.2663650650871	14.3729114668839	14.4902354922949	14.3138933542709
O60890	11.5723586369475	11.4187589916136	11.5041297158311	11.5277484773142	11.5796925673427	11.6172954488712
O60906	12.7449697997261	13.105573656616	13.0011250479029	12.9361842554426	13.0708747795609	12.9543741085966
O60907	13.9419386299639	13.992497849697	13.7497141797463	13.8878350248278	13.8330136430114	13.6913727607087
O60911	11.7628296553057	11.7370221093389	11.830043210886	11.634928599602	11.6647032357013	11.7780937161059
O60921	13.2709180876903	13.3607318285422	13.3544327184362	13.2613559447733	13.3178680550897	13.2362458747209
O60925	15.7183087763949	15.6250003970563	15.5710024464543	15.6342541928724	15.8454345542226	15.5746520223339
O60927	12.9489462262021	12.8587536355914	12.8420323065385	13.0099159453014	12.9872810669398	12.8831250081245
O60934	15.4133842978567	15.3869032779546	15.4046943292301	15.3577875733453	15.3499797193398	15.3592206984008
O60936	10.2190845042526	10.3652232386586	10.1990143320525	10.1616101579203	10.2538102322464	9.95143222609063
O60942	13.4176186880066	13.5590357075485	13.4630010605217	13.3340606690733	13.4060648177659	13.4243818942845
O75027	15.6597458491119	15.687604080838	15.6513195829908	15.6117514708678	15.6174821512271	15.6141438913377
O75030	9.33727202688608	10.1918075422632	9.9844167976965	9.61854070403291	9.45510722065077	9.63368847155687
O75044	15.8402503270894	15.8579796812864	15.7385645840369	15.8515067978613	15.8306756017278	15.7955168281207
O75051	9.66231501647423	9.64331042727575	9.70462612349219	9.99753592516182	10.0830107192983	9.84319138113544
O75054	12.6726425546583	12.7687270324971	12.7165754068544	12.7300774034905	12.850473237658	12.7950185057105
O75063	13.9431919702459	13.9839015620563	13.8962284251351	14.0653722297089	13.9622661540322	13.9492019645957
O75064	10.5551525610636	10.3416798493332	10.54464993336	10.3818389441316	10.5738605691449	10.2435972979512
O75071	11.5923707796577	11.652796563529	11.7129725575511	11.795966903903	11.8305610800429	11.9437264970823
O75083	17.1160887599467	17.0394477936456	16.9474347875496	17.0691265713412	17.0433068187192	16.9829974697556
O75084	12.932938843272	12.8059283590535	12.8238285118824	12.8664951001626	12.5902917601683	12.858907484084
O75110	11.5710229979226	11.5366380446972	11.8451010905225	11.5498060449805	11.5277248640069	11.7004974842096
O75113	14.3434113611932	14.4476649315423	14.383951343708	14.4955644400351	14.4232969977737	14.4746703770788
O75116	16.3297409007098	16.311200574236	16.4052518953732	16.4057408853393	16.4289439504044	16.3854115781986
O75122	15.4824295334056	15.4576374852837	15.4447356182222	15.4344374210266	15.3981968841525	15.4564562006979
O75127	12.7160917641574	12.8607393963522	12.8739672449981	12.7145206398324	12.7628510701803	12.9168399404659
O75128	13.9632541355987	13.8952074488551	13.9163033173373	13.8371394687372	13.8867559923668	13.8867022999587
O75131	16.618191971292	16.4565324280395	16.526660901846	16.4962629975248	16.4774265117619	16.415027616336
O75140	9.29290323978824	9.64593416963305	9.58868355553538	9.42520855713149	9.2595875061317	9.43312520648847
O75143	8.98407485219943	8.63587855484284	8.81358098698821	8.68536025304531	8.16569626668243	8.84201972448979
O75144	8.93256463387061	8.77660872990415	8.56255509930372	8.53949865305037	8.56655025573815	8.06611012579061
O75146	16.2096365537877	16.2247659988637	16.2732617958848	16.1969226222967	16.2679662258675	16.212148897859
O75147	15.1002278083165	15.2207466663003	15.2367801546424	15.1877596952256	15.169262892293	15.2914955270298
O75150	15.2564565810423	15.2714195716349	15.3290184547287	15.2535375534131	15.2857563105175	15.2953370130339
O75152	15.2498187908369	15.4034595521786	15.3336224231453	15.5303281884948	15.4315669133273	15.5605384843392
O75153	16.059134909849	16.1239890041927	16.1121243896462	16.1040507578942	16.1216252572793	16.0906254934426
O75157	11.4555339077161	11.514738769381	11.3926037885276	11.6407288536985	11.3325680087665	11.5390335428447
O75164	14.1460940391864	14.2367317837845	14.2487494518167	14.070686207755	14.1705946783794	14.2043033931305
O75165	16.854856367255	16.8874460761838	16.8407042998884	16.8875943318017	16.9257114058054	16.8906225679661
O75167	10.9123922939653	11.0921649856519	11.2287571539003	11.2837463835631	10.8485098408347	10.9039451913481
O75170	13.4190507987976	13.4348353444045	13.4896719068203	13.3950666985734	13.5268313238814	13.4086107361268
O75175	15.0353784393252	15.0532862899691	15.0766501447184	15.0476948569328	15.0357962349477	15.0255268817522
O75177	13.0232433114455	13.0570272730712	13.1405568283939	12.9891993232099	12.9870804323966	13.0116985253266
O75179	14.4786453047747	14.4735447483711	14.483900127063	14.4683346027965	14.4932430005753	14.4362916622988
O75182	14.806658083192	14.8408186187057	14.7872154943176	14.7895230739072	14.7433904708901	14.7650781987981
O75190	14.3365194558881	14.333545589057	14.3483644001245	14.5018597534844	14.3760143041562	14.4530486163221
O75191	13.3091508860795	13.3080917073275	13.2606482731382	13.2698966905052	13.4716401420561	13.2465889648584
O75204	10.9277722625188	10.6497403386592	10.8067396042177	10.6948717981461	11.0665902566894	11.2424876969429
O75208	14.9402383868132	14.9109757050944	14.9383979301453	14.9269955750054	14.9672061805395	14.876401325824
O75223	15.3109390123675	15.3081353959496	15.2716511648046	15.4701039205825	15.2593868841827	15.1880197375552
O75251	14.6149797094593	14.6083507108193	14.5109111758669	14.6329583821551	14.6896729010134	14.561006960473
O75306	14.6562104954192	14.7679141736201	14.6785424021854	14.7496548093726	14.7525623505084	14.6559782811756
O75312	14.2708243636496	14.2756327144378	14.175021020153	14.1016505898588	14.2437164617305	14.1509206771902
O75319	13.1544024924323	13.2724239607924	13.1897191070971	13.3257563128589	13.4493716042692	13.3208707600738
O75323	15.0973138837055	15.0177851627895	15.0139376405734	14.8158712617762	14.8657963356532	14.9071323051636
O75326	14.1998569952295	14.222881006229	14.0690918215752	14.1178996712144	14.1464258593077	14.2364776614057
O75330	15.0658816152896	15.2110903025569	15.216630771229	15.0844812173669	15.1909635031011	15.2076539156929
O75339	12.2017430849137	12.0325558858914	12.1204783472725	12.0470593846555	12.2872069496798	11.8768945579591
O75340	14.5847607327743	14.6285199296937	14.6167356928372	14.6115136607409	14.6974347839071	14.6589237285197
O75347	15.0098043904894	14.8732829116421	15.0383005695192	15.0587282386704	15.1028756401442	14.9560410203632
O75348	13.1892764029833	13.0197162438906	13.1941133346676	13.3965722156858	13.3548789228888	13.128167986151
O75351	15.7475124537644	15.7719965214824	15.7297197903871	15.7761191803228	15.7891807341922	15.6779101747169
O75352	14.3709876952728	14.3686351000334	14.3706683439566	14.3226906266755	14.356784989764	14.3276525280188
O75354	10.2143696423797	10.3575240159609	10.2943030257943	10.2187979564697	10.0539904348385	10.3062151663244
O75356	14.264428808889	14.2346652136592	14.2145195973681	14.1914231200406	14.0108704059445	14.1984054007858
O75367	15.7580390130782	15.7322641439377	15.639844288603	16.0636918227837	15.8230293903308	15.9994946269583
O75368	15.1470174153623	15.1893600394206	15.0739634907607	15.19022152839	15.2290949395915	15.123807926655
O75369	17.241680720121	17.1510550450906	17.1352615069151	17.1784471950037	17.1547539696179	17.0627634031973
O75376	12.3111539889644	12.2996818377963	12.2964588950205	11.9673547593997	12.2162107200855	12.3215693393709
O75379	12.1530599258993	12.3449044355577	12.2957454258536	12.2863430156227	12.2501795620995	12.51190461191
O75380	11.9008241757555	12.1339892548861	12.0417671304436	12.0802617908649	12.0192626942383	11.9116035820443
O75381	15.1249541195174	15.130997509825	15.1451717928347	15.1139417721028	15.0526736643735	15.1165145819012
O75382	14.3353074223992	14.3940482423028	14.3662432764158	14.274288280678	14.4413022703797	14.3952691566004
O75386	12.0965712621051	12.2992593159159	12.2297937243263	12.2649485149931	12.2397540350692	12.3096304431237
O75387	8.75918355909604	8.37553001522733	8.98860981093918	8.91716279086213	8.21609199145637	8.79429655578076
O75390	16.3640809137183	16.3562837378864	16.3710803012606	16.4370003658	16.4618354520702	16.3635025377556
O75391	14.5402965421765	14.7188882394582	14.5370077281435	14.5735572042002	14.5584836444326	14.5929024460567
O75394	12.1828830812544	12.2725353491933	11.9795059138098	12.1015355232546	12.2703127219515	12.1691130980633
O75396	15.5301678218478	15.5382609074019	15.4233002706493	15.6329698256782	15.6812138416169	15.5240254020142
O75400	16.3864728370876	16.4226236614076	16.394925215887	16.4407971225458	16.4389819427038	16.3074982985688
O75410	15.7744609445873	15.8003699017968	15.7653500448221	15.8910633691987	15.8412225769587	15.8670177086423
O75414	10.987255510227	11.0893533159101	11.2699720896323	11.1894917931589	11.1880823797793	11.1349904961496
O75419	13.1607722199927	13.2352250170628	13.2546904050564	13.0842161954466	13.0339361316201	13.1878208063637
O75420	14.346383995198	14.3939008807308	14.4521112689379	14.3175469638404	14.3657644387541	14.3434574812392
O75425	10.952511722343	11.079177925257	10.9358691442556	10.8040392657802	11.0686102467665	10.9762604612307
O75427	14.6101437601332	14.6707353753747	14.6620662972172	14.5833128608706	14.6059558698966	14.6304934253449
O75431	14.5475233960306	14.5454325928105	14.6205149438661	14.6846133329571	14.6332506373757	14.5593522285062
O75436	15.6892541520681	15.7369926559526	15.7826081302962	15.7023104617292	15.815920570525	15.743140577815
O75439	15.7268080783695	15.7760707212258	15.6969405364349	15.8373125355945	15.8973057031691	15.7432970015641
O75446	12.8258337783027	12.87511695365	12.8381767512733	12.9867383861303	12.8209994392222	12.8334283350514
O75448	14.9042049525397	15.0373518523637	15.1112083949046	14.8752764896942	14.970301499936	15.0563996790057
O75449	12.0074295056222	12.0477698002656	11.6885367531584	11.8294047965103	11.9603948514222	11.9154124915145
O75475	15.4370984317516	15.6003211770565	15.4988628043013	15.7818749246564	15.3247176102843	15.8215957985619
O75477	15.7167478459199	15.7550881646061	15.6293897475469	15.6907967408809	15.6979640246479	15.6925085847058
O75487	14.1594336603933	14.0558497194116	14.1621870207984	13.8628976420592	14.030076788613	14.0196470209611
O75489	15.0733694690281	15.1076215859377	15.0388452404395	15.0848641976171	15.1606699823149	15.0591921864221
O75494	14.849910781647	14.9661303855059	14.9058488678192	14.9018300795643	14.9074026748816	14.8366740389866
O75496	10.1891098498918	10.1468227381138	10.1828116847449	9.48431650587128	9.98123686238705	9.88681576088154
O75506	13.6600983008567	13.6167858320588	13.5275701497617	13.5559454296513	13.2693097816087	13.4458553610523
O75521	14.8628433213272	14.8622414277685	14.7525316728344	14.9069705275421	14.8630595076909	14.744644317901
O75525	15.2865140680878	15.3912877301519	15.3188146280401	15.4524658033477	15.4329690468882	15.2894843000507
O75528	12.1490478041074	12.1560846977509	12.1114822530722	12.0750343738833	12.1221723945509	12.1601118519709
O75529	12.9396812047491	12.8269627841734	12.8558756206386	12.7316477100099	12.5978115852395	12.8980517173599
O75530	14.3895071834995	14.4383973099057	14.3652324114999	14.3171705720767	14.3141334263389	14.3187755582409
O75531	15.2496837580046	15.3339657621733	15.2143038190115	15.416474393686	15.227983847343	15.1755781842036
O75533	17.1594982538824	17.1576375686362	17.1228989829765	17.1173601982811	17.0795192935281	17.0409389424466
O75534	16.5240733626833	16.5544150774859	16.5237680284136	16.5346204482645	16.521500047024	16.4325296461627
O75554	12.6010560794195	12.4544120936369	12.6797386386741	12.6829577978629	12.8371398824624	12.8129909373593
O75569	15.5306840318627	15.6170243976421	15.5678484527917	15.6272788363706	15.6408084114234	15.5727197098309
O75575	11.6272833630821	11.6540264865913	11.5981183393382	11.772544122821	11.6530698507693	11.8866910399911
O75581	12.742214762062	12.7928046438879	12.8198398904568	13.0080650289496	12.8941103964643	13.0083141743495
O75582	12.3385988386908	12.4642269502113	12.3152753018759	12.1556718431168	12.388300268386	12.4643756829654
O75586	10.654539531432	10.410586111161	10.5870008271119	10.4091189863416	10.8164716077148	10.3223713270248
O75592	14.4605352778997	14.4946223995586	14.3638798290711	14.3451475645491	14.3644601633447	14.6329988082692
O75600	11.9138788049515	11.8833231769406	11.8423928677484	11.8526408829184	11.9100430835135	11.7485595906596
O75607	13.9076881475006	13.8601545722121	13.9736468228959	13.8608126569756	13.8504892471365	13.8503515306595
O75608	14.1167316281664	14.099857363329	14.2389390962375	14.2887952569475	14.3860979871312	14.2593471836106
O75616	14.5671002407143	14.5105146649306	14.4448342346251	14.5531203413371	14.5566906768316	14.5840556988147
O75618	11.1599971142927	11.3085674382233	11.3503156626856	11.0360902648264	11.0259377713493	11.0334600047907
O75629	9.00405904402547	9.55660868344648	8.7858875081994	9.91547205965704	9.07484821190048	9.46727686936775
O75643	17.7297961157549	17.6552016783312	17.6509745287077	17.5227211302178	17.4415520474684	17.5427786237643
O75648	12.4788818541377	12.4543590163019	12.5049513741585	12.5167809390699	12.3593125001308	12.476537307124
O75663	15.5887846505227	15.5757193850404	15.4606665599989	15.6138063418328	15.5601762280796	15.3968427403643
O75665	12.2281221972391	12.3416081099369	12.2623058330393	12.312395784955	12.4078887728252	12.2720691620342
O75676	10.863499580047	10.86568688421	10.6663131767803	10.6777901309852	10.5236878550966	10.8149949591302
O75683	15.1009588025233	15.1982399975616	15.2209514679627	15.0297342876555	14.9755717966558	15.0677513576825
O75688	14.9310765602865	14.9552761302972	14.8974022574113	15.0255025306585	15.0480101077956	14.9017679595072
O75691	16.1662238843916	16.1373720029304	16.1943147691535	16.1334080658328	16.1321790832499	16.2211679221046
O75694	17.2427422125745	17.2538541803113	17.2634399795776	17.2292885594134	17.1778049244852	17.1668731281452
O75695	13.964274781561	14.0653893114802	13.9849326678183	14.0551163429598	13.9745038512581	13.99006098903
O75717	15.3865887192227	15.3248655886373	15.3888510309045	15.1686282384244	15.2728133763343	15.2505658725007
O75718	16.3841861382231	16.3847250189416	16.3009432540732	16.376390662872	16.3217815081973	16.2879743655994
O75746	15.4396900763805	15.4906993053447	15.4812228730593	15.4145289787937	15.5399395306014	15.5206980048054
O75781	13.5789169353849	13.6389572492215	13.5517338679788	13.519206386013	13.52748233872	13.6433964495807
O75787	14.3033366574746	14.2740983951533	14.330561064169	14.3417048066449	14.3462823046767	14.2385172732336
O75792	15.1565838945538	15.1418686575127	15.1650520538528	15.1568979976159	15.2112042569372	15.1745973364736
O75794	13.6708129554445	13.6912220793638	13.6786577120567	13.6940780779464	13.4972887294268	13.6525872842356
O75808	11.3326304125434	11.7941158997859	11.6908362461713	11.5955586459366	11.5163603587414	11.616698169436
O75815	10.9469355103297	10.8926135765616	11.0210679989283	10.9340044726879	10.8780032773348	10.8190600284077
O75817	12.8027559894858	12.8443530249569	12.8443025359329	12.6756967093073	12.5259528229289	12.5963904216497
O75818	14.91245634068	14.93363795259	14.9947498343346	14.9351880278173	14.7735543738127	14.8323723905286
O75820	9.2346468273744	9.48828277138735	9.05024887673157	9.3573192932733	8.81563358352338	9.92589950011046
O75821	15.1175814572796	15.2830700040666	15.1295999224041	15.1951861421572	15.1540321991283	15.1669001428885
O75822	14.7342674817815	14.7906957442555	14.7221748637535	14.8238848798695	14.7839250680122	14.692743667619
O75832	14.4896492325947	14.5199196242453	14.4403859047141	14.5811117684053	14.3588773832452	14.4047575993367
O75843	14.2582295701168	14.241267275711	14.3625953485069	14.1764777507366	14.2654718242694	14.3165744383394
O75844	15.7492518240085	15.7766448146592	15.8247192488131	15.7762812707852	15.6318269677966	15.7551669281848
O75845	11.2315971915457	11.4632223512339	10.8841004656994	11.4351329228535	11.7341787078921	11.673962493116
O75864	12.6152241810973	12.7183065223923	12.7110512366872	12.804981781893	12.6131352276881	12.7009270870601
O75865	12.5416430163235	12.5638910705779	12.6272545575769	12.5368846294825	12.3241636931684	12.4613662982141
O75874	17.1373954185085	17.0575460161102	17.010629613618	17.1699319797191	17.1230577829978	17.0412462516884
O75879	12.7748756204495	12.8151153316957	12.6804617454755	12.7838653103394	12.7494573176655	12.7967821624804
O75880	11.7713998829476	11.7346945298295	11.7608157923019	11.6921086023072	11.4534966308357	11.7843743107559
O75882	11.4985755381115	11.6865414243341	11.8211220078853	11.6779528254232	11.7341632824531	11.5449642671056
O75884	12.3704481026039	12.1692738225801	12.2411082609701	12.2669528577472	12.302980379492	12.0638811169901
O75886	15.2969545511865	15.3272427552243	15.1867137979053	15.3330990274761	15.3985052789848	15.1471840038647
O75891	14.1780793288639	14.122177828123	14.2581221754497	14.1532407200694	14.370765772242	14.2621368180824
O75896	11.4993908060245	11.5539608592968	11.6310662620353	11.6260112393021	11.6517242603579	11.8324861586083
O75907	9.31842366590398	9.20309698824259	9.16889050046876	8.72067488290044	8.94268226769995	8.98811577232943
O75909	13.0027904262401	12.8929876323661	12.9589504713021	12.9533059632102	12.8543086522079	12.9317275456408
O75915	13.3104232819106	13.4005717019027	13.4059552150903	13.5520486985217	13.5506738871541	13.2451357949878
O75923	14.2329485399024	14.1186955908772	14.1663455240215	13.7912966554382	14.0038700020987	14.0814971786628
O75928	11.3941376925507	11.6944951431565	11.6519075806832	11.5172061295885	11.7683618850015	11.7447112206214
O75934	16.1575681566182	16.1133049474356	16.1759935418592	16.1528871372251	16.1744295635341	16.0877148486288
O75935	15.076090262113	15.0770348963177	14.8566863276512	14.9696875848593	14.971252319688	15.0000005766262
O75937	16.0062812241852	16.0600844656222	16.0294035271765	16.0782442971525	15.9438044520052	15.9162379872218
O75940	14.9643505081237	15.0437657235473	15.0792549899463	15.1006519375843	15.0601864348761	15.0604460168328
O75943	12.7703695364965	12.8010321631209	12.6981766219794	12.7710712091683	12.8059960106868	12.6709359728859
O75947	16.550797485346	16.5359613649974	16.4716000918445	16.5757743229245	16.5660429772105	16.4736918944573
O75953	13.622440734974	13.6350030719895	13.5587951788233	13.6167584932481	13.559027468409	13.5202006195177
O75954	11.7889671250882	11.7055973287718	11.5796736328696	11.6941783614392	11.9169564539172	11.5731557768805
O75955	15.7882266450357	15.7546939609213	15.8261626415273	15.8611032197111	15.8272406227943	15.7894141991717
O75962	16.6973548938478	16.675723627152	16.7257484258515	16.7173804428566	16.7078698572515	16.7006960436281
O75964	15.2041333512982	15.1158380490466	15.2528673325847	15.1854486017807	15.2935305543821	15.0728587853422
O75971	12.1244247639283	12.281119450531	12.1279324772869	12.1519985227352	11.7479951582193	12.0300448212681
O75976	15.6061433166751	15.6369794692488	15.5994466552826	15.6366189457464	15.6364043401885	15.5734603696508
O76003	16.5433481601162	16.5476987538832	16.401702069501	16.6030112705174	16.6137657401511	16.4918254958938
O76021	15.3902257032627	15.4407655144012	15.1926100338443	15.5134583693185	15.3488647841703	15.4591319267938
O76024	14.1757625827805	14.1988112209988	14.0700957200543	14.1155288090186	14.1270135218717	14.1284573586262
O76031	15.5433803685226	15.5552392886404	15.5263201884591	15.5685487153614	15.6450433100468	15.5128479860375
O76041	12.2182704188134	12.2557911482748	12.3686794611419	12.1823125944402	12.2419525830383	12.3014149571791
O76054	14.7445910073538	14.6400508592311	14.7465264609962	14.644998945048	14.683390745574	14.66530416251
O76070	14.5350319440895	14.6856543369423	14.5682004946046	14.765213196931	14.8271094442583	14.7053722645729
O76071	13.582583212704	13.7126783427726	13.5016457127617	13.7102368709508	13.7198606473892	13.5361926452515
O76074	12.2875956093049	12.1933189412855	12.1345006276486	12.0727156972862	12.1857014223472	12.0433900492905
O76082	10.9175161041108	11.0134451668425	10.9316160764168	11.2597913471179	11.3303452460972	10.9838595928029
O76094	16.6901037345626	16.6522529363875	16.6093194376295	16.7476701026403	16.7722637538007	16.6856500698156
O77932	13.194633262202	13.1016918892182	12.990084805643	12.9804254276442	13.2574613038153	13.1613009474181
O94760	15.5557746537756	15.477049101171	15.4823876719512	15.5177628215865	15.5410005303057	15.4406124664456
O94761	15.0120539800273	15.0451292291498	15.0619484677229	14.9843649513734	14.9499250067776	14.9702282268955
O94762	12.3063791302061	12.1720360319289	12.2002200742321	12.2157944456689	12.1744679320059	12.1357399246557
O94763	15.4292958427008	15.4471915930512	15.394979447086	15.4975164965654	15.4247242129075	15.4588724130434
O94766	12.2543389036754	12.3194516040461	12.2361265184248	12.3694323640561	12.3554995169711	12.3000914444851
O94776	16.2589177844343	16.4006212861516	16.2706135015683	16.4133941305032	16.3497812150503	16.2651956007351
O94782	13.6290852332338	13.7472138817589	13.7852112708218	13.6251282988716	13.7109305223393	13.7138849314534
O94788	11.937127203877	11.8998190953628	11.8369453029087	11.8800595997171	12.026693636739	11.8884292311694
O94804	15.0533761853084	15.1558325744094	15.0727690926008	15.1509581009239	15.1330352290453	15.1894350122476
O94808	13.3455773950133	13.5216981742807	13.521227959001	13.5131167499399	13.5660054691545	13.5779260796785
O94811	11.5128035515171	11.8084055388731	11.7696276941007	11.636673299815	11.5807995307502	11.5774593101373
O94812	10.1681169274598	10.074046915267	9.95166905337182	9.90144016479512	10.0530261573608	9.94785019600972
O94813	7.46387435650872	7.11015267525612	5.96399725645757	7.17864982466429	7.27551044242049	7.25299192042567
O94817	12.2696160162653	12.3573821008287	12.314832363705	12.353699839457	12.3844698667012	12.5647135734392
O94819	9.24430492773614	8.88951556785723	9.17613677458707	8.63463688526043	9.00622161764183	9.09779823424067
O94822	15.4803840704711	15.4886560055147	15.4422966111947	15.435578492953	15.3529719039831	15.4958777631483
O94826	16.7883660930738	16.7800929768448	16.7548388864767	16.8080127193992	16.8039398666702	16.7223727792219
O94829	13.535178158425	13.5788298226458	13.64197735181	13.76386117901	13.7339839496197	13.5453308369907
O94830	14.3072993299376	14.4471669218578	14.3464625870761	14.4447442619857	14.3577612962608	14.3086823503322
O94832	16.1474813860869	15.9741470188535	16.0371236879074	15.998434620815	15.9424233867105	15.9450546835753
O94842	14.1775615687925	14.2430996093063	14.2587378766944	14.0082230037786	14.0252366672119	14.1716390557732
O94851	15.1290618567005	15.1197215045678	15.1531140759853	15.0996594547724	15.09874814497	15.1627748527718
O94854	13.1960960270593	13.2596097452161	13.4096481781607	13.3397049173157	13.2403012709485	13.3321412188832
O94855	15.4176751132478	15.2458786356651	15.2053696470278	15.7361114969461	15.60529426235	15.7116639292359
O94864	11.6756591349424	11.9688286827117	11.7920247053148	11.8094922931967	11.846360036317	11.6237785835895
O94868	13.1280041569936	13.1533162715651	13.1298852423824	12.8574211480843	12.6327232288285	12.9732291430837
O94874	16.4969989908127	16.4837899132639	16.434849088422	16.5258866695188	16.5343028081783	16.527078999708
O94875	10.1595081635333	10.3973837168091	10.3726408475428	10.6040075092071	10.5030057306151	10.464494070895
O94876	10.7210369946902	10.7475777829783	10.8051798420134	10.5816674947886	10.7081384846617	10.7746080404
O94880	13.5555206226457	13.766218131681	13.6682671856802	13.7002929118055	13.6713808212977	13.7175071142282
O94885	9.53851461335075	9.30308409144556	9.13470494884049	9.33868689228969	9.51420603715415	9.16534226886409
O94886	11.5093181427145	11.7691090193662	11.4673317658686	11.4509563263291	11.5401832794846	11.5638254611529
O94887	11.5915724295526	11.7284706926739	11.7187233616342	11.3745778090023	11.497336445899	11.6771309168414
O94888	14.6496863666618	14.6636027791032	14.6178985317701	14.5820926164772	14.582313793316	14.6018562032988
O94889	10.6577240030616	10.2524432817648	10.6387004294534	10.3236295184957	10.0858059489991	10.3322048239985
O94901	15.5670516355508	15.5743588609409	15.5837426047658	15.621409862163	15.6791528392359	15.5747047109433
O94903	16.2417446666217	16.1939097942012	16.1796658093094	16.3073313202414	16.3340860637307	16.177001106901
O94905	16.3796547273466	16.3599960654672	16.3800434973229	16.4889314664737	16.4362416246145	16.406889301255
O94906	16.4704106540855	16.5092077807252	16.5281190978476	16.4767741345401	16.4957888185033	16.5112251593791
O94913	14.835092880558	14.9158495685821	14.9129365066893	14.7629302464314	14.8310384942622	14.8521699624015
O94915	15.4698883226017	15.5071393747249	15.4983751569741	15.4400138720223	15.4855744289831	15.4430303048002
O94916	14.7222894105853	14.7967222820413	14.8297833911933	14.7537175421829	14.8082859854744	14.8254756146092
O94919	14.4563038805966	14.4101093415072	14.4512395728724	14.4706909753665	14.4701810526751	14.4208333121817
O94921	12.9910619932762	12.9339201558271	13.0214804508527	12.9033263376082	13.0447585857977	12.9800309313986
O94923	14.1987736068867	14.1671379680491	14.1387596406993	14.234430852312	14.3043394624526	14.2552438354467
O94925	16.1729558033558	16.1059935269167	16.0587391279188	16.1475573300303	16.203844424446	16.0187638407117
O94927	14.5851021180881	14.6677907773485	14.6204167201281	14.5582887561164	14.7372191175598	14.5090468697092
O94941	10.5709000524001	10.6838502291551	10.6028103680199	10.8318186241736	10.5923503797409	10.6281370442484
O94952	9.73177651760589	9.11615052119988	9.10442877774858	9.21237044250829	9.30490818211523	8.85720582894738
O94953	8.89369888145226	8.60201056307235	9.32662592363253	8.90981234048989	9.32140952278619	9.0831421738562
O94955	11.4601444910653	11.4862490232405	11.3837835037951	11.033846775928	11.4384370763958	11.6671610170439
O94964	13.3145017670707	13.4403488635652	13.4129948220598	13.4093875186737	13.3372432265583	13.4075728094836
O94966	14.093068959963	14.0781268308324	14.0800964700535	13.9343016685892	14.1034754615916	14.1740371101569
O94967	10.7561953577023	11.0322714428619	10.956001890362	10.5655141274461	11.1875360931725	10.894472339498
O94972	10.4124772559094	10.5316497118334	10.025322591192	9.71903303107775	10.3432768309867	10.3870980479234
O94973	15.8841828150697	15.8950038552382	15.85449436991	15.8610797256197	15.9477726287256	15.8611963820497
O94979	16.3366066847051	16.3672026075525	16.3389811501538	16.4646224290373	16.4591379495687	16.3648835769707
O94985	11.2499784811304	11.2450247402187	11.6453642851965	11.23331704452	11.0302911622681	11.2425147705382
O94986	9.80837617929818	10.2603218569355	10.3936581778625	9.33780990650819	9.62048715540651	9.41496320573944
O94992	13.9379905478263	14.0218113052782	13.9014315439927	13.7799787431224	13.898705029533	13.8564250112663
O95049	13.5237528051722	13.574334744996	13.657987101355	13.2539355222707	13.1424663092388	13.4919240019965
O95059	12.5853858331589	12.3465840959307	12.4862364492526	12.4432105203919	12.4392652391902	12.3306418704898
O95067	13.8459533469541	13.8597027734733	13.8436019616078	13.7098194702055	13.6617928256462	13.8964016605844
O95071	16.7340234533908	16.7388809861468	16.7695742110388	16.6937854139949	16.6830345657421	16.7371590136411
O95081	13.1712675950345	13.2167352704732	13.2395233942702	13.0355857839154	13.0896496107953	13.091787771011
O95104	13.8297368761665	13.8059886765216	14.0591678199018	13.4917743845577	13.2923652190523	13.4894359447154
O95139	13.5075407585543	13.4786359764796	13.609177464508	13.5408364195333	13.1999732568494	13.4403885458701
O95140	14.6657749404711	14.601138250302	14.6073950273117	14.6726743968786	14.6799949106272	14.6240737139827
O95149	13.1673153594925	13.0645332918443	13.1803028591571	12.860520406761	13.0565833675786	13.1924642779004
O95155	16.369898814435	16.3586411100607	16.386795897879	16.3194157691383	16.3852327397327	16.3531362396158
O95159	13.2534263479777	13.2495679224014	13.2917804000862	13.4271770286134	13.4393598561036	13.379371096285
O95163	16.6750853206459	16.6017610851484	16.6282235684995	16.5982340991159	16.635856668008	16.5673083030623
O95164	11.3411174349084	11.1515446331458	11.4178204870736	11.3203359829318	11.3601123726552	11.1297130753425
O95168	12.6395932280343	12.6632566741087	12.7002738632196	12.9639987615835	12.9403709303618	12.7178747235736
O95169	13.306327367707	13.2892406990954	13.4134033244193	13.4762125282468	13.4769433633019	13.3987505219529
O95171	14.7269247473718	14.7925784628784	14.798217159337	14.8584748602242	15.0648714218732	14.8857063191493
O95182	13.5897291586861	13.6025746493858	13.5303499487674	13.7781241695477	13.7060696592708	13.6106414671917
O95183	13.4081376876556	13.3406751730151	13.3516561022332	13.3902067356604	13.3114918411144	13.363640078855
O95197	13.5058783861748	13.5306242632334	13.5248758230297	13.4739935441239	13.5282120163716	13.4063879365517
O95202	16.0662125577618	16.0675353823988	16.1052944954129	16.1424707622465	16.087821300296	16.0076719536438
O95208	12.9167455272176	13.0347246967806	12.9731574895407	12.8805811031067	12.9525273292384	12.9686374572241
O95210	10.3531004331202	10.200567718589	10.3148607612572	10.2235998690972	10.4884476349249	10.3929250725861
O95218	14.3976184608074	14.2862335737563	14.3194247853695	14.3671039025034	14.2704623051495	14.258004580031
O95219	15.2449154200399	15.2522654568992	15.3147915412445	15.2634599724682	15.3601542287711	15.2585140597961
O95229	15.0273163852414	15.0780592281209	15.1549938948238	15.0593940325654	15.1568220337729	15.011290216231
O95232	15.8336934919639	15.7481578315113	15.9305038203537	15.8227107544233	15.7428589509967	15.7296011089232
O95235	15.8388120958114	15.8776618018038	15.8691796323252	15.7765333753124	15.7059113790685	15.7300815111808
O95239	17.1226997087074	17.2406127323915	17.1585888094233	17.281919127511	17.1695158373355	17.2944277935203
O95248	15.4478552676005	15.4533724176598	15.455914734845	15.5134527453909	15.4780658046932	15.4646069366151
O95249	11.1235476218568	11.1771973451262	11.4147129350212	11.0993442780968	11.4322653277554	11.2977977760044
O95251	14.3336423865321	14.3831367820184	14.3765056792513	14.306732963957	14.3343937441002	14.4144616355894
O95260	14.2697222073989	14.1035384694928	14.2454569435038	14.0741123273401	14.1257896967712	14.2015221049776
O95273	9.59140251081486	8.9906269591898	8.8537584159596	9.41603650023963	9.43744265310927	8.8134940263085
O95292	14.8678255212493	14.8448471110884	14.8588177465933	14.9411982312917	14.7773932402396	14.8142692782233
O95295	13.7879022951414	13.8544139328272	13.7625325127671	13.8412215087395	13.7927644739691	13.7970227455422
O95297	12.9109405617697	13.0051606765383	13.1567345457188	13.0547877026774	13.0175526493429	12.9283150059231
O95298	13.2108639136529	13.3089373427173	13.3025378203726	13.2950957215367	13.2256843490755	13.1336729496842
O95299	15.45879724861	15.5281199292637	15.5459252523346	15.5069040724124	15.5546845006861	15.6183925142512
O95302	14.7890609703164	14.7327500017227	14.8485743766776	14.7578273381114	14.685097390367	14.6133563644624
O95336	15.7226795980098	15.7493099286004	15.8604402687272	15.8340670229858	15.9132906186738	15.7715935994758
O95340	15.3927635068907	15.5100337389746	15.4092578951668	15.5584049618383	15.4792201615052	15.5532862316227
O95347	17.4952583926413	17.483495965411	17.4866666442155	17.4933143763959	17.4936711061555	17.3998322900128
O95352	15.0983232160895	15.0651768748044	15.0711174138313	14.9671144394625	15.1275454077976	15.0821652350786
O95361	12.5251293519116	12.2141012971939	12.5191516405219	12.5136685108972	12.5105880744446	12.2479894288719
O95363	13.1975814974457	13.1965275075567	13.2968586287341	13.119245478001	13.2601045065613	13.2498492147983
O95365	11.1478003907653	10.9512016820976	11.1867770304721	11.1526980554928	11.2334929187756	10.9200613572009
O95372	17.0309594764447	16.9618515451186	16.9136789857494	17.1405451787651	17.06175375758	16.901682027651
O95373	16.9341303183827	16.9447146453134	16.8751447588565	16.951872091267	16.9063088668264	16.8479289079533
O95376	13.0522855175027	12.9770707765864	12.9633575451126	12.9206436787742	12.987360342254	12.8467451769389
O95382	12.5796866275135	12.6865414243341	12.6943288370433	12.4713018685871	12.611635146546	12.6224851174311
O95391	14.4741795768487	14.5957958253933	14.652849226784	14.6318184794795	14.5415027789067	14.6010635221052
O95394	15.1160307930311	15.1631173910278	15.0739910918161	15.274645639483	15.2320459381149	15.26124417395
O95396	14.0529993527957	14.1331481296633	14.1754730554995	14.0465210872772	14.2402089479371	14.0796783167356
O95399	9.33291502257878	9.68083193329979	9.34769766278493	9.95604235922526	10.1390770532951	9.66553841936
O95400	14.3928195719851	14.5022737189573	14.3596100609562	14.5050638302775	14.5214716694101	14.4700230939713
O95405	12.8598314963818	12.6115094741692	12.8216976898805	12.6894910213743	12.7860103804022	12.7178941969529
O95425	16.6241271221259	16.5998340400072	16.5548186532786	16.5782049795192	16.5661962490956	16.575742633607
O95429	14.3175242335318	14.355511774777	14.2648775403297	14.3122841752955	14.3369645623549	14.3130627910498
O95433	15.9270065846148	15.8608537798609	15.8741416629311	15.8701351599271	15.8593978154569	15.8135758072541
O95453	14.5852756246583	14.6539207590297	14.5063396599522	14.5815071241891	14.6428672934031	14.5164807074341
O95456	14.2708372731715	14.183746390219	14.1832270652477	14.3189167431496	14.3195948998424	14.1640028513799
O95466	15.6035106678008	15.6885401734811	15.6791398171418	15.6977620507835	15.7500514928669	15.733066074773
O95470	16.4942383894728	16.4378127044785	16.5833653093621	16.4452093734221	16.4930025849189	16.4695870041072
O95476	13.2877896238855	13.2436771112414	13.2087773575925	13.1833087020416	13.2515246218132	13.2425161242047
O95478	13.072337447315	12.9501556264577	12.9236178637358	13.1318993926575	13.197659404457	13.1115140701063
O95479	14.7683893063897	14.8525100674453	14.8659099951113	14.8500558827599	14.8898092338288	14.9526846658542
O95486	14.8364066750094	14.8928285236215	14.8927592126598	14.8836599127631	15.0079172271738	14.911258327913
O95487	15.6541718221802	15.6425652335397	15.6451559402885	15.5967621941337	15.7504912442706	15.6355640192521
O95490	13.9197609712714	14.0717910710693	14.0009520891263	13.9970173549789	14.185781346222	14.0630753159718
O95503	10.8238776597324	10.8270837202848	10.9474843569115	11.0309382488582	10.8341025340309	10.9589322549885
O95544	10.3917328211127	10.1743837867853	10.9193415453786	10.15117689907	10.4450962256527	10.6112695645483
O95551	14.189332540142	14.2884467062327	14.2836020542757	14.1619183673381	14.321836840652	14.3046555529476
O95562	9.63573414996887	9.66973793786572	10.2729102863099	10.0559311129907	9.42030710651802	10.2886493937902
O95571	14.3632292060356	14.4099971375106	14.3129064157004	14.37282728348	14.410531710834	14.3476853000778
O95573	16.3967267719935	16.2836080167653	16.3242052602486	16.4765910864748	16.5056164468083	16.3944521757935
O95602	16.8016015790256	16.7651535483834	16.7649691832533	16.7512357163796	16.8093279185968	16.7973582043664
O95613	13.4553629024209	13.5095756411778	13.4591288952433	13.5041858760031	13.6068801894592	13.4643803258124
O95619	12.228486463578	12.1650735417877	12.2886404222343	12.2542756401578	12.2731820130731	12.2587108408637
O95620	11.0282796401957	10.7967097223597	10.9626146024062	10.8318034315931	11.133356929525	11.2040385739288
O95625	12.4371918023324	12.6207097825503	12.597151947188	12.7272114175306	12.5001353214409	12.9960913275494
O95630	16.1348694895477	16.1616753549469	16.1406301272866	16.2493595258807	16.1534420430654	16.1207499773659
O95631	11.5895547690421	11.3455633702141	11.1769968879121	11.32318714361	10.9584570781979	11.2760978885706
O95639	14.121994673728	14.2676404535432	14.2252849474664	14.3760071766435	14.2953040753387	14.1809800300283
O95644	14.4517020481941	14.4341310455109	14.486034071434	14.4748371601892	14.4905305898326	14.4575887210144
O95671	13.8452825245198	13.725594992023	13.6820697992595	13.8182661264004	13.7069177845954	13.6768885176224
O95674	13.0847054405093	12.9506900374112	13.2085144828046	13.0802521989985	12.8343400010746	12.9134106669207
O95684	14.1408641532899	14.1715146862442	13.8857751096033	14.023793295981	13.9918686240635	14.0323329481501
O95685	11.9609542166534	12.1156203271003	12.0156412064317	11.8317654494419	12.0840701557134	11.8301712592047
O95696	13.2903685865136	13.2747042028963	13.3304135845963	13.2036778560202	13.0954072288941	13.2931903216249
O95707	12.5180069873014	12.4806648416894	12.5291143278072	12.414982224607	12.4698950787479	12.413030451514
O95714	14.8272498266065	14.8956072201799	14.9592152938819	14.7483439642812	14.8405165849734	14.9841271865866
O95721	15.4984951186757	15.5184010217842	15.4963909923165	15.4533313561917	15.5286737138787	15.5015089196067
O95747	15.564297369462	15.5696976110107	15.6479012499336	15.5516636345909	15.3810538725862	15.5325744085484
O95749	14.5154740374053	14.4518641701862	14.5550530823345	14.5087277158174	14.6536114873264	14.5711511799451
O95758	14.7599082240217	14.7305683786168	14.6798544042201	14.6720831752419	14.5864129654491	14.5605873475886
O95759	10.5655700127524	10.1030467869895	10.5444561919992	10.3397984006584	10.2148765320003	10.2606905439768
O95772	11.57483026759	11.3047100883316	11.8621114945867	11.6558085552645	11.7136174223126	11.7669489307409
O95777	14.7661843248984	14.7624953467264	14.7854940995597	14.8209474138794	14.8075792628161	14.7302745926446
O95782	17.0144419720414	17.0144122518721	16.994286226146	17.0693123911857	17.0753545867827	16.8748822479021
O95785	13.9738780446958	14.2406764977928	14.1026073713599	13.9654137671423	14.0344764466112	14.1796776821314
O95786	15.2349632208891	15.1556852780881	15.2794470470243	15.1348385852141	15.0939064917666	15.2520216545662
O95793	15.5550371946131	15.6540625939562	15.5917384685585	15.7094308380168	15.6600048344857	15.6675003410605
O95801	14.8622172808332	14.9571615593268	14.889683966074	14.9109363543071	15.0257562259466	14.9302878667502
O95810	14.778330564552	14.9130512093647	14.8430004951519	14.9208566037495	14.8341929380246	14.8435127059909
O95816	14.8894165420728	14.8611553384168	14.7992507154609	14.9541672057244	14.8866380305224	14.7932771789597
O95817	15.0347727837049	15.0483466194244	15.1112480462458	15.0644387323713	15.0693207789431	15.0480364366326
O95819	15.0655477934789	15.1516137891071	15.0683773913205	15.1378981460792	15.0934454817821	15.1124102351234
O95822	11.8170248151986	12.0794532697576	12.0275768839366	11.5755608447856	11.8424622630838	11.7849172197247
O95825	14.8911972664358	15.0049930872574	14.9671844284296	14.9320884783757	14.9981865109093	14.9653624786276
O95831	16.4842475621815	16.5100856049932	16.3713477629724	16.527473104063	16.497962862248	16.4031731020861
O95833	10.7263806411539	10.1679894527195	10.4401066959003	9.97424990409221	10.5084183452302	10.2743564012385
O95834	13.23387957965	13.2535845023964	13.4058659024932	13.3715828845583	13.4523402519631	13.374856769132
O95835	11.9030347900811	11.9166525756005	11.9639443805438	11.9256580333982	11.9413065996387	11.9568183529069
O95861	16.0139831472039	15.9974372686598	15.9929987772555	16.0189803746472	16.0728861155188	15.9794986390941
O95864	14.9425704317997	14.8191800707196	14.8674785839565	15.200799284969	15.2411278416906	15.0902218128161
O95865	15.8021265673982	15.8029644990609	15.7790627129023	15.7358831806682	15.8513181619317	15.704019455334
O95870	14.0647024457073	14.2010668100505	14.1043992064817	14.2720187513199	14.2451548346649	14.0970849770849
O95873	11.9836605921767	11.9300587510929	11.8100394441587	11.8121475691677	12.1136007331575	11.7125877264521
O95881	15.429856636785	15.435437795294	15.3868327067899	15.5621641130865	15.5263286730311	15.3767599095928
O95900	13.0573262264755	13.0466823615356	13.1831881770166	13.1060399678182	13.0748725737246	13.00985147562
O95905	13.0105421998338	12.862806411148	12.970124240094	12.960468191838	12.8148771220472	13.0440006467876
O95926	13.3555738512513	13.4568462438618	13.4179513655303	13.3861608190673	13.405171351441	13.4504099193097
O95965	9.98112065067271	9.74950838916893	9.59444072867401	9.87589550766046	9.95649950972378	9.87427601415572
O95983	14.2603918701411	14.2406603403106	14.1455550423913	14.1033781630197	14.2161347901117	14.2996725559481
O95985	13.7343553347234	13.7599337034063	13.8365265093663	13.7790758842744	13.800343756878	13.7496505748558
O95989	14.2063236522077	14.3454039596703	14.3228558269285	14.2968268383666	14.072960442684	14.1791466539399
O95994	10.2010676432878	9.98932340061971	9.87263287665327	10.2764977355707	10.4627703003826	10.3117170243179
O95997	13.0366450481084	13.2226434072688	12.9180055132473	13.1979753687886	12.9671996182114	13.1555498236345
O95999	14.8655655192814	14.9081455837249	14.8968337201542	14.914276247709	14.8840365163786	14.8723964631832
O96000	14.8658096506731	14.8906334808076	14.7677783346766	14.9879340157873	14.8737014519878	14.8243102777896
O96005	15.1044534379824	15.0729125630806	15.075212056843	15.1610014775587	15.1056885736722	15.0873806341855
O96007	13.8140910632831	13.7690396717226	13.6528256369538	13.8587507497008	13.7093964040024	13.6713191605584
O96008	15.9964491850181	15.9680264386375	16.0865273356908	16.0069604024949	15.9409574445872	15.9567797808784
O96011	14.6669344700614	14.6799623223352	14.6181660823295	14.5000336764158	14.4622000058378	14.6727609850463
O96013	15.2416997804106	15.2049563329608	15.1834934214511	15.0636360315484	15.058406047209	15.1691024156141
O96017	8.8458773756513	9.33650547308811	9.00201951386417	9.06521392911878	8.95215603377383	9.23065132054986
O96018	10.1199708846437	9.54055835284427	10.3008212113985	10.3601661983524	10.2828898646297	10.1518903623754
O96019	15.9234684797953	15.9297788456077	15.9198275245704	15.9294149381568	15.8979518554436	15.834767943768
O96028	14.7878961163404	14.7992821734813	14.7227132820578	14.9052276450555	14.7049805171497	14.7981113201463
O96033	13.7304628744127	13.5581431855885	13.5880398381993	13.7136222368402	13.7993295243536	13.6157192242745
P00167	15.3901288359165	15.3436713450491	15.4333711117708	15.438341951535	15.4387683985634	15.3301865391526
P00338	17.2854920011974	17.2731901466133	17.2003304669311	17.3209058927454	17.3619202152051	17.1921234217669
P00367	16.8534594953426	16.8818026152634	16.7164466965337	16.8083423417575	16.7580485244782	16.7883464637904
P00374	15.4773635128253	15.5484237212817	15.5113517336452	15.4217395922632	15.5039087731972	15.5102409072232
P00387	15.965927915102	15.9202622916674	15.8617026168957	15.9727570636578	15.9918351586674	15.8548366493047
P00390	14.744138235916	14.8521213379362	14.8045682056224	14.8831679278006	14.8631816172429	14.751957503256
P00403	15.6691507780694	15.6875394516702	15.6850696418535	15.517967320948	15.6212682507413	15.5041648390624
P00414	11.1760251140104	11.5631307660453	11.3043153229468	11.2092277856876	10.9225852333983	11.2384914819645
P00441	15.9208374686339	15.858483162317	16.0634875087502	15.9714552029054	16.0199793601103	15.8287502845472
P00488	14.4417638938137	14.4773619144234	14.4977190544252	14.5328927818534	14.594608924786	14.615008890442
P00491	15.4368468920706	15.222508231053	15.3264432162279	15.2530995181978	15.2753683382493	15.1741497760524
P00492	16.0731299130767	16.083080755164	16.0447481803896	16.1786541177532	16.1860852475262	16.0348828298583
P00505	16.7244225146076	16.6886125134043	16.7981364133136	16.8168081209811	16.7781233184303	16.6591173173018
P00519	11.3094208820156	11.5511245288683	11.3514235532645	11.4869333820708	11.5902086724895	11.57305674347
P00533	15.0772637035165	15.1363715753626	15.0880229452442	15.1932735229359	15.1986554027211	15.1123083841315
P00558	17.9298516349134	17.968378310166	17.836359477205	17.9988663160737	17.9686344682755	17.8301066844468
P00568	14.9352371845398	14.8219147207508	14.7972477053905	14.8749102044537	14.914521398026	14.8378908098001
P00749	13.942200711407	14.0273158116134	13.8607952866405	14.0892071619478	14.06174146545	14.1073248382052
P00813	14.1937959307323	14.1839544708501	14.2495912758572	14.1116547283962	14.1700174963201	14.133471491032
P00846	11.5147462131669	11.2881645735705	11.1929086562065	10.9588274856518	10.8400633503557	11.4943588925068
P00918	14.9199781730849	14.9047200484771	14.8001207448033	14.9180373783174	14.9741667417946	14.6533292529777
P00966	13.8837657353587	13.9036581942417	13.8187689193958	13.7654041083923	13.980187736853	13.9101590096201
P01009	12.86695247913	13.0918698790713	13.0869221177443	13.1463060278457	13.072159794783	13.0856133237867
P01033	14.5516450983277	14.6268436588926	14.6276764187937	14.7587580722327	14.6730574692777	14.6001531431331
P01034	10.4953825027309	10.5114671079839	10.3919363276913	10.3942066157512	10.6558505127153	10.4073904917848
P01100	9.22568288672117	8.87175656901788	8.3918932550961	8.95715705508205	7.99586276326082	8.53065920190443
P01111	12.4599583648852	12.3866039470764	12.3307043156049	12.4903879136278	12.5343706316094	12.402818988639
P01112	14.2007130954533	14.1572688430624	14.0380649259546	14.0981321467647	14.1928844510386	14.1430997616909
P01116	14.391212321408	14.4746311644523	14.4343582315009	14.51323280303	14.3800403420643	14.3971875311734
P01130	13.9082112017875	13.8122272553186	13.8729472970944	14.1349116997587	14.0389774632403	14.1656442696101
P01137	14.8576154463721	14.7472447519431	14.8063265930254	14.4263654381558	14.4744742612727	14.509509303885
P01344	10.6042394235934	10.6984067684926	10.5949833801397	10.6732696156665	10.5117065866784	10.182016545299
P01892	8.9682836399575	8.28483735363906	7.92627275534252	8.44222568107336	8.19396576709517	8.05085482579753
P02462	14.9428285137527	14.9500888111673	14.8286397277771	15.0057875979653	14.8409074526481	14.8024854291494
P02511	14.4737440731644	14.4190037905012	14.3621103674299	14.2191130642965	14.2992610487882	14.4142495421029
P02545	16.7614470081244	16.8647270741822	16.7344012451405	16.8847442981613	16.7732587160182	16.7497580802746
P02549	12.7011955393546	12.8102730786684	12.76887952813	12.8105353319163	12.6919788029539	12.7805048208988
P02656	12.7503474583761	12.692876410823	12.8184564864783	12.6986422653338	12.6619448712705	12.6747652837665
P02751	16.4527767200452	16.5259053348598	16.441008885738	17.044738486978	16.9477881137183	16.9956096061024
P02786	16.6824811324622	16.5566692543222	16.5465593151619	16.6879299927521	16.623690579115	16.6489866062425
P02792	13.8739302173585	13.7650759865064	13.6627921781611	13.8712195915657	13.8526222548301	13.7749889947145
P02794	13.542463611977	13.5258966533846	13.4718418177636	13.4274874622426	13.543003798547	13.6169091250332
P03886	12.4252640709452	12.3561894622591	12.2670513802683	12.1522114599181	12.2763634356995	12.3509750346037
P03891	10.1473535236562	9.94433203386223	10.6134054832591	10.0889767737217	10.0527788028739	10.4444861850105
P04035	13.2521347216396	13.2285063428582	13.1762816733379	13.4259467027659	13.4946721337725	13.4826188579096
P04040	16.5845999692132	16.6107704383149	16.6026786566696	16.6143203616096	16.6136254317267	16.5772584722929
P04049	13.6799737944967	13.6483513223773	13.7040527236817	13.6666431851238	13.6944732893821	13.7244834782788
P04062	16.0880785478595	16.052866130765	16.0948735056669	16.1473978770131	16.0367591961188	15.9786348195723
P04066	14.2691513381314	14.0588603149719	14.1724696061963	13.5948941121284	13.7180367275848	13.8617549860368
P04075	17.2660002602846	17.3218967026478	17.2426738492303	17.2857404815152	17.224683598172	17.1786267499373
P04080	15.2136646700462	15.1187914565064	15.0044645549413	15.1813321939393	15.2212996076954	15.0512660010825
P04083	16.9532490964968	16.9975252621461	16.8800420873873	17.0751722490339	17.0723558611577	16.9342548457931
P04150	14.824592239546	14.8491737593447	14.7825277893234	14.7958690715482	14.7595464793017	14.8042120151584
P04156	13.6815297718858	13.7652781735628	13.5903455548291	13.4893553118632	13.5250971900452	13.5846949414513
P04179	15.1442905908667	15.1514161333859	15.0584385352274	15.2251333430378	15.2453872088364	15.0924901331706
P04181	16.2054507989843	16.1822599419203	16.1501876533075	16.226278948481	16.2908101367911	16.2055298936596
P04183	15.8327683966713	15.6670103178759	15.721558593854	15.6385833596611	15.6965706735348	15.7347730677973
P04216	14.8555044765236	14.9289323092884	14.7865081380542	14.9488633232683	14.8183735729726	14.8138384316991
P04406	17.8791097726656	17.8637254612745	17.8162425047524	17.9258785596694	17.94281088257	17.7818391736581
P04424	15.8471108208638	15.8967030908004	15.8522868482439	15.9622980968635	15.9343793531524	15.9066097950868
P04626	12.8979439298092	12.9423218938332	13.1807127296519	13.0122337976202	13.0765555885306	12.9133120333152
P04632	16.0284334084459	16.0172501138384	15.9739943826289	15.9528609391844	15.8980782543903	15.9145544516508
P04637	8.17412020657787	8.06792657468953	7.54181872318258	8.24139168008663	7.5242142868187	7.95862245372527
P04792	17.3136307871001	17.2645312553552	17.2008042237411	17.2891913991157	17.2428336060971	17.1664380586997
P04818	15.0896974889648	15.0849577237848	15.0926866274395	15.1458901751815	15.0981662059198	15.1145374618442
P04843	17.406945252966	17.4267125377983	17.3889144268759	17.4901368265337	17.3537978092512	17.4261763079277
P04844	16.6878722228325	16.7077241992225	16.6886153796731	16.8437134884991	16.7908756971604	16.7749590461759
P04899	15.536455883355	15.4456918849561	15.4322445781274	15.4974725010702	15.4573635268056	15.4553712626649
P04920	11.3125462615062	11.0637430434834	11.5641361267403	11.2434638309033	11.5318881555467	11.3374464131664
P05023	17.8535336219551	17.8532498342386	17.8237777492496	17.9339063337356	17.9440134879983	17.8309072860043
P05026	14.5111217851432	14.592326900536	14.4839746348242	14.5689480981309	14.5680438432799	14.4888289510296
P05067	16.1868759002166	16.1705402897822	16.1442603678492	16.3097480038518	16.3180206677206	16.2486328760659
P05091	16.0866932074258	16.0542553658143	15.9982922236804	16.044261619213	16.0918574958461	15.9796976119106
P05106	12.6933793156527	12.9193507170465	12.7024700854159	12.820689078145	12.7679663964785	12.9306794269218
P05107	10.5795724134422	10.5552829042226	10.4007391672169	10.3400120541265	10.6646182547656	10.4819367501982
P05114	13.6045810020462	13.7767275939225	13.6640411103794	13.8699781929629	13.0903487289345	13.7461632008153
P05121	12.4744036525615	12.5986766362211	12.5469848910632	12.2823268031202	12.7728552993079	12.5236558842966
P05141	13.826439107511	13.8506319174913	13.8343861444118	13.7756226803902	13.6559604390068	13.832310781144
P05155	11.2797748888474	11.3279153811175	11.4174555510972	11.5420684844048	11.7775667900534	11.6985843960891
P05161	13.206170152665	13.4347250471327	13.3745534418638	13.0147486948451	13.343812718473	13.2096636857158
P05165	14.6718025798959	14.6374017751623	14.7099638346716	14.6912735863943	14.7666155980043	14.7632053681864
P05166	15.5600331696742	15.5371277264609	15.524277593716	15.5707285920483	15.604892037965	15.5150707968303
P05187	11.7511691138149	11.3288073852744	11.3905304204426	11.4248107632867	11.5676457044358	11.5106057267318
P05198	16.7613434980579	16.727315005067	16.7317840706261	16.7563179282087	16.7936061697825	16.7021374896958
P05204	14.9606215201592	14.8326608629016	14.8975212472806	14.6990004474396	14.2545518061608	14.6390700315599
P05230	9.64259490186693	10.0235259507833	10.0280688917318	9.96245400776183	10.0401321111522	9.86420455888386
P05362	7.41442525078855	7.80075664923931	7.16899671612105	6.23647887536261	7.06989422397688	7.24142059272773
P05386	14.339768492916	14.3287827756754	14.3085313438303	14.5180974418144	14.4527451485976	14.3034407768608
P05387	15.7380133120784	15.7712347736884	15.7884100977288	15.8957956454291	15.7992940455514	15.750173859157
P05388	17.2518976427034	17.2268244928623	17.0442055198059	17.2141848104065	17.1647263347461	17.1089441892979
P05412	14.0851097852658	14.019987034629	14.0472984114942	14.1447093190129	14.1740245007535	14.1044974386529
P05423	12.9169466852229	12.9372168420406	13.0006873161406	12.9079040086752	12.958950180558	12.9365970094551
P05455	16.3190198405044	16.2831682096206	16.2507356248854	16.290577437993	16.2825401649767	16.2604515855081
P05556	17.1675061759061	17.1758816876492	17.135388691484	17.32650706042	17.3368332255682	17.1475184745358
P05976	12.3669879369792	12.4673522866945	12.4351252343262	12.680133694126	12.4412745147003	12.3713722865213
P05997	12.4452406773926	12.4106572368852	12.3570881774941	12.4556371669531	12.5433999921682	12.4067141454384
P06132	15.7802611787174	15.6900561558899	15.6578012818189	15.8640109723238	15.8600003125859	15.743586125589
P06239	11.8295652032891	11.9398730409199	11.7244299544371	11.9419264152872	11.8854465957938	11.7299675809954
P06280	13.5172692596022	13.629013790319	13.4581457288881	13.4044811532154	13.301230917791	13.4483022889034
P06400	15.2596849781466	15.2797778027925	15.3848896692188	15.2930459832262	15.2622117765787	15.35617495188
P06454	14.2153798239612	14.1133328910165	14.1512327587977	14.0802474030414	13.7866863777647	13.9706344302744
P06493	16.2653927915784	16.2774892592127	16.3050956872803	16.3093917347857	16.3376021099098	16.2364416383533
P06576	16.945182170811	16.9163117014521	16.9019491830274	16.9866246324816	17.0585179873772	16.8760147555767
P06703	14.417920555337	14.3191645407174	14.5410129462381	14.5805840820512	14.6878014293183	14.4267606465567
P06730	13.8426936703831	13.7490075887789	13.7515291290594	13.907646370565	13.9097093485044	13.762020386751
P06733	17.7876665635566	17.7475337623093	17.7731896122885	17.829200172028	17.8995147987445	17.7225998254417
P06737	17.136298970505	17.0512313187413	17.0470436125171	17.0656788876822	17.1030998092035	17.0690748504204
P06746	13.2998822494502	13.1091079009739	13.2302921579546	13.2428478112394	13.1605803113024	13.2234241407612
P06748	16.8269261649563	16.7799485666952	16.7478043589734	16.7761188102324	16.6804352879105	16.6477514584144
P06756	16.8196342613351	16.787268514907	16.7858182340565	16.776381427173	16.7847120097517	16.6754564546941
P06858	11.0539183840706	11.4231047891338	11.2567998184853	11.0611762439146	10.9390398981217	11.1088775492799
P06865	15.3392643170393	15.3797314856991	15.373590986349	15.4509813632843	15.3653595858894	15.2875194696207
P07093	13.2024293362558	13.3035526371827	13.3579428465096	13.1682733311536	13.2470019700713	13.4594598201722
P07099	15.116586005354	15.0624375946004	14.9905226545552	15.1417737197381	15.1263826396548	15.0006830372155
P07108	13.4792247435718	13.0256476416918	13.2018778615784	13.0028640593511	13.1087395950543	12.9917797289391
P07195	17.8295110260515	17.8048229887525	17.8259137233036	17.9969638787335	17.9761581063285	17.7222249303523
P07196	14.2344827105725	14.1627869121358	14.2036963163116	14.2278931031605	14.2304833715343	14.3091399943759
P07199	14.8332283240124	14.7837782100177	14.7731353726034	14.7947791307375	14.7583457749164	14.8596481283156
P07203	15.3700474028684	15.4258244309413	15.4482048709661	15.5036319658456	15.5658096531437	15.4350300598129
P07237	17.4616972238666	17.479783594201	17.4507472354617	17.7005239400769	17.6571196259347	17.5305393304131
P07305	15.8074002601264	15.7927400993269	15.4326663135044	15.6755914293783	15.3778772419084	15.4934713161565
P07311	14.0113934160832	14.1608349750055	14.1384965280029	14.0263686279843	14.0160864143698	14.0706020632111
P07339	16.9422962038271	16.9953550500889	16.9180659183238	17.0853639072624	17.0748323193951	16.9394772082801
P07355	18.3577927488129	18.1663427784791	18.1357703889186	17.9839364514491	17.9684834716515	17.970654451427
P07384	16.5717488595324	16.5423238285943	16.5397162663348	16.5212287504698	16.567844111405	16.5662303579141
P07602	17.3555308071494	17.4028079260041	17.3198156423886	17.5064209571682	17.3429892228429	17.3305390354853
P07686	15.3376994492153	15.4729711048739	15.4299049336743	15.4423473301967	15.3933200704547	15.2728441286076
P07711	13.6856775801732	13.7498652250529	13.7788771841933	13.930917447202	13.8160435474803	13.7074480180566
P07738	10.5638620802398	10.9767770275031	10.789292563435	11.2049350146374	10.8819072789773	10.9342104277004
P07741	15.0435572762299	15.1088149756289	15.0178727253769	15.1924791462488	15.2114532444973	15.019820393446
P07814	17.0418324510537	17.0717758046022	16.9836204292659	17.1233342478076	17.148042589388	17.0529950162912
P07858	15.1017670714948	15.265862861255	15.3735327073656	15.4167083256598	15.4330242842607	15.1205273715346
P07900	17.7815630084167	17.6990707117761	17.6852258959508	17.775816741819	17.741556486549	17.6335358293707
P07902	13.3835245066212	13.3927075971116	13.3967161176768	13.4487687070536	13.4969819429873	13.4327716963484
P07910	17.0837875748358	17.085938868775	17.0055677613944	17.0779552099784	17.0955651153859	16.9938438600765
P07919	13.3621539560419	13.2768037697631	13.3600841867858	13.397570744947	13.4436123866583	13.314729233717
P07942	17.0578310723763	16.9970650867899	16.9652175267463	17.1043017455526	17.0368161599802	17.0241715710868
P07947	14.9768774523748	14.9709984407307	14.8460741001238	14.9512013048027	15.0142939994791	14.8875067271154
P07948	13.7294015749552	13.7923868897415	13.7741395428407	13.5604265905313	13.7845345459593	13.7017760631926
P07954	16.5920495110163	16.5772385794567	16.4750615482124	16.5378364856537	16.4513845442009	16.4075047448922
P07992	12.7264425403569	12.8595154007861	12.7515238837978	12.6345062477776	12.6131729718484	12.6665376226293
P08047	14.2967400535491	14.4286132542659	14.3130350818087	14.3754900575975	14.2857145415405	14.3034602420951
P08069	13.6638834123919	13.7288327694837	13.7145286545091	13.7252877101176	13.682241365825	13.7279713780766
P08123	6.9324573157753	8.17852817056842	6.99486238975403	6.95891952039367	6.67768680323456	7.92149605325342
P08133	16.6956599671705	16.7460114617078	16.7488972850808	16.8590877339667	16.8331595886	16.8141750130775
P08134	13.0071535343451	13.1228450495131	13.0059577353592	13.2157798926456	13.3502077610773	13.1858609580658
P08138	11.5187666760308	11.9694676499117	11.7010410744487	11.968343280772	11.786255896128	12.0391039396466
P08174	14.1695318801486	14.2625038306596	14.2468589452414	14.0798101046223	13.8822944886773	13.9770669246347
P08183	13.2244324637458	13.150781160216	13.2174584267266	13.3227981894357	13.5211545060101	13.1910740675696
P08195	15.9112133550255	15.9751023008524	15.8534317206759	16.0657469129083	16.0839063722835	15.9619896198367
P08236	13.2405281850544	13.2004427209516	13.1993020176968	13.0506913193823	13.0609407148856	13.0861082531857
P08237	16.4495253015815	16.4184593964548	16.4114675507955	16.4646418717632	16.406344366324	16.4180275533995
P08238	17.8160934801527	17.8164230646716	17.6977361594353	17.7501082619302	17.7944573724534	17.7122070983405
P08240	16.3701624452063	16.3662779705632	16.3798883339393	16.5196503145857	16.4816759932329	16.5175517102772
P08243	16.8759169056489	16.801845352704	16.7607789197842	16.9857760479432	17.009744557386	16.8479940800761
P08253	11.7047605990501	11.7171545499604	11.6659926313052	11.6096939458125	11.7343946467234	11.8336368253054
P08397	15.3437891035451	15.3671271923446	15.3690716452475	15.4460992938329	15.4642528838495	15.316041643034
P08559	15.5853908101183	15.6762044377816	15.60164810189	15.7766194557119	15.6126856292938	15.6549788546272
P08572	15.2219356793412	15.2210454144624	15.1728256971481	15.1831218912076	15.1310954640742	15.1487110386225
P08574	14.3597591444809	14.4373020503276	14.4025176685315	14.3655841575445	14.3571099352528	14.3386044076199
P08579	15.8204803760078	15.7232175003138	16.0133007999544	15.6028019242722	15.4682928081851	15.5740123474263
P08581	14.3552052771192	14.4311836582631	14.3401436436109	14.3834775219751	14.3298891819789	14.374382444622
P08582	15.3435009068469	15.3982369035185	15.3983053100169	15.3259903925308	15.3182047784385	15.3037765153494
P08621	17.2376141415467	17.3067154811819	17.2530424075252	17.3957305336623	17.15963160934	17.2095514223871
P08648	14.8761341541265	14.778908919153	14.8526517022994	15.066535932608	15.0714537122304	15.16052814687
P08651	14.3935831403874	14.4248035575935	14.3714023757324	14.3960592060785	14.3696900641823	14.4404670252845
P08708	16.3623900653077	16.3854782061267	16.2531422555698	16.4133271882787	16.3829774981529	16.3520547871132
P08754	14.1737589732351	14.0500001785574	14.164934694559	14.1794037191706	14.1604640893771	14.1418316980694
P08758	16.9707889745683	16.9760678111485	16.8187261140779	16.9554307612605	17.0484214125231	16.9712267754441
P08865	17.211760834916	17.1894859012879	17.0568728722926	17.2606637067387	17.2322698527094	17.0447815785137
P08962	16.0083090770908	15.9743834695734	15.9721733731211	16.186124863715	15.8334729222709	16.0165532249531
P09001	12.9450727119747	12.9456844177213	12.7388016730388	12.7262452871716	12.8529330551331	12.9410864688219
P09012	14.2342043040202	14.1094500636107	14.1659866491591	14.1640468398927	14.1630553360994	14.1632379327931
P09038	11.5159165243338	11.7842723653894	11.7249044865061	11.7353396425502	12.0699981150091	11.7612873983005
P09104	15.3290939429223	15.3744392513102	15.2603434431987	15.4839715402055	15.4282682089755	15.2623331056657
P09110	15.1300942163442	15.113381633411	15.0508035491445	15.1479612242396	15.1623343401972	15.0709897360316
P09132	15.095394454203	15.1076418354082	15.1695556837938	15.3334273586472	15.0977387768484	15.2182975782354
P09211	16.9293132399973	16.8725903240228	16.796554352604	16.9520063640277	16.9781340464128	16.85739610579
P09234	14.4465321373946	14.381915721862	14.3414754424452	14.371224251461	14.2446561355049	14.2428084863908
P09382	17.6365171883809	17.6675178648783	17.4459206773012	17.6133883932535	17.5984083143236	17.5566446718691
P09417	14.7309938742497	14.701642462276	14.795884878094	14.8168823574621	14.8707318569443	14.7613804593539
P09429	15.5673687997249	15.6922976105729	15.5404908926623	15.7126454131767	15.6583497740055	15.5894890346448
P09455	14.906267532187	14.7658129233587	14.8149078313426	14.8576040643013	14.8083262806756	14.7552250428221
P09471	13.4940848256558	13.2453069995708	13.534226105227	13.3570026234258	13.424389051792	13.316920312327
P09486	15.327809356047	15.2685308817603	15.1396208386972	15.4645475644411	15.4584980899525	15.356946369904
P09496	14.373578063541	14.389170403899	14.2388777349552	14.4668373666753	14.2980928350128	14.1570493622398
P09497	14.5125553001207	14.4297454981639	14.3515585192841	14.4800763487164	14.4256002824174	14.31676924374
P09525	16.3287680193303	16.2730934599573	16.352736167535	16.4273146582421	16.385697420154	16.2476438241097
P09543	16.2604119092885	16.1855235124752	16.2182265498976	16.2220549827844	16.1665202544805	16.1469683326417
P09601	14.1394372537352	14.1149413606286	14.1364212301436	14.1790245818695	14.2179897886016	14.1260314277379
P09619	13.5381884700147	13.4720676123532	13.4971929814597	13.637139247569	13.7223093722464	13.4577962940524
P09622	16.5020557047377	16.4574380852751	16.4453267291388	16.4632807074766	16.3692031263848	16.3790255610268
P09629	8.66793394223776	9.05401109455984	9.17157762199716	9.02644496237226	8.97682393238151	9.14585837246426
P09651	16.95127667672	17.0445536119777	16.985033276695	17.0718724770806	17.0040332427364	16.9106171003696
P09661	15.5935830304368	15.6125595720102	15.4892388325632	15.6082968869456	15.7033243312165	15.5160179830296
P09669	13.551434743112	13.5756455792427	13.614079525493	13.5895679164501	13.762938963063	13.4723509154141
P09874	17.2710147894868	17.2914129224233	17.2786262919123	17.3178850392943	17.2743000386558	17.274995808352
P09884	16.0838652078451	16.1139195812236	16.1773307390588	16.1156095385069	16.1713701258419	16.0764768705561
P09917	15.4132577308334	15.3798963700431	15.3563978695102	15.4248028944225	15.3870686436709	15.3360876891298
P09958	12.1032684459643	12.2933784555863	12.2186386893896	12.3839024186044	12.3407868947033	12.4085950520952
P09960	17.1836563236445	17.1497206248797	17.1052532434472	17.2125744711556	17.2064641810756	17.1065609636309
P09972	14.149179605006	14.1048259511956	13.9940929381972	14.1175382924132	14.2105228710244	13.9649519164896
P0C1Z6	11.4298962326473	11.7685840281544	11.5079650919804	11.6342710704943	11.519952708651	11.6298270716508
P0C2W1	9.55536164898525	9.27364274431978	9.44402758811071	10.0160396014393	9.00604276428619	9.28004417695308
P0C7P0	13.0502490439978	13.1457943338589	12.9903284171733	13.0259835755924	13.1353732342824	13.0237258191476
P0C7T5	13.2458873524655	13.2322887885671	13.4356032614672	13.1094795939219	13.1383734761808	13.2357509092885
P0C7U0	14.90433496902	14.977770222079	14.9885960146675	14.908191860335	14.8495581786354	14.8806404049409
P0C7V8	13.9782199555036	14.069531000991	13.9548834556905	14.0036481827092	14.1198615844886	14.0659831525641
P0C870	13.110505944067	12.964690842256	13.0297013630113	12.9529375748992	13.0404034753057	13.0391771936655
P0CAP2	14.7001485967571	14.8263697430398	14.7456213863203	14.844376435092	14.8061496448344	14.8507671713492
P0CG08	13.211748514233	13.329189504003	13.3925271000615	13.3570725606641	13.432892720802	13.2499529148784
P0CG12	12.9667080710696	12.7508137630022	12.9060534041386	12.6444530349255	12.9090390846801	12.9031808793399
P0CG13	13.4640630716855	13.4245414530163	13.4579708735927	13.4475670753528	13.4315686969436	13.2695923132482
P0CG35	13.5006098286109	13.6456366799015	13.4656649918128	13.6687710386092	13.3981155965847	13.4321712423901
P0CJ78	12.3625008449131	12.4822562071328	12.4747424242796	12.4927199796102	12.0540151514292	12.6823097200102
P0DI82	11.7204362774046	11.6863380639514	11.6529862648352	11.6123452719678	11.5954869424835	11.4722262440219
P0DI83	12.309574454097	12.4972190004402	12.371737516273	12.6134459771076	12.408901354094	12.4591686219407
P0DJD0	9.01885917224562	9.08354969009695	9.37508328486019	8.96418762470234	8.34082741586107	9.35285725292303
P0DMB2	10.0260182966016	10.2169292614222	9.97869237776316	9.96521294511684	10.0687692773689	9.99540869910251
P0DMV9	17.1248195118483	17.1570329581264	17.0942994374641	16.9797849506227	17.1365525798284	16.9840556070759
P0DN76	14.1729794602139	14.113397600389	14.0357347998955	14.1585501785204	14.30576862599	14.1305566837246
P0DN79	13.4805511417442	13.3724209872706	13.5346443612967	13.6421482075278	13.5387819886137	13.5582253601332
P0DP25	14.7937836186345	14.717830146298	14.862210113213	14.9002471493411	14.8040115138084	14.6752818439995
P0DPB3	9.68091769701649	9.85535286478584	10.0583316804239	9.59340059134935	9.3473970307372	10.1842734015134
P0DPB5	9.76319174726128	9.87808575438504	9.67332063879028	9.19596280039867	9.46488191800422	9.59963221560354
P0DPB6	9.97060239914014	9.96698077280743	9.81287337358615	10.1414278494082	10.2462693486817	9.63944070059778
P0DPD7	9.64228872719666	9.55455023496648	9.57999503632788	9.08594811960532	9.27654880230408	9.52739180983868
P0DPH8	13.6995406932981	13.8248450674688	14.0233602248534	13.8005813301069	13.9199253203086	13.7626576706377
P0DPI2	14.7957993763702	14.8303906707883	14.7807082676621	14.7732513391354	14.7528331343316	14.7521548103599
P10070	13.0623943381332	13.2789857012006	13.1946659145704	13.0897551791736	13.2639694377673	13.1275758737478
P10071	12.3744860223432	12.3762193788132	12.3493122877976	12.4385714294212	12.6242666878351	12.4072987205173
P10075	9.09520971101029	9.34411113934618	9.25284472876868	9.54910392266352	8.77830005311409	9.32248403077103
P10109	12.0389230384405	11.7509092739652	11.9748191084238	11.917950167052	11.8854986819693	11.6570404929041
P10114	9.79604270016498	10.0068590236889	10.0497029493261	10.2651229162531	9.88186550632761	10.1352821488429
P10155	14.9075016186294	14.8906516231936	14.9505006450699	14.8299672751002	14.7016277850544	14.8888595601036
P10244	10.3970571438826	10.6443344405757	10.4860347019385	10.3091337683463	10.3023718854941	10.525933302319
P10253	15.2206659817608	15.2907463734661	15.2607389356382	15.3373959605218	15.2515606570143	15.1791452394893
P10275	7.6495972836027	7.35488779354653	8.29318496575357	8.2980473516071	7.63800514687325	8.07883019487127
P10276	12.8864597409775	12.893784380789	12.9318568018078	12.8415129783864	12.6398424661593	12.6487087869717
P10301	13.9294536444618	13.9010960360913	13.8449388584358	13.8051899426731	13.7228463233962	13.7501933774653
P10398	13.7805419157222	13.9434246974824	13.6695269349959	13.8918856085864	13.7148197668158	13.7699056969466
P10412	11.4477207622036	11.5629535501341	11.8955801553131	11.6379684948402	11.4949987566704	11.7898979734573
P10515	16.5836839509263	16.5922837876427	16.5621888182647	16.6551234495288	16.6496986119756	16.5037261019206
P10586	15.5221465340833	15.5018657939782	15.5839093434917	15.5410838459185	15.5584967116764	15.5791467458672
P10588	10.8235111948609	10.8066644757098	10.638473534243	10.6711908467994	10.8079228199871	10.7991567392056
P10599	15.2984360584599	15.3977598297487	15.2793597354904	15.4041366732446	15.2529212532088	15.2039252637263
P10606	15.5985078316257	15.5583277841726	15.5751593372132	15.6396189432899	15.5524054519676	15.4566980624584
P10619	14.9667200798319	14.7493596814978	14.880445081532	14.715181206599	14.6525085244218	14.6501499039487
P10644	16.6203053386531	16.6657674944312	16.6215309660592	16.6651687378083	16.6360705506106	16.5330012790461
P10646	9.8549088637368	10.3375188119194	10.4596671038175	10.5173950629362	10.9030964247737	10.8624862429854
P10768	14.6809696003966	14.6977173606768	14.6622761204733	14.7553209144587	14.7172716904025	14.6463021869448
P10809	17.4777023678101	17.4753379007973	17.511371713562	17.5235532703094	17.6088539981366	17.4402257759871
P10909	16.0701777032758	15.9951475521894	16.0791893723106	16.1069785224177	16.1871713176219	16.0390926394934
P10915	13.6464943068888	13.4812328298187	13.5743162248605	13.3510892585611	13.3247771517189	13.4325106601168
P11021	17.2456661379085	17.2416396568666	17.1567317731277	17.4957056619149	17.4791159706781	17.3394434993369
P11047	16.0852093955986	16.1390542156066	16.1434806466112	16.1745403382097	16.1082014731175	16.0801287024339
P11117	13.8344169879955	13.9257879412596	13.8849050347095	13.7358227976556	13.8198288387782	13.6366344095552
P11137	13.4528256294634	13.5650111129563	13.4631163732148	13.447817394581	13.5348489038917	13.5965408225318
P11142	17.3178514230859	17.3151941447614	17.351685635346	17.4072665339101	17.4368153848423	17.2212575455684
P11166	12.7813527649342	12.6506393555806	12.5025248881947	12.7904428723688	12.9994207847034	12.8418714135114
P11169	14.0295605417771	13.8666962850307	13.6102515399374	14.0367280322753	13.8692269860347	13.8704023380355
P11171	14.7544814175607	14.6906803519278	14.7780349287164	14.8163329890078	14.8330735083696	14.8248903516715
P11172	15.7773792255012	15.8051519885479	15.6940210071419	15.7374299506456	15.7937375392239	15.7769756737866
P11177	16.1989267336347	16.2264459364108	16.2413251102299	16.2479914347301	16.2762586599314	16.1736230983203
P11182	12.6171812462548	12.8029134344338	12.7151947323753	12.777949718958	12.7796571027292	12.6008660756876
P11216	16.9589253297798	16.9363381532559	16.9936669261372	16.9990565889091	16.9944350816885	16.965492472452
P11233	15.1503321092255	15.1264980192039	15.1768603416607	15.1030654500382	15.1362344184238	15.0518659366926
P11234	14.8252944242435	14.7419432803508	14.7671677537603	14.6666857729643	14.5790271225394	14.688606663338
P11277	9.36891568153145	9.04007326387597	9.18262495791685	9.50275522690935	9.64661945494155	9.41192348123601
P11279	13.6021162880805	13.5265897442119	13.5613826724909	13.6520254168302	13.6577323532509	13.5909357508266
P11310	15.0915375544696	15.222048848917	15.2064200906394	15.1462689950544	15.2484343726651	15.0406617340229
P11387	15.6700129489512	15.9079624606365	15.6270358614493	16.2682966038157	15.6627390491653	16.2076923981878
P11388	17.1991769528388	17.204019068166	17.0970560419488	17.1681302532663	17.0446059239385	17.1610223858541
P11413	17.1925223347679	17.136763840115	17.0453738597497	17.2086430763196	17.1605421994342	17.0267437658498
P11441	14.1080770207782	14.091681354543	14.0566413043982	14.1612134680207	14.2966997818162	14.0872204701744
P11498	16.5134970457103	16.5065680591194	16.5728832269138	16.5156683549828	16.6353211774466	16.5360475542159
P11586	17.1479079937919	17.2251640894034	17.1238140001775	17.2178235184366	17.2316451261399	17.0663837304044
P11717	16.426210688822	16.4125632793526	16.4018146336121	16.6617393156461	16.5742211827486	16.5973396173468
P11766	16.1348624454591	16.0295933749804	16.0253028505766	16.0958576403201	16.0625625032192	15.9343352977245
P11802	13.9232947245793	13.9331490821274	13.9498022543867	13.8849779168859	14.0578480456007	13.8994586642117
P11831	12.2567802817635	12.1107791768468	12.2910097597056	12.2384606752496	12.4259094968913	12.4289630076451
P11908	14.7967748817775	14.6951331439698	14.7085670884711	14.7217359613855	14.7544672277069	14.7131119259816
P11940	16.827558087023	16.7775983058241	16.7462174621015	16.8199615427599	16.9124005009833	16.75662430559
P12004	17.0489754699029	17.0310306377822	16.9252326018282	17.0539328874195	17.0391735064435	16.956491121365
P12081	15.4433228930035	15.4341397924957	15.4327428604693	15.4529344517002	15.4694764357397	15.3611470572645
P12107	6.35010395840264	6.67406180461498	6.1396076920521	6.36637192655411	6.71718048299977	5.34388492200352
P12109	16.1519946937481	16.2408863362735	16.2170200047134	15.9790089996108	15.9289169517385	15.8807443416991
P12110	14.4687004842949	14.4396948408372	14.422887644948	14.2690210439002	13.9926514122078	14.1449150400976
P12111	11.4165624539296	11.5308256303969	11.3589898150553	11.1166757578137	11.1325379144358	11.1781151513037
P12235	7.57134812110181	8.97416576049099	7.69021464957277	8.29465624489296	8.5736019706676	8.27170573237433
P12236	12.6723266256773	12.657926631524	12.6970113797476	12.7522428308375	12.84348148808	12.7440803002322
P12268	16.5463704202216	16.5830457647821	16.5447454322229	16.6392368921417	16.6547347450408	16.5108797022958
P12270	17.0500738842472	17.0226325266341	17.0846783851061	16.9909168486578	16.9448164214049	16.9919708756558
P12277	14.6754474046651	14.4878232238483	14.4111318852382	14.4141199844948	14.5524262290665	14.4520380861316
P12429	16.0485759152582	16.0461759741764	15.9417891218484	16.1263024405274	16.1062296821212	15.9853556186438
P12532	10.6339423575092	10.7614585793053	10.9621287647048	10.444254312822	10.6398671675152	10.9773150391228
P12694	14.4279618929921	14.4201082688532	14.3608965133533	14.3925454235999	14.4853447604373	14.3087838460727
P12814	17.3684401846076	17.3673726297146	17.330050264051	17.4168590555699	17.3764635095131	17.2818317551037
P12931	14.061413218802	13.8276390763055	14.0206040671625	13.8704904108827	14.0490967138159	13.8944688935113
P12955	15.3651793693446	15.2750777076572	15.1806648135423	15.3318722390568	15.3624089152245	15.235176182814
P12956	17.8494873002267	17.8305728163987	17.7533204502645	17.8475739631158	17.8471074610851	17.7045992035614
P13010	17.5305156413219	17.4987167846013	17.5332032679104	17.581368557259	17.4902336370421	17.3884982138132
P13051	11.1959954512329	11.4047088748636	11.0710913549172	11.3050903072657	11.3481682599163	11.1337298785529
P13073	16.2564648418948	16.2606910600777	16.2435210896682	16.3191888835728	16.32340980014	16.136746993845
P13164	10.2655039533128	9.84649823660158	9.91338246195208	9.60938822108593	9.53406498573337	10.242720513261
P13284	12.9174686611198	12.671458172215	12.8315525181426	12.5465142037185	12.7849217961632	12.5529658875798
P13473	14.9728277554288	15.1101822381	14.9580134358793	15.155007221746	14.9412846860387	15.0387600246528
P13489	16.0756239082417	16.0638657220973	16.0602112968647	16.1683000274277	16.085920788471	16.0142125596252
P13497	13.128646373758	13.2377081801865	13.2651950076684	13.1076282653122	13.110806912143	13.2459624986102
P13591	16.2346792405018	16.1695355303945	16.1856640428176	16.2957192317589	16.2374938102212	16.1976171419474
P13612	11.7921741569882	11.7344716188675	11.6880939538183	11.7569310078243	11.8083258227819	11.745972234259
P13639	17.1413798953921	17.0893998338667	17.0347908546092	17.1364506704056	17.1136430699216	16.9820139756347
P13667	17.3302725982422	17.3090265844883	17.3092189376687	17.4959197533917	17.4429108181475	17.4407212427198
P13674	16.2542002681834	16.2704634725731	16.225138390848	16.197378525983	16.2513264121164	16.1680583587633
P13693	16.409525826539	16.3865770007739	16.3745296011647	16.4647686257898	16.3829049376536	16.2931009565566
P13716	14.0793426997194	14.1763923072218	14.177655378062	14.0832138528807	14.1829944780424	14.1150717361742
P13747	10.0467397363859	10.0030322056987	9.45478892243374	9.68199316621133	9.4093168142492	9.86818262603794
P13796	15.2392195313413	15.1484135949203	15.1457932844667	15.3803899299433	15.4090486248466	15.211068272753
P13797	16.4940666468593	16.433893679197	16.3665157460689	16.4624371123019	16.411085859932	16.4184158502025
P13798	16.6805048988547	16.6489354112952	16.7127015497308	16.749246900668	16.8178032466302	16.6571786093219
P13804	16.823858675763	16.7948695946154	16.7213640474094	16.8847993312474	16.8640400597758	16.696907619491
P13807	14.7065280635915	14.6581628399879	14.637505992985	14.6831741195777	14.6726596178455	14.70782947471
P13861	15.2664149792162	15.2291077087414	15.2846938537126	15.2682974808694	15.4741360309133	15.2364997505684
P13929	12.858688305512	12.9428251643902	12.8052950634787	12.8087707865053	13.0050075343918	12.8192415620486
P13984	13.5431446449235	13.4876371594504	13.493825577804	13.4945385370558	13.2593945880447	13.4383997632532
P13987	14.3141328446756	14.3549887290803	14.2317984585894	14.4975009336865	14.3550776674238	14.2656745737571
P13995	14.6978039074118	14.6745530797486	14.7760194488542	14.8103093399254	14.6564148139217	14.7019729700294
P14174	14.2183364428568	14.30655331833	14.2006250943334	14.3856201602369	14.5167639361452	14.2711909380915
P14209	13.9296530384507	13.9430587660563	13.8019387559411	13.8318224222937	13.7856103978935	13.8526848495908
P14314	15.4014470809524	15.4370616799342	15.3987052653191	15.5490995910789	15.4555920352398	15.3796083825906
P14316	7.57529430127651	7.90373496929244	8.30091296838135	7.67072377243404	6.50509004839765	8.24609483526431
P14324	14.2449802359099	14.3718309750546	14.3339419339639	14.3160326615735	14.4168011396901	14.2277467395855
P14373	13.639320661299	13.8570923949564	13.8852559961864	13.7283074880069	13.7853396491254	13.9984306930313
P14406	13.8768599191539	13.7969818243174	13.6399885177146	13.6361383666937	13.6119814575824	13.6107662695699
P14543	15.1940382753386	15.2156028754604	15.1906220216493	15.222292235953	15.1389000988034	15.1814888487326
P14550	16.5412512371153	16.5584918348294	16.4966696894969	16.6288498820789	16.6643497478757	16.592067645265
P14618	17.8474472160491	17.8229084521327	17.759029487009	17.8851868488934	17.8933720596215	17.772357820933
P14621	8.73866701448173	7.85965568209274	8.71789892518668	8.57213179714452	8.85724714529557	9.12036753077851
P14625	17.4171311147543	17.38715351575	17.2924028624175	17.4740574484297	17.4568182571891	17.4791436971126
P14635	15.2932119014015	15.293345445089	15.2105379184243	15.3270590445412	15.3229045819047	15.293915166726
P14649	14.2909530969783	14.3369100303341	14.2363071974989	14.419839170424	14.3660556385076	14.2627496275736
P14735	16.7500831421642	16.7164118306446	16.6993073408919	16.8166687523589	16.7767875234869	16.7475105867473
P14780	12.8736729010624	12.9544516524429	13.0337736152588	13.1560328972752	13.1658406593493	13.03953717532
P14854	14.0843090324188	14.063499307836	14.1876697491766	14.0579124494933	13.9970877772592	13.9914060188147
P14859	14.029115230682	14.0126884235384	13.92496173415	14.0636906099537	14.0708137052194	13.8938157304308
P14866	16.5307062596811	16.5478818953899	16.5286811512293	16.5361065494681	16.4857642645306	16.4384439324149
P14868	17.2768376479293	17.2172805103032	17.1867561795485	17.1802189373279	17.2200575511462	17.207896234285
P14921	12.7696088087885	12.7219575644675	12.8978416652207	12.7099858250752	12.603163516746	12.7293437020016
P14923	16.1925432224575	16.1999582527878	16.0864237888657	16.1149501154506	16.1608896527435	16.0681464803295
P14927	14.4680535622865	14.4367507504422	14.4032106609919	14.4591317107229	14.4861401396577	14.4291693810679
P15121	15.9001423813011	15.7249103724068	15.6471058085212	15.740584274573	15.7595095348744	15.5949899877543
P15151	12.7189307964205	12.4695362633841	12.6734247390098	12.4040648297063	12.5193933918445	12.6084341428605
P15153	12.7488855811492	12.98937285481	12.7967620223461	12.9834921926334	12.9620356668438	13.1000636477733
P15170	15.8584920960551	15.8435495206187	15.7977140735297	15.8394646054708	15.83912014808	15.8247585782747
P15260	10.1478466104983	10.1723200295578	10.0269183010827	9.99441746279068	9.90877943387327	9.82612296873005
P15289	14.704649716931	14.7368784365785	14.7219126465837	14.7859620048781	14.8074413588622	14.6610940721464
P15291	10.3953061821185	10.5895585501691	10.3671849706542	10.897693062858	10.7649533604722	10.7937046936158
P15311	16.7575846379748	16.7742201152242	16.5882191505595	16.6727933160699	16.6618938110688	16.6252905150351
P15328	12.0344592880457	11.8565743708759	11.7120542654518	11.6319782618627	11.7831243004229	11.570138667366
P15336	9.78566383829644	9.97106754088456	10.0175966458416	9.65590295310318	10.1340585725838	9.88860224315478
P15374	15.7067957417761	15.628657816129	15.5880615742179	15.6857745454611	15.772509624922	15.6756952096998
P15407	12.8938800567153	12.8908457814713	12.7858407965363	12.9257772529964	12.9139448669194	12.8984186177963
P15408	12.7785047117436	12.9008905940886	12.6015817581599	12.768382831157	12.5317705753134	12.8419982828815
P15509	9.2560157848031	9.16369777880452	9.04699756228218	9.52374769301769	9.75235054214821	9.34016129341195
P15529	14.9770601018783	14.9354211391852	15.005308563351	15.1955230528737	15.0089527627013	15.1642186709227
P15531	15.6219919694477	15.6729659729448	15.5968293806164	15.6389440126972	15.4122970088392	15.6147929507304
P15559	15.2566892064206	14.9870663947533	15.0441106670403	14.8019837234257	14.7993166230719	14.9028287212604
P15586	14.8296000197198	14.8240182458302	14.7118919946429	14.8464481646036	14.8217731123617	14.6756673883157
P15735	13.8440849546107	13.9407362008542	13.9379292195747	13.6918481040995	13.5760933620272	13.8611794112062
P15848	13.599636092097	13.5946320155738	13.6176694920907	13.4312701357634	13.5385424192407	13.6206427343621
P15880	17.1422620580166	17.2134241162656	17.0949555705899	17.1957734708428	17.0865085365447	17.0507604205695
P15884	12.8576666651334	12.9399488605037	13.0216039894494	12.7019084242005	12.719995011802	12.9034384347116
P15923	11.3337007968319	11.3619051570241	11.3356391993779	11.2422778230684	11.2220164859162	11.1535384127126
P15924	9.88828676677407	10.1404763496436	10.3175843269981	10.0818403823229	10.588507519234	10.4761459241903
P15927	15.1154101531351	15.1687822089928	15.098118022876	15.1829733928306	15.1691530728869	15.0237431477675
P15954	14.6159663966577	14.3452393791397	14.7121189530447	14.3021736269309	14.3535126754922	14.0965361352874
P16035	13.1129248659747	13.2891930867235	13.1041774026575	13.0582184650769	13.2115328837419	13.3290784967426
P16070	15.1274252337383	15.0300815768814	15.051654967703	15.1496320451942	14.9473587333081	15.000427702664
P16083	13.2600801142232	13.2318491544218	13.3448468538	13.2656291230711	13.350819049627	13.2133233387732
P16104	12.3749171643795	12.4924916066585	12.4457817762887	12.2889405159421	11.8235933506245	12.3101472047314
P16144	14.5951478308552	14.6682225245817	14.6863786873165	14.5771879244944	14.6925078158387	14.5346400905565
P16152	15.034409289084	15.0311406718092	15.0278670848876	15.061351995412	15.1322317613068	14.9542360834888
P16219	14.1610508508135	14.1153601922947	14.1528016201583	14.2129436185597	14.1436063922055	14.1063061248928
P16220	13.9706219968181	13.9507784595724	13.8906121346378	14.003499822163	14.0407309158057	13.9737755767791
P16260	13.1055111369591	12.9370269262843	13.0537617506593	13.1131485751133	13.2164233027544	13.0997453589172
P16278	15.5452753721744	15.5822104836157	15.5783133746323	15.4665438484972	15.522894219719	15.3781806905144
P16298	12.7604234598835	12.8116514316787	12.7919390216254	12.8271603074256	12.9704148620401	12.8043289426758
P16333	13.0244479288421	13.0513939512363	12.9847595416646	13.1349794236102	13.0343308164041	12.9018125306237
P16383	15.3048012651577	15.3512415641789	15.2087330390376	15.2461130425814	15.3273044352285	15.2708694301886
P16403	11.8235690639243	11.9154037959129	11.8622708356147	11.5811434008553	11.5141880709517	11.7561346468662
P16422	11.6413698131268	11.7365813365833	11.8416204077968	12.0156350632872	11.7193483899896	12.0213482505728
P16435	16.1718174501615	16.1457787214367	16.1617544853801	16.2283429324482	16.2409185292664	16.1041095412378
P16455	13.2797467686037	13.3519775307687	13.2466163170028	13.2018348804373	13.3463125801101	13.2135374299814
P16591	12.949549557769	13.1082732231555	12.9153222398118	12.9868151407878	13.0805847083352	12.9400401215525
P16615	16.8026798495192	16.7924623411025	16.80182123988	16.8778993908207	16.7817937130092	16.8171264129342
P16870	11.1671519521368	11.2143050457647	11.2388919530456	10.8698931138927	11.3946406129725	11.2021911334086
P16885	11.4649073471217	11.7482706743308	11.6981309012409	11.5996152790353	11.6504047962221	11.7857683573986
P16930	14.8285167151167	14.8355231359627	14.810310901074	14.8844314506733	14.902439382078	14.722712586114
P16949	17.149597776683	17.0716529750228	17.1463679129955	16.9892104977742	17.1422573476321	16.9474363838246
P16989	15.4929224367556	15.5081237714442	15.3721046481093	15.6486727853467	15.5224644422787	15.5744003808022
P17026	13.2484095205213	13.332631244664	13.2110510585737	13.5103535888473	13.2879992050604	13.4785501001427
P17028	12.6227012668105	12.7862494045445	12.7365138324264	12.7190166031199	12.5850286249769	12.8367462223503
P17029	12.080453973364	12.3140563479984	12.1224428436114	12.061736630201	12.1613893008056	12.3398146203698
P17036	9.32372498521191	9.46871930178479	9.26855352761499	9.15154212291249	9.31630787527898	9.21894270660372
P17050	13.4465642329548	13.5111686201454	13.3154811082739	13.4083118158241	13.3940012405499	13.4897804027177
P17066	10.5333935959435	10.7319428845807	10.1376234202006	10.611770272787	10.2604981598315	10.4960586030339
P17081	10.2704653265573	10.4569840031786	10.3209815696375	10.2545306759631	10.2184095743498	10.1470390213974
P17096	14.2304155411712	14.2352898898473	14.0681815663997	14.2905560547789	13.9860549807729	14.2586285173562
P17152	11.3154502366299	11.6374876824789	11.583318306264	11.3084406280735	11.3216559197082	11.3963798492481
P17174	16.7798935604529	16.7289820996984	16.6227788412016	16.7950226177312	16.8114568201016	16.6210302725635
P17252	15.6481422752999	15.7044334856201	15.8174569676558	15.7760071619648	15.8427589407874	15.7123380173968
P17275	12.2167620470806	12.315538549538	12.169204674851	12.3316748354053	12.0087264273433	12.1917353381771
P17301	16.6465096407502	16.6456087870939	16.6784363255168	16.7548898170394	16.7415973944482	16.6704500531966
P17405	10.0370568491548	10.0919261757373	10.0615440412328	10.222684795195	9.74192454397023	10.0369732706734
P17480	15.7982114450741	15.967522470486	15.7961462974397	15.8575041674977	15.8192693123468	15.8215726920303
P17482	13.4673122139671	13.3940821402532	13.5291339102524	13.5495162299771	13.2012417847738	13.5878831837235
P17535	13.598085034936	13.4851843131873	13.5929075713643	13.5287211689724	13.3863483041967	13.6085937964595
P17544	11.462004433361	11.5142194681972	11.4657673033539	11.3720204398963	11.5424753710797	11.4274395702903
P17568	14.7910722354324	14.846346557577	14.8385363019335	14.965139361084	14.7315675328593	14.8104504855159
P17612	12.3226949394163	12.0936345020489	12.1225239636214	11.9062384577075	12.2889931787923	11.9919311184195
P17655	16.2067415782767	16.1480575792015	16.0947569117038	16.3091642220403	16.2643850699088	16.0611982221465
P17676	7.431536130283	8.84793738240812	8.7730134195735	8.52495097302354	9.52735104655611	8.74380872834611
P17706	14.9124937471804	14.9093987231226	14.8896553682382	14.7894394712263	14.7225241791319	14.8206168447593
P17812	16.3730124613328	16.4066657003823	16.3362162277625	16.4317643569663	16.4675821942468	16.301861920933
P17813	12.6965208944831	12.7123134990336	12.6746158194885	11.975951196625	12.73176261759	12.3048986447456
P17844	16.0935162116455	16.150553374493	16.0986424318813	16.1682750231856	16.1477204378103	16.025554415519
P17858	15.7507298146059	15.7957930938013	15.7324795692491	15.7429927101784	15.7447096812621	15.7340263413685
P17900	13.9903958798985	14.1028715687359	13.9830450069796	14.0755517136773	14.114586847878	13.7756926064614
P17931	14.5765045262182	14.4855135483218	14.6050781032644	14.6166758280839	14.5989036794461	14.4122309913314
P17980	16.8061073621599	16.7921664179377	16.7470045681961	16.7791438398798	16.7280268002121	16.743900054879
P17987	17.1388636520258	17.1046238512418	17.0073621751862	17.1245095062097	17.1598832878546	17.0315098950852
P18031	15.6639160691827	15.4429245436134	15.6235548479825	15.3872076077866	15.4785280035603	15.4272901153857
P18074	14.9249155892284	14.9275727259571	14.9549276448452	14.913904035017	14.9047805523012	14.8736621510968
P18077	15.4582693358764	15.4375625182761	15.2702763565308	15.0676341913209	14.8650432788577	14.9239176706923
P18084	16.369092248867	16.4448207483302	16.4409365166361	16.4167315268583	16.3020171373031	16.3071986957047
P18085	14.5768228378043	14.3154551247915	14.3988717131996	14.669967640714	14.3784436117176	14.4260170372157
P18124	16.5071640018984	16.6337562307812	16.4551129733667	16.6097339566187	16.5625806823345	16.4592232260864
P18146	11.6691527907367	11.8186389729175	11.7723406323304	11.3916323046566	11.6077002575663	11.4367786026352
P18206	17.8213289224126	17.7192583888055	17.7011041121603	17.735728412422	17.7001544147001	17.7012655739951
P18433	12.7138326397009	12.8342092249933	12.8619599099581	12.7213721045164	12.8315274659036	12.7279849144043
P18440	13.2315681163829	13.2389735812283	13.29151490756	13.2479946368737	13.3012660579706	13.121604545674
P18564	13.167001829068	13.1439953287271	13.2406718487658	13.1214719796494	13.3212837414673	13.3001616809662
P18583	16.3876014755886	16.4242688171204	16.4534903781225	16.4077102820273	16.4263876787892	16.3677311149118
P18615	14.6965938302582	14.6585746719981	14.6531204821112	14.7228648708812	14.6852285487914	14.701250682708
P18621	15.7332458787713	15.8034815568581	15.5406945767346	15.8961727859087	15.7350282984259	15.7257492159687
P18669	17.002086458248	16.9382814503419	17.018401839179	17.0752146617936	17.0536256227819	16.9366317845815
P18754	16.3005894273811	16.305055045588	16.2844527933993	16.3957966916282	16.4006179519301	16.3115012108628
P18827	12.4229742297805	12.2423589627015	12.356315782953	12.3223054367575	12.2271771107024	12.3158451311293
P18846	12.1621267003162	12.0366456594019	12.2562557489257	11.9621174446687	11.9648483844539	12.0793001720643
P18847	8.25484324557971	8.53235510301963	8.42746043310495	7.98682366883101	7.58671466189416	8.53688932070386
P18850	12.3274930464771	11.9546768126156	12.2223309991254	12.0579538506236	11.467890512952	11.8842498841104
P18858	16.4849033680811	16.4984695409315	16.4251732200879	16.4870437224738	16.5178363707791	16.4248254504464
P18859	14.1381146113984	14.1639696284371	14.2436732492431	14.268831682917	14.161194266824	14.1382507331337
P18887	15.4905787866904	15.4705081995391	15.2519426715565	15.3912911212542	15.2502031586211	15.4486271373821
P19021	15.3292964668093	15.3370410192206	15.3354306497782	15.3807739730042	15.4371501148534	15.4324895971799
P19022	15.056355503504	15.0833583590265	14.9899865492059	14.9825118619667	15.1120590883331	14.9248572597319
P19105	13.7478212355141	13.8439428454381	13.7232140554789	13.9646882522247	13.901679893406	13.7854060348366
P19174	16.1136268278833	16.0497406723242	16.1150829405465	16.1393865606774	16.1538065087101	16.1225503671791
P19256	9.62322218938012	9.26923219297688	9.478347323229	9.6417084654934	9.82905612408532	9.45553418677541
P19338	17.7047668989147	17.6837703707049	17.6427273783847	17.6181914298149	17.500190668179	17.5662555723243
P19367	17.3327856420902	17.2363161231512	17.1889470492836	17.3169673899207	17.3270478150695	17.1661730648533
P19387	14.2448884125679	14.2894095615575	14.2672810577751	14.3584659800116	14.2634484766117	14.2141967694034
P19388	14.8435186735873	14.8567315044216	14.8128683466813	14.827787507235	14.8297659407102	14.7410705522916
P19404	15.4542251779742	15.5218751489781	15.470642023358	15.5501145589258	15.6381643570693	15.468027305572
P19419	11.9213560674687	11.8915711922878	11.876916983514	11.8176583137639	11.8416535233428	11.7872724163172
P19447	14.0106713968157	13.9412655900929	14.0477803232274	13.9503798343798	14.0864336768844	14.0412322447138
P19474	14.3976403258784	14.440558543737	14.3020532070702	14.2738930917869	14.2600221471379	14.3220728757175
P19525	15.9072694414563	15.9052836891328	15.8643047732706	15.8064395816362	15.8262633330008	15.8448086590343
P19532	13.9430188542981	13.9784140548315	14.0300075701738	13.6945303431079	13.8258632749163	13.9085432255892
P19623	15.3394093488883	15.308368208295	15.3422788079983	15.363240405844	15.4538432467463	15.3331096210529
P19634	11.2508752891663	11.4164177050145	11.5008383949186	11.2044833264347	11.2429015372532	11.4659325203096
P19784	16.1388073330407	16.1268183904363	16.0373446414786	16.0749192505729	16.1066391504659	16.083186959561
P19793	11.4159101108627	11.5756626586061	11.7361279314477	11.4834608879495	11.7012584492204	11.5718247163614
P19838	15.0510457524576	15.1090134969983	15.0329033749756	15.1975156006165	15.231743803134	15.0989541891521
P19878	8.7145297320627	8.6783073094181	8.84428286152201	8.85641707450373	9.03918349519279	8.86979602595522
P19883	12.6481194706466	12.6801875752142	12.4076950408379	12.9370001635535	12.964120235796	12.7965572132891
P20020	14.8242548766562	14.8935167263154	14.8377360807409	14.9317509573596	14.8460616449051	14.8149426167007
P20042	16.1934225648324	16.1526738337607	16.0535060697902	16.2305125513741	16.1352646374985	16.0894167466746
P20073	16.1929494803837	16.1161041789334	15.9043353879296	16.06751746794	16.0315549658218	15.9916913439592
P20226	12.8556400767515	12.9996353836737	12.9823621979387	12.7942682541202	13.0150599560494	12.9969662257452
P20248	14.5023144303804	14.2881020353785	14.4624429449706	14.0774174077716	14.019450991938	14.3192698022506
P20290	15.5276061991875	15.4928404972857	15.530634236483	15.5739640020788	15.5097742451736	15.4589117363094
P20336	13.1407538464048	13.0884145208995	13.1201696294944	13.0387252046775	13.1539421145795	13.07907884704
P20337	13.5109106777727	13.2755095482571	13.4386270940445	13.5188749717925	13.4901498627556	13.3971024053012
P20338	13.2779635291632	13.0711128765493	13.152433003664	12.9521096674627	13.1508339981228	13.2794769351657
P20339	13.8600372215897	13.8521102586171	13.920365621566	13.9468008317603	13.9314272893555	13.9372620365157
P20340	14.9212141121738	14.7442320685701	14.7772761689936	14.8789397505145	15.0018092895012	14.8411305237796
P20393	10.7430997000906	10.3945096011498	10.732480100746	10.3209801386824	10.4066093428685	10.6530130590128
P20585	13.2252235506725	13.2253131700721	13.209806998606	13.1878803272795	13.0150155178692	13.1114162325347
P20594	10.3577566807223	10.3854630696833	10.2516703254851	10.8536662924687	10.6973156099835	10.6041736947293
P20618	15.2067775823908	15.3000665796148	15.1642500396811	15.2507469177455	15.2406073880717	15.1956962597871
P20645	13.6993558283011	13.6946771369386	13.6628847700618	13.7679729885635	13.7002885542454	13.7223874601456
P20674	14.9387070094219	14.9202694731872	15.0153594571437	15.0388017106998	15.0726631110445	14.9342053991509
P20700	16.8069990978579	16.8075953456481	16.7633053335001	16.7600033447657	16.759773572018	16.6864892988292
P20749	10.8182063281632	10.9824198375665	10.7072593168193	10.7321972189654	10.7806619172267	10.7992524508695
P20810	15.9504791170818	15.9979910775099	15.8581098644295	16.0099570684663	15.8866438854738	15.9475101874707
P20839	15.4174693281673	15.3662892544945	15.3556454645707	15.4115574867749	15.5039147105356	15.4283746516271
P20908	14.6678782774882	14.6611989937796	14.5499887614783	14.8868194569019	14.8788346341933	14.7023263503996
P20933	13.3806119298725	13.2287850255014	13.4335254346242	13.1884791835882	13.1235950851473	13.2046974041705
P20936	14.0984916186236	14.077742701954	14.2530262904027	14.0784710034337	14.2122307509526	14.1935625989339
P20962	15.5994305425758	15.5579709134301	15.4534513618106	15.6063373967326	15.6119785720005	15.3213969691276
P21127	13.1364316985755	13.183746390219	13.2196673857807	12.9450707625807	13.1241072636745	13.094655162033
P21246	11.4363752945994	11.5607660954813	11.4080518054976	11.5170644133387	11.2451223601842	11.4808355262728
P21266	14.6392973743158	14.4328857412093	14.4608795850809	14.3440215300383	14.4285178695214	14.384714880466
P21281	16.672246226773	16.6775841002689	16.6796695883721	16.7069583825652	16.7276708200832	16.7050274886873
P21283	16.3766963187402	16.4030177193696	16.4521248244952	16.4458305296489	16.4590284336672	16.4023086338291
P21291	16.2484584641225	16.1856032486806	16.1329307333581	16.2368828499759	16.1340773879986	16.0677973876873
P21333	17.7186381551686	17.6224229981425	17.5967032462308	17.639122508022	17.5160827566756	17.4447985177061
P21359	15.8905503246193	15.9583096949399	15.9387918610649	15.9310140943643	15.9352782414021	15.9439910252008
P21397	15.0056915985013	14.9611029650345	15.0515454790567	14.9586157438349	15.0572759565783	14.9397750766649
P21399	16.4077328469026	16.3840242087582	16.4442865688496	16.492930761617	16.5362285835304	16.3871338665095
P21580	9.95418655867671	9.93998676880143	9.72924497537566	9.64262678912559	9.8393464832399	10.3335678435346
P21675	13.4319363241816	13.5731559302943	13.6445397634422	13.3207514692539	13.2811198142939	13.6428775741993
P21741	12.759891844314	12.8992616013627	13.0078420214992	13.1449554343167	12.963446000841	13.0927041541905
P21796	16.5228277564764	16.576796306599	16.599943293351	16.6119839891456	16.6298812134903	16.5193454249923
P21912	15.7651493039615	15.8280359941047	15.780951637033	15.856520453564	15.8193695114703	15.7912769790562
P21926	13.2769601478494	13.3934247930791	13.3764825510388	13.3118662429264	13.3018815230608	13.1830692438232
P21953	11.9106273404679	11.7272587202177	11.6277598618188	11.7943072363959	11.8551457929907	11.7719544834311
P21964	16.3541903778937	16.326125909501	16.3391008798231	16.4438915563158	16.4383608911204	16.3604701928341
P21980	15.2543745442604	15.287300487575	15.294332046356	14.745783604411	15.4750495901607	14.8935812778975
P22003	11.856795109728	11.7428833504114	11.8996339344048	11.7125293875363	11.7615291960371	11.9664262792963
P22033	16.9249780991246	16.9699433248707	16.9142547476057	17.0027095030496	16.9822623946182	16.9566840682892
P22059	15.9613928531577	16.0124263987563	16.0749354176773	16.1891766334562	16.0791337449575	16.1026447212538
P22061	15.1986039634404	15.1752833378516	15.1077565986294	15.2936652091612	15.2761263965565	15.0979624654498
P22087	15.4550005189413	15.4113352514414	15.4019263200798	15.5307550795323	15.4535250307104	15.4029455650343
P22102	17.475427587714	17.4509176133241	17.4275042542882	17.4585789357893	17.5228368420687	17.3690877936574
P22234	16.5574157053202	16.5217309431477	16.6223152453389	16.5453688812665	16.5887341356948	16.5077302022713
P22307	16.0866672636919	16.1207720210407	16.0300477874723	16.1326308982424	16.0827923030094	16.1137499246533
P22314	17.5038490242244	17.4715506669975	17.4435350150942	17.5167336879427	17.429001798941	17.3579566099563
P22392	16.0883271743833	16.0996132481322	16.0357074478523	16.1908955572379	16.1268492179452	15.9816838048307
P22413	12.2604542132413	12.2685259762855	12.4294552087949	12.1627580549543	12.2466640913007	12.0898027830454
P22415	7.77897480418676	8.65459023609793	7.9843310989801	8.00913690151175	8.05801365866149	8.35444143127832
P22570	16.4358698686324	16.4406047630622	16.3768435469638	16.4926105229591	16.5163365329351	16.3466306083193
P22626	17.232634541501	17.2356519461146	17.1901765470725	17.2173403228546	17.1476565598421	17.0565329844277
P22670	14.2461958940551	14.295223616433	14.3362087081129	14.2162847967377	14.2993464112523	14.3981047477693
P22676	16.2082279685867	16.1927975113086	16.1544380057527	16.2803644208205	16.2574036140719	16.2695258868488
P22681	14.7253174947844	14.7521868272496	14.7616603448762	14.7889044245511	14.8163564082494	14.7367326431105
P22694	8.36465334183596	8.58182242328491	7.56523135958787	8.74872270816308	8.50119398224074	7.48026623106533
P22695	16.8390828611066	16.8709481799881	16.8485098872841	16.8489907234385	16.8739345685201	16.8051846323844
P22830	15.5421178464243	15.5503875715681	15.5116343695289	15.5810914328926	15.518497194021	15.5421494154499
P23193	15.4962165939679	15.5277905026055	15.4838644503744	15.5135465733143	15.6150853601084	15.5184955926254
P23229	15.6849263888701	15.7096061462243	15.6228591272372	15.8113977755066	15.7586370398956	15.7432152041044
P23246	16.6262382951422	16.6307151973599	16.5774909817913	16.6342748543212	16.572204602517	16.5343792811996
P23258	15.0154212995494	14.9814031807651	14.998837846138	15.1211196531983	15.0434887172049	14.9153724992136
P23284	16.6108660129215	16.59540734127	16.4612712253259	16.8019387680982	16.8937259894943	16.7859074557979
P23352	13.5161328682006	13.5167658180185	13.2785940780776	13.5367821135519	13.5540453754183	13.5914672672607
P23368	15.4337658363808	15.3924534469712	15.4052662318521	15.3978593938993	15.4887710985153	15.3330562264424
P23381	15.9768433046497	15.9466252386409	15.8992128754833	16.1174935031753	16.0944614244998	16.0221007301786
P23396	16.8736360754629	16.7402113778898	16.8189896845526	16.7032510981824	16.6232059962071	16.7374086662068
P23409	10.4539896128822	10.4052032212684	11.0384519115099	10.3041050467373	10.5978624479391	10.851167600711
P23434	13.9433983505765	13.8721420310699	13.8293207665169	13.8666146756968	13.9989064985349	13.9300054741505
P23443	13.6821788197432	13.6173595795026	13.577665604207	13.6199039632026	13.76366552812	13.6099805687839
P23458	15.2272772006129	15.3041675566915	15.2619111382018	15.2196842940024	15.4135960887917	15.3634717292412
P23469	10.8267964093125	10.7129368140309	10.6699144143645	10.9886372906282	10.7412953536392	10.5529942684587
P23470	14.6581918744841	14.6755420723534	14.7121097891454	14.6447497978349	14.6827449877862	14.6575867879143
P23497	12.6252818696391	12.7511685478649	12.5879387907862	12.9343228945253	12.8072026301614	12.7491237658443
P23508	11.4734275400258	11.2357964150815	11.2524355755366	11.3220458823999	11.2109690817994	11.1567599225201
P23511	12.865126330049	12.7947092446858	12.8531777904504	12.8680256598411	12.8713999901249	12.7954651582399
P23526	16.9716961955171	16.9574063109976	16.8541619791858	16.9434216696824	16.9617755013516	16.8141318630875
P23528	16.8011843679494	16.7531871293171	16.7709828861658	16.8826779520282	16.8137056470915	16.7073208475091
P23588	15.2677847599692	15.3027159995164	15.4280260090279	15.3284716468248	15.1194736781673	15.2033487036885
P23610	12.7529047167247	12.9752389492927	12.8146979879307	12.8575536037553	12.9603074866396	12.8145615976236
P23634	13.9073514681164	13.920768009046	13.9468248190668	13.9434572625581	13.9393251032419	13.7473504455381
P23677	15.0140930207033	15.1168343683546	15.0323776111563	15.0639109240065	15.1638242877588	15.1654511534891
P23743	14.3813918128726	14.2803411848304	14.4004019995286	14.4436883976764	14.4801931087942	14.3872370313137
P23786	14.9193121418171	14.8992655006702	14.8798626228176	14.9535472851215	14.9315672902003	14.9270572240846
P23919	15.9656571902754	15.9796431429729	15.9997377054206	16.0524763623948	16.0079471318078	15.957371655183
P23921	16.8252947252786	16.5932012413748	16.6931649875986	16.5076378779586	16.4966863152628	16.5843178118735
P24386	14.0869440062843	14.1690126737205	14.2437015909203	14.2401272696812	14.202959287371	14.280091656847
P24390	9.86680740822608	10.0390826448478	9.95910128531689	10.0772339906958	9.90083068075778	9.91697056381654
P24468	13.6337718564109	13.3749496856756	13.5741382900994	13.4389978620211	13.3683949248966	13.6424405897123
P24534	16.3083096229625	16.3239891174461	16.2395894028253	16.3963321062389	16.3137447867749	16.2129175142232
P24539	16.0438100721019	16.0991350783609	16.1238804253429	16.0704045553877	16.0244621025394	15.9364378175737
P24588	10.4676316344568	10.3076275717139	10.3715491372819	10.465952350272	10.6375763770398	10.4071006678897
P24593	12.9425016021477	13.1381569767262	13.1177251783503	13.2480942555703	13.3597987255042	13.2425499654526
P24666	15.2013121562723	15.2821971041305	15.1304274772939	15.3322636092852	15.3484305980821	15.1044799361676
P24752	16.3621120415713	16.3722928206083	16.4242120413374	16.4112315323247	16.4373054221541	16.350061116599
P24821	14.2422725950698	14.2295373239134	14.3000539519903	14.2936445266167	14.1826292587304	14.3760375795712
P24844	8.94194196180646	8.82880442383334	8.58312968908972	9.22070207548865	9.06590404095047	8.8968274681778
P24864	11.5577639845895	11.6521303028027	11.480019778279	11.2535102621229	11.5181352554683	11.4150016422456
P24928	16.9653362719997	16.9475891323138	16.9852825378648	16.8996409970677	16.9141898676044	16.8782684491863
P24941	15.433891801616	15.4590316214031	15.4507395628096	15.4232748921923	15.4343078089746	15.375364889155
P25054	13.7474048093649	13.796502785864	13.731103930759	13.6710401256886	13.7416915069866	13.6821081146361
P25098	14.1697409549257	14.168025864337	14.212930377562	14.1839261220744	14.1950939034572	14.1933700329307
P25116	10.8041692003686	10.6869155325576	10.608159364161	10.3538469080792	10.6836738289621	10.8526227713001
P25205	16.8263090523521	16.718707479288	16.861068177665	16.7957877829038	16.7897497310687	16.757570563389
P25208	12.603883444793	12.6002462205363	12.5880304387385	12.6020046003182	12.6698655333536	12.6587416527587
P25325	14.8728698024203	14.8140598681705	14.8328921943679	14.8745673324977	14.9062064519371	14.8084620829362
P25391	12.6376487969096	12.8960059037284	12.942682998216	12.7291335828424	12.2879085710125	12.7448927980819
P25398	16.530999952266	16.5787099163635	16.5766728271792	16.6772455257773	16.6916675574696	16.5528777395595
P25440	14.7258750315632	14.779628234543	14.691665900992	14.6950539788558	14.6776441927638	14.6299450510923
P25445	14.3742597034897	14.4566727013847	14.4397356355402	14.4360582799229	14.3875011651619	14.3989479022832
P25490	12.0108514061056	12.459553451408	12.3201499847752	12.3712523443388	12.4994684424932	12.8122341507835
P25685	16.5292991765837	16.5636147683738	16.5004812278962	16.6184827727486	16.4928796555112	16.4526922029033
P25686	12.7712873808974	12.964111267401	12.8464297236874	12.9505643671393	12.9273339375008	12.800019755247
P25705	17.0705559173509	17.0872073381476	17.0790021157681	17.2023938040668	17.1349120522614	17.0185057575688
P25786	16.0114751762792	16.038244288711	16.0351176375071	16.0674291631493	16.0284740629671	15.9851582337007
P25787	15.8163900788895	15.8606850797819	15.6712004549944	15.7884135995322	15.8039306808823	15.7122336740983
P25788	16.278922689996	16.2538119139288	16.2699219215386	16.3254255566456	16.366441169971	16.1866419453485
P25789	16.3929897852632	16.4044954639865	16.2960324382302	16.4477164046735	16.3877547629201	16.3209496075157
P25942	13.9110540309678	13.9173882328251	13.8797810406325	13.8621939942416	13.7731743820428	13.8231028135692
P26006	16.3161984528866	16.367635287779	16.2844192592623	16.3200478128244	16.3465935436669	16.2952448444072
P26012	11.0953215583635	11.0377371444053	11.1157917322982	11.067073671614	11.3783634203552	11.4121160588297
P26038	17.2444189982183	17.164166687394	17.206381726921	17.232968893045	17.2528067190688	17.1409482736035
P26045	8.88144662062824	9.25533424737445	8.97958115167602	9.27766933850832	9.23306726613593	9.14898151585531
P26196	16.4505565138851	16.4445762668524	16.4261519970234	16.5234298137197	16.4622416216869	16.3989729524709
P26358	15.1992164449408	15.257864420862	15.1974052350235	15.5908813924913	15.1287490436388	15.6501259226371
P26368	15.5342406273409	15.5599147277142	15.5858410466701	15.5373406206044	15.4479062078571	15.5223446834336
P26373	15.7400035523202	15.7285732903297	15.5649523165477	15.8986076563272	15.819239773862	15.6273063206487
P26374	11.5250374252821	11.7551124032033	11.6607022603202	11.6094369641516	11.7994373376972	12.0478710697847
P26440	16.1251081930115	16.0882172064962	16.0543750298489	16.0610061414323	16.1183310512493	16.0556361839923
P26447	12.0063550432195	12.00629433692	11.9323196223871	11.9009913157164	11.7348726820032	12.0773191666323
P26572	12.0421965410414	12.2234627637016	12.069372108287	12.0550886879992	12.1545646640816	12.0130592506658
P26583	14.65986536826	14.9509181367315	14.7611888943756	14.853178003999	14.7255964972449	14.8485463679037
P26599	15.9932245257897	16.204134484014	16.0646855175024	15.9724051733281	16.0446248739335	16.0234875295144
P26639	16.7084030538442	16.6119438660346	16.6478405220868	16.7594727012255	16.6973909461098	16.6578012384692
P26640	17.3857443822706	17.3027382019163	17.3253498509934	17.3435992901426	17.3329706295526	17.2999859207514
P26641	17.2397343580071	17.1936224637286	17.2327460499672	17.2372252370594	17.2912215490896	17.1749595582906
P26885	15.0396580448456	15.0538490852557	15.0384261157021	15.1916066392777	15.1502148942891	15.1285533149104
P27105	14.7789685870323	14.7455301858306	14.8304003245009	14.8990418177897	14.9523595122078	14.9171910699105
P27144	15.8989428871242	15.8698891474744	15.8784796611211	15.8461090373218	15.8792193998153	15.8956391940715
P27338	14.4654467443101	14.600024926169	14.6253924362373	14.5968767388175	14.5307091464937	14.6847586710204
P27348	15.82711904778	15.8230455875349	15.7728935234951	15.8509845146967	15.7885711273906	15.7111820002345
P27361	15.2906526731774	15.2548219655728	15.0790138200141	15.270797021592	15.2960752443638	15.1574327983951
P27448	10.9004630305618	10.9441128131869	10.6847048915674	10.942042538751	11.1781777452219	11.088664695069
P27449	12.1469951595125	12.0314497987149	12.234347008112	12.0939798300475	12.2948093433347	12.2828375551138
P27540	11.6042034928105	11.653564232489	11.6394897467361	11.6548728245047	11.5774159047045	11.7259336797109
P27635	16.3687481807297	16.4515756931266	16.2520989748411	16.4712723053608	16.3810444827578	16.3643888565578
P27658	11.9373366818771	12.1442750288822	12.1307098106165	12.1094028290329	11.6332568410348	12.1205060113527
P27694	16.1612032639117	16.172687045948	16.1955813344576	16.1401175398029	16.1312323794994	16.0808537968904
P27695	14.8142815745416	14.7732192426408	14.6913055492362	14.8906605058703	14.8871119878346	14.7259291773334
P27701	10.3702368309286	10.071419180679	9.69231474462199	9.99482460122738	9.4075962244527	10.0362113311186
P27707	15.4012457533328	15.4452372616303	15.4479906133316	15.3217578846373	15.3741183327921	15.4005816925693
P27708	17.081212019735	17.0112783811419	17.0113490097298	17.0660094965257	17.0106994903746	16.9825004138453
P27797	16.7426493293636	16.7531613751127	16.7028805557323	16.8806992873985	16.856178801432	16.7743207371226
P27816	17.7694647195679	17.7371436663746	17.7548912832653	17.8090734074834	17.6661682431277	17.6791559749671
P27824	15.7878849944319	15.8658945074238	15.8658517031466	16.0305017945594	16.0698094250156	15.8250490062409
P27986	14.1880623704615	14.2525760637219	14.1502487672367	14.1496564224162	14.2226034762413	14.2126781105546
P28062	14.7159229071202	14.4789921470648	14.7026068313951	14.1462014173048	14.2154015151192	14.2638324222226
P28065	14.1563795431196	14.1163853550493	14.1357221020257	14.1015229212893	14.3305416600668	14.1010442233099
P28066	16.270441004311	16.2640312194088	16.1976601315424	16.2920622950785	16.3365164602969	16.2111424608687
P28070	16.586097008768	16.5753751798825	16.6231428165636	16.5467499563766	16.6194488642671	16.5329707035439
P28072	16.0827180286752	16.0160238946927	15.9972083224369	16.1931177501671	16.2032680327651	16.0067847969289
P28074	16.1869197134466	16.0518401916883	16.1277457844133	15.9225209776251	16.0355292835818	16.0005095507133
P28288	15.6325124118393	15.6173352828432	15.5415521020952	15.6283846109396	15.490531731292	15.5732663740942
P28290	15.5850613694621	15.635704788009	15.6817375966955	15.6342198925807	15.6702550861162	15.6577570820261
P28300	10.7263806411539	10.8892800040156	10.9071349850178	11.6073040228941	11.3886408557623	11.4209948008654
P28331	15.9250254362775	15.9615096320287	15.960569988792	15.9547646251387	16.028410773869	15.9503249853609
P28340	16.2646168616062	16.2818352339163	16.3020422482153	16.2646854667642	16.3066317985952	16.243157788283
P28370	16.442403868209	16.3652975184333	16.41917985428	16.3871125388129	16.422179521628	16.3806869892663
P28482	15.8955563369882	15.895796071158	15.9368125957854	15.9554583241473	16.0466304163552	15.8889056128329
P28676	13.9127315391594	13.8406453258025	13.9500520318785	13.8653278376762	13.8383853225023	13.8207551169454
P28702	12.8153768294462	12.9900082818886	12.6972793598867	12.8363476087547	12.7909387271393	12.7653368461367
P28715	9.78888809279252	9.82852597293646	9.38479025050574	9.5426023233315	9.8178332694277	9.67942868049797
P28749	11.9299375192405	11.9343236153279	11.7437293739792	11.7561627100926	11.4625515201494	11.6474129524036
P28799	15.4995224889605	15.5546214142603	15.5165366003931	15.7695323491095	15.5372826456137	15.4212378969612
P28827	12.3020142095236	12.2897003752354	12.2308172092907	12.1437764513775	12.4779339674156	12.3006870454393
P28838	17.1303566620374	17.1257944725095	17.1487299994722	17.1812987509797	17.2015661513484	17.0752534510373
P28906	11.6859025363732	11.8252090965564	11.7646048545755	12.0483119072818	12.0276379119168	11.8657380463677
P29034	15.4403765700117	15.4010760732615	15.5432777448075	15.6297544424712	15.5566437933382	15.389071030943
P29083	14.9837571556003	14.9658278840535	14.9754682202539	14.9697341856547	14.7346153722115	14.8907635760272
P29084	14.3332715529456	14.3370949946972	14.2742712701917	14.1233219318009	14.0534898327472	14.2094289354677
P29144	16.7609945393691	16.7128594439074	16.6973990361559	16.6924152028331	16.7193280566298	16.6527374147445
P29218	16.3915858396376	16.2610362724962	16.367794005033	16.3754229618197	16.4148816702581	16.31817678271
P29279	13.2583590784695	13.3201571400952	13.3027815335903	13.380594508155	13.474659948066	13.2278580575183
P29317	16.5696224004242	16.5012699071188	16.6281438661287	16.6931558743212	16.7613762939319	16.62386601187
P29323	15.6012540488778	15.5310772998334	15.5746998961434	15.4220237617175	15.4650585212366	15.4736662345849
P29353	15.9552565541169	16.0006499091597	15.8909283760104	15.966187709163	15.955457663767	15.9361124759868
P29372	15.0863758983383	15.1082192475637	15.1016715272019	15.0743499170101	15.1097981461354	15.0895202265954
P29373	12.7423601637865	12.7038637692689	12.6684083234267	12.3690581468362	12.7347763166699	12.456122662548
P29374	13.5683223922	13.6721840301129	13.6586831521433	13.5704972947416	13.5781046519819	13.7083696173666
P29375	14.6419968439713	14.6472755974318	14.6238677699146	14.5959030985525	14.5447874626409	14.7562251964829
P29401	17.5175734280956	17.3923044505445	17.4056599835657	17.4463200291778	17.349912007594	17.279297069654
P29558	12.8235401296827	12.6942546964169	12.7436597596355	12.848749678465	12.857686164517	12.8457243346639
P29590	15.2533077628305	15.2369940720574	15.2716712813634	15.23919505881	15.2346266973957	15.1395361216263
P29597	13.5486178337592	13.5409707924663	13.6567777260753	13.7337631884891	13.6352550983294	13.6358729811588
P29692	16.0663522747281	16.1402808738541	16.0670593772169	16.1223650349321	16.2070678649449	16.0079485059138
P29992	14.731913982532	14.6198445654631	14.6347120894165	14.5475899639512	14.5744767086939	14.5757621085128
P30038	16.2245459135943	16.2409771093667	16.2279321113445	16.1802321754595	16.2910646003736	16.2056460289126
P30039	12.8625799128374	12.9086982032258	13.055394316684	13.009019336826	12.7377414189588	12.973082304724
P30040	16.1189345929997	16.1164937431379	16.0754148918562	16.2220377243332	16.2148780865086	16.0907313116561
P30041	16.4568523328336	16.4667253597744	16.4259827514389	16.5946251070693	16.5051451912607	16.4061711782881
P30043	15.8734816305967	15.8757071401578	15.8691934105358	15.9533260385432	15.9020927272435	15.8243631858531
P30044	16.325326362303	16.3645441336451	16.2600693361384	16.4234045454782	16.4347747476204	16.3448395492732
P30046	15.4002370768818	15.4243331576722	15.4120215103508	15.5452642158259	15.5755381780497	15.4284293925425
P30048	15.9254787829127	16.0357697480878	15.8694865893352	16.0531173135789	16.0208889180623	15.9060749177732
P30049	14.7630842606967	14.7713737873831	14.9731143050987	15.0949925252341	15.1799027355858	14.7003299438409
P30050	16.1541199380402	16.1964029527397	16.0498435027284	16.170520104635	16.1808993926728	16.0727333564144
P30084	16.5455986384826	16.5748801552255	16.3832042045994	16.5773572710854	16.4742804811391	16.4177935061617
P30085	15.3697440185417	15.3417505091512	15.345741811385	15.4394316465518	15.5241629904796	15.3344686112363
P30086	16.1712247249979	16.1763297592488	16.1757674279703	16.2595148266552	16.2583862048103	16.1144622038532
P30101	17.6504148222481	17.6322221162729	17.5587789174485	17.7130091381982	17.645815134092	17.5831371929765
P30153	16.9621884421268	16.9958573678419	16.9084190627997	17.0373901180602	17.0352726507961	16.8991860573359
P30154	15.6004665814178	15.6220911023392	15.6100374831033	15.5452978022442	15.620233130092	15.5255798481231
P30260	16.3504903631489	16.3838164249395	16.3291224948394	16.2822286518258	16.2498314685684	16.3308580229637
P30279	13.2290745595717	13.2237741840064	13.1057900424989	13.1480977370334	13.1789726798288	13.331996188734
P30291	12.9847003320093	12.8927800531632	12.9091207957598	12.6935284842074	12.7713584226492	12.9489921044705
P30305	11.3225857523871	11.1513612924242	11.2793044354524	11.2586503363726	11.1192164925111	11.1428735070923
P30307	13.7787315435572	13.813748560579	13.9631455736416	13.6066795077263	13.6838587268142	13.7745659139675
P30405	15.5416932179425	15.5783878852	15.4950588869683	15.546736072625	15.3994241597432	15.3815940863399
P30414	12.8482401089064	12.8993122915384	12.7945236132973	12.9384401217348	12.9658077302518	12.926506283556
P30419	16.0038055692957	15.9889494629174	16.0454519436326	16.0908180567017	15.8904396109541	15.8685144410751
P30459	10.767670143281	10.5018436452612	10.254906517635	10.267506161677	10.405834845445	10.5935489253908
P30481	10.250086127534	10.5020490695874	10.4719436922148	10.5154100276773	10.7081463377942	10.6809318544335
P30483	11.4708989293974	11.7380079054064	11.6952235722716	11.4340825077647	11.7464282782445	11.5160227425962
P30519	15.395713064928	15.3363866398376	15.3163075865055	15.3762751068697	15.318891489042	15.3142208732202
P30520	16.5577464095544	16.5357166604169	16.5631064385284	16.602112884122	16.6677139179781	16.4657496036264
P30530	14.0187412368687	14.0561514115876	13.972062184712	14.1979812623012	14.0540081999309	14.0417348543495
P30533	15.4314973704322	15.3281623303304	15.3767634656976	15.3418411679124	15.1685628286718	15.0803862189575
P30536	14.6499223081854	14.59376486656	14.5881279551662	14.6780172642513	14.5508140214911	14.6561566410749
P30566	16.4839903431292	16.4098033256029	16.4419420405729	16.4923324146629	16.5623527707522	16.4351944088789
P30622	15.6310572826714	15.6442823556272	15.6088914497241	15.5709140583008	15.679274274029	15.6624433137293
P30626	16.5377907912564	16.5251217397016	16.4010787639321	16.5786002837892	16.5628168362222	16.4107486526725
P30711	13.9305287014391	13.8632552402124	13.9357352713662	13.9436874964927	13.8389072261614	13.9507074170742
P30740	15.85349521593	16.0218990558215	15.9495864527745	16.067346095262	16.1600619036127	16.0715188537358
P30825	10.8291521442779	10.6475878375558	10.6390361688907	10.6619572399245	10.9853317894234	10.6299843754289
P30837	15.6080378413504	15.5141459490656	15.5173589369574	15.6105227320331	15.5867013138279	15.5409478535398
P30876	16.7116862515113	16.7077847300687	16.7391644152387	16.6405827760429	16.6758146410127	16.6446084396814
P31040	15.8565880379224	15.8832492507347	15.7824228002866	15.8924167401543	15.8843338898564	15.7592163000951
P31146	15.3607215340469	15.3849093494651	15.4622708852228	15.2272427863826	15.1523083384024	15.3239534963221
P31150	15.7833914703769	15.6688664723926	15.7333289172072	15.7427147275168	15.8109508276346	15.6954889963254
P31153	16.2450234448722	16.2568428029787	16.2800913518889	16.2716756162692	16.3008622196788	16.1763819395209
P31274	11.1248944421878	11.1658516944716	11.3870285549272	11.1954787755616	11.1837006361171	11.351602713599
P31276	8.50491642911908	8.71810980144779	8.51236493964164	8.22515069379288	8.42805188101483	8.34297208715383
P31323	13.5018564506029	13.4483726495087	13.396687944926	13.3428279859181	13.3930587478307	13.4573385522392
P31327	15.654666936922	15.6607999857839	15.6737616289185	15.7269885806983	15.7612588569507	15.7154743214851
P31350	15.557376921885	15.6000435186008	15.5157845158785	15.5444460292427	15.4900017116496	15.4204462638738
P31431	14.6718311739902	14.6762243495591	14.7405669721831	15.0795430235762	15.0106531267811	14.958244175284
P31483	14.5142578052322	14.461158884805	14.5629395196144	14.4353691608867	14.3239632060072	14.3594450943442
P31629	12.1733333205095	12.1662373729182	11.9693414772344	12.0780219583357	12.1390362755837	12.3299081749599
P31641	9.26263274773988	9.2409565320686	9.48209497981129	9.37998032931311	9.28737515967109	8.81916895133329
P31689	16.4668207932897	16.439222232132	16.4296938393657	16.3880425065441	16.411655017085	16.3249529781447
P31749	14.286839664943	14.2169919900106	14.2467994083473	14.23953759553	14.0639272500077	14.2099281667795
P31751	15.5231568337399	15.4363839958417	15.4942256177203	15.3193126591515	15.271557446414	15.3960080906452
P31930	16.5745665683706	16.5668495818852	16.5735214279829	16.65476547713	16.5791097831854	16.5005163574073
P31937	15.2482339385282	15.0755824415991	15.0618748671563	15.2028473399288	15.1092570738006	15.0744033885723
P31939	17.0480791699754	17.1321155271315	17.0182394412851	17.1404919943577	17.1293429710164	17.0316393512232
P31942	17.2357390658122	17.2102715485791	17.0659662629089	17.1278416268642	17.1562640485557	17.1300624131985
P31943	16.1025390685092	16.0991111020572	16.0761279406679	16.0719688410529	16.1231298459239	16.0312892445022
P31946	16.3324059037086	16.3091538102814	16.2295681679307	16.4133113247371	16.2992439431068	16.1794623953247
P31947	17.0751514289039	17.0607190317181	17.01701956496	17.1655694682507	17.1099325466178	17.0282244631257
P31948	17.2476932497892	17.2587982268754	17.1635856572286	17.2052839495969	17.2126174441728	17.1237182685588
P31949	16.2167650305153	16.1902363601376	16.0918085440899	16.2930408103981	16.1664027238546	16.08546541559
P32004	16.8154753373681	16.8299715156291	16.8557682726831	16.9568019481222	16.9463572846871	16.9114075508414
P32019	8.56397754480015	8.74800221842179	8.634000959678	8.13119278589625	8.13784155975685	8.43154916489323
P32119	15.4023933683638	15.4417667928381	15.6382190855445	15.5600279939663	15.6172019814029	15.4128022084094
P32189	10.8313985257992	10.9935593192137	10.6651018533388	10.8580739808213	10.7735947127412	10.838463210975
P32320	8.24416082107246	8.41938994429536	7.97613768984342	7.02586073553601	8.75489209309301	7.9205216981685
P32321	13.523973912523	13.490070308411	13.3687929900857	13.6885255062055	13.5256075113549	13.3755383375196
P32322	15.0678208402336	14.978462038886	14.9138015623679	15.1733075480339	15.2568161877495	15.0104764309483
P32455	12.7510347392245	12.780926120158	12.9015582382601	12.9166919493631	12.8241858491943	13.0105622815219
P32519	13.978665013677	14.0469217387924	14.0225084568561	14.0469939488899	14.1845969589306	14.0719586530124
P32780	13.7552981946271	13.7179749547439	13.7422055287703	13.6988401094677	13.697930659294	13.6557500906362
P32856	12.9902272627806	13.0009805370235	12.9588396220344	12.9480926434656	13.0692432069174	12.8730873734945
P32929	11.9426614595221	11.7787518721361	11.5470066500937	11.8220336099306	11.9008238094562	11.8650242630023
P32969	16.2589124351517	16.2911370343274	16.0764254987008	16.232478966165	16.2739526605305	16.2212978133518
P32970	12.1591795566455	12.260746830755	12.1201208785426	12.1034088406423	12.2791440802443	12.1470592692008
P33121	15.3322385583612	15.3006113934386	15.332494811392	15.302290133308	15.2946165022197	15.266819733687
P33151	11.5900027519877	11.6096661637534	11.7056877746607	11.9312135070169	12.03669353344	11.8300379403991
P33176	16.9155751751219	16.9240857488541	16.8927731242139	16.9772690752533	16.940372810663	16.9233341804811
P33240	14.4354612982775	14.4012744683832	14.5048829205018	14.4712787056983	14.3968950667948	14.3629254690692
P33316	15.3829045009755	15.3799452727929	15.2454714693585	15.3459576059712	15.4008238563807	15.2684792674228
P33527	13.8279555270082	13.7232281833024	13.836452824727	13.7307222303014	13.8105851321883	13.7840486115544
P33552	13.9298412052542	13.858272313409	13.9225830497429	13.8611169438053	13.9925635611663	13.7641841185577
P33897	9.34825481295511	8.9357500434994	8.95812707589825	8.47675793639864	8.976302341226	8.70201825480068
P33908	13.7264425403569	13.7275771811582	13.8155903643296	13.7993436480337	13.6162196505492	13.8302054877213
P33981	14.2782001902207	14.3325540004026	14.287578737448	14.1588582853409	14.042182453035	14.2269615264496
P33991	16.7064422587903	16.7229375943455	16.6993432351698	16.7273796071903	16.7852980088532	16.6906116574291
P33992	16.9809609450229	16.9503922782641	16.9754215119229	17.0763223662967	17.0412920695336	16.914118654002
P33993	16.6160727194457	16.6428122380477	16.5925401323695	16.6702902664464	16.6682416841676	16.5775930523643
P34059	15.9993455941651	16.0440897918637	15.9852755123009	16.0308445745257	15.9872149334343	15.8694051174821
P34741	11.9711118522673	11.8600283633029	12.1227056558936	11.5328133461418	12.28025378271	12.0084240359248
P34896	14.1949911710252	14.1950504044598	14.2321661423094	14.0780103501475	14.1941501130174	14.1410730838826
P34897	16.2780781254711	16.2870803805713	16.238223364112	16.2831220166434	16.2361408753219	16.1704066918767
P34913	13.2459701164525	13.1805477785981	13.2814842705967	13.1546898649898	13.3011098728426	13.3120950233024
P34932	17.2116509813748	17.1158591273171	17.1779878474624	17.1495080577912	17.0574851709964	17.0038307825962
P34949	14.1058779713076	14.060181036188	14.0684738200624	14.1156777845507	14.1728740709714	14.1387206599782
P35052	16.3770438362334	16.3369890209351	16.3089387962398	16.3329437232728	16.3241611312079	16.2762671612342
P35080	14.0783659698974	14.1973420054626	14.1557733256157	14.146373982454	14.304635536281	14.0588124768343
P35221	17.4887913788079	17.454047811139	17.3987253606499	17.4766511334152	17.4831576418702	17.3539326221596
P35222	16.7717255425508	16.7542617349543	16.7121394368445	16.853840310523	16.8448842031744	16.7012528988663
P35226	14.2856697802003	14.3519326568174	14.2428436356348	14.3379717077072	14.3450777100745	14.2144266043553
P35232	16.5005517673595	16.5059989177456	16.481244065368	16.5229782253457	16.6149014608758	16.4370909152601
P35236	9.72920466629678	9.42136804069941	9.85798972279938	9.11335411901596	9.71649355969062	8.55774042175254
P35237	16.2434150643043	16.1134967597698	16.1803147439238	16.2149415726743	16.2399074993231	16.1741985656391
P35240	16.3284137726084	16.2628810941778	16.1885044183242	16.1175858064325	16.10149355605	16.2012956023285
P35241	17.1166461503412	17.0770913439581	17.0134765496861	16.9594100500394	16.8619708653373	16.9574486634805
P35244	14.5367243242323	14.5523599105745	14.3921314842748	14.6001048326729	14.4529261727032	14.4157041292063
P35249	16.1030472131146	16.1844673414713	16.0737802952976	16.1101771447062	16.167102050805	16.048186296068
P35250	16.3460921687885	16.3777900581082	16.3951184576914	16.4005701949529	16.380270766443	16.3033976279883
P35251	15.5878263924773	15.6709366644293	15.5822994804402	15.7686591362971	15.5105883558696	15.971735793703
P35268	15.4087045953726	15.5058175837785	15.4138860618859	15.592224783923	15.5271827414562	15.3522749687073
P35269	14.7614061808273	14.7708315049296	14.7693738585551	14.7972872349116	14.852251426877	14.7508953849322
P35270	15.1971781703936	15.1359199155075	15.0591485793892	15.1813657292762	15.2677870793293	15.0331896697373
P35475	11.3775735777079	11.3925868294396	11.0244268329152	11.1943625384591	11.1369206621963	11.4246408259492
P35544	11.2374004778941	11.0971436879338	11.0114420328815	11.1437917491538	11.1814962788313	11.2409870254695
P35556	16.0362705814925	16.053085864319	15.9955077521249	15.7840369859624	15.6371016956673	15.6386571195747
P35568	14.2328831812125	14.2359652430447	14.1291352991217	14.1316240423129	14.0942464251327	14.0974539988416
P35573	15.9658885098152	16.0280080845216	16.0096234130663	15.9561218533651	15.9145450074888	15.9805741867151
P35579	17.6994981416294	17.7518791130022	17.6587408354932	17.6821039052055	17.7021646943066	17.6391636846082
P35580	16.8094345017248	16.7803043182214	16.7541970185802	16.8495050526415	16.7738289845689	16.7568364947201
P35606	16.8277680150925	16.8101684825451	16.8228251509892	16.9694566082351	16.8862896181409	16.8944247410792
P35610	13.5680993440217	13.5521044866566	13.5720678894642	13.6367385219944	13.6118492395426	13.5931137248645
P35611	15.4914677529654	15.4977789001983	15.5230263115805	15.5223389685284	15.4630187153681	15.4953044332084
P35613	14.9215588365204	14.8667311825062	14.8450804438155	14.8079268025174	14.7426842899562	14.7919884173384
P35637	15.1773012250207	15.1323749392969	15.0229360116437	15.1668389022992	15.161494694226	15.0016383399131
P35658	17.0032265063881	17.0041114509432	17.0310164477525	17.0195657264778	17.0443615924795	16.9905723730044
P35659	15.7769469024854	15.8512455575252	15.7578361139244	15.91423387412	15.8523431435001	15.7755113563289
P35754	13.6500623589658	13.7437620064357	13.6104736626388	13.9059724043554	13.739061238691	13.7874681999837
P35790	12.3158904713289	12.1119788751638	12.1932006514193	11.9600168360931	11.9108102958799	12.0959073585623
P35813	15.648487024125	15.7003389178484	15.639477275252	15.7500889810062	15.6664540942896	15.633863158011
P35914	15.4099108938004	15.3361018825983	15.249967077492	15.4336946612907	15.4279657579648	15.3291059054099
P35998	17.0319990248965	17.0138191127289	16.945533931995	17.0528557331655	17.0629685291606	16.9771487156128
P36021	11.7449341529188	11.6647094133684	11.5362467568301	11.9505958490447	11.8173819517934	11.5522954998837
P36383	9.05981747546108	9.0690362548003	8.38329611596486	8.78721464313885	9.3264727306927	9.32316006841785
P36404	15.0669136807753	15.0139502072311	15.0319712863602	15.0755446165492	15.0732466617938	14.979656195341
P36405	14.7052278598008	14.7661171075387	14.6923814163121	14.7900988718805	14.6697889206923	14.628683516608
P36406	11.8563709193472	11.8004727314104	11.77904495876	11.8798024511956	11.7948190321195	11.4671378568535
P36507	13.990767412396	14.0838885326412	14.0668720148949	13.9799927836619	14.0323633684522	14.1786479741768
P36542	16.3747509760307	16.3518161917175	16.4931599050902	16.3160513286459	16.2537626522767	16.3723442560584
P36543	15.660972644028	15.6442335260979	15.6457286752931	15.6845368319773	15.7606673874804	15.711789091965
P36551	15.7722421195584	15.788378757417	15.758573324408	15.8207283098837	15.8336587526783	15.6891185405256
P36578	16.4034791787108	16.5419312883908	16.4139301945827	16.5462850672878	16.4868900227797	16.4615173527645
P36639	14.0448040074564	14.0032353980953	14.0881247158589	14.0091889628119	14.0251541666031	13.9915848318575
P36776	16.1482695004393	16.1163960474664	16.0779048390905	16.1565282515483	16.1512176441344	16.1558601699247
P36871	17.1372474532208	17.140741684207	17.1129601895487	17.3145764798138	17.3061879550227	17.1472845972268
P36873	12.0824946292006	12.0895222297975	12.1968217298146	11.9884464903995	11.9904099414805	11.9419670151358
P36897	9.65400810210383	9.44557974449502	9.57857654070607	9.5505262890651	9.55944649218483	9.87273758684211
P36915	15.5997278917049	15.6463585092618	15.7212147925533	15.6981397233947	15.6762752258494	15.6661778882507
P36954	12.3969275158632	12.4346389555976	12.2841801473354	12.5538412357225	12.2753037408168	12.4277491487264
P36956	9.96603105191129	10.3765835436556	10.1565459973801	10.3791073040189	10.5493298770719	10.7461632008153
P36957	16.2206330233787	16.2173900808895	16.1458791281841	16.2681253927192	16.2355689031033	16.1336043401137
P36969	14.317340170171	14.2887146439567	14.2578053634427	14.3202818390941	14.324062492269	14.2714762205024
P37108	14.0004055574425	13.9674848139641	13.8419357475301	13.9554106062471	13.8062023811429	13.7493209845116
P37198	14.8712616795291	14.9112043694719	14.88666328757	14.8987572107984	14.6882224982235	14.7137057560701
P37235	13.3281726736887	13.4451898550623	13.3892485585385	13.4879918197097	13.2216864567386	13.4057352974167
P37268	15.2778240657146	15.0590584129865	15.1454249086453	15.3604064782881	15.3326335945113	15.4734517117284
P37275	13.1296393923739	13.073219349486	13.0180100912433	13.0614580838793	13.1580284502832	13.2399418638797
P37287	10.9325288620592	10.9036727720972	10.9270160677609	11.1963050614037	11.2276976375883	11.082259025709
P37802	16.8518926910067	16.8666224990174	16.7933697438579	16.8469209883558	16.8867923113972	16.7819617180225
P37837	16.7743576400886	16.6925296647985	16.7080277830596	16.6063881856954	16.6054602855894	16.4775358021811
P37840	14.1341199514204	14.2295993516357	14.1237483216562	14.2157769820233	14.343941605105	14.2069204719707
P38117	16.1646431798083	16.1810602577778	16.2272139139129	16.2275290247329	16.2676420475758	16.1239552624899
P38159	14.8040427279474	14.8737200597082	14.8317023697173	14.8726994619546	14.8305092266839	14.8991426930686
P38398	13.4857821055834	13.5694201214168	13.6038217895092	13.5730920706945	13.6023524846905	13.5369875568946
P38432	14.8557467792744	14.9422334249449	14.9373856564809	14.9320193860128	14.9071375983913	14.8753248750821
P38435	14.6167325807525	14.4920967416054	14.4512247171903	14.449864787349	14.5087052385762	14.5161224099124
P38570	10.974655624503	10.9014163114703	10.7887692315926	10.6684626943278	10.7922654251468	11.1322110060826
P38606	16.3806004578588	16.412400584008	16.3798911333391	16.4855752931486	16.4915257421633	16.3612553697447
P38646	17.0849702387815	17.0346511465159	17.1212418353468	16.9629169789945	16.9924103127722	16.98073771176
P38919	16.7532716812824	16.5314150970346	16.6461798721109	16.4778061140296	16.5041620779156	16.4701223774166
P38935	12.7344463883312	12.5674461392805	12.7554692224364	12.4672903681443	12.4172683739417	12.7500553154666
P38936	10.5749505869522	10.7198506234831	10.8754698237102	10.6185318975268	10.9123898503179	10.5705183080638
P39019	17.1170868910709	17.1359704861058	17.0436364167416	16.9770166634557	16.7505122155146	16.9754896884346
P39023	16.7987567251133	16.8473607342307	16.723882418776	16.8945335174614	16.7816217204707	16.6565439008598
P39060	8.19788659270992	8.90563069679864	8.71435535929419	8.64047734160598	8.70740795642831	7.99080014502668
P39210	12.693339732103	12.6515563316292	12.7964712254926	12.5861686618656	12.7199034895754	12.9396260457913
P39656	16.2053554764413	16.0813736262939	16.1185858031461	16.296393359314	16.2691742181167	16.1579821049096
P39687	15.5963195774521	15.5256222918575	15.6127100472128	15.6488007989194	15.6215679580976	15.520968117549
P39880	14.6087277966196	14.6690085608955	14.6858158840346	14.6037511807837	14.6833213392279	14.5719847023924
P40121	15.3053750377507	15.3184189292867	15.2457824365507	15.3391903166257	15.4219596452396	15.2821545335648
P40123	15.8925089570835	15.8312794545328	15.7697025411586	15.7883732344798	15.8455396460591	15.7480159345006
P40189	9.94857260875063	10.17417754386	10.2292574523805	10.1788528924443	10.2222419624407	10.1102668856051
P40222	16.4444920177388	16.5244715521622	16.4435523446373	16.5322460713967	16.5226745050214	16.4750154977253
P40227	17.091738135154	17.1161573361135	17.0469599517191	17.1310407739287	17.1191011353136	17.0863252028075
P40261	16.626799520199	16.6806775347927	16.6412457320927	16.7353610885271	16.6968185337372	16.5570118920176
P40306	14.4472130363971	14.5557628978438	14.4247604719385	14.5383161787586	14.5886546906819	14.3888573118196
P40337	11.607696940453	11.3582674231114	11.1645289831911	12.0610920051921	12.1446295210386	12.2114324323577
P40424	10.9202065042183	11.1274928317813	10.819925933997	11.0120762613864	10.9118717070064	11.0607891005803
P40425	12.8670530842552	12.9325243054504	12.8411590992863	12.691191942363	13.0693639576232	12.7883651247181
P40429	16.399198573268	16.4944015567199	16.4883416061927	16.5305374961362	16.5033830805428	16.38339521481
P40616	14.708651127811	14.6398420052502	14.7118655767372	14.7096944331114	14.6979889863711	14.7752206069461
P40692	15.1416921532181	15.0622160157262	15.1486655749846	15.102840018641	15.0414366092023	15.0439948216966
P40763	17.1868250564582	17.1143501520151	17.0643767658808	17.0894224225233	17.0584195228396	17.0467792504588
P40818	14.7498844370867	14.78939452432	14.7562729949658	14.7075464439647	14.7969652819209	14.714493082996
P40855	14.9645016759804	14.9825725871576	14.9297282306013	14.9835742485433	14.9640631024923	14.8443308686244
P40925	16.83973094076	16.8704719042376	16.6344791619189	16.8120503466504	16.7313917408542	16.7904973709709
P40926	17.313684283858	17.3076623870649	17.3511861646431	17.4102449602599	17.3938982616762	17.1838987081012
P40937	14.6245831813945	14.5962992101697	14.5798118923975	14.4596500012948	14.5417677458301	14.5331139185859
P40938	15.3597138348494	15.3873377360903	15.2764980876183	15.2020313685641	15.3480680551639	15.2781819969648
P40939	17.9798638082794	17.9908980045214	18.0228730186205	18.052856242321	18.0515533380297	17.8760034773294
P41002	11.683662021196	11.2948790789719	11.3609164546545	11.0057067958384	11.6268570479063	11.4947226353491
P41091	16.5591289287208	16.3124199927367	16.331461065046	16.2243221430806	16.3114613268279	16.3064840567296
P41134	11.1158686969109	11.0090577471928	11.2458053747093	10.880125716215	10.9666843822836	10.8922928330648
P41162	11.8798891951	11.8318229833424	11.9479678264418	11.7524836211311	11.5167011648524	11.8035896178981
P41208	14.4495749072334	14.4171804016024	14.3253155802218	14.6120578010238	14.5336451708219	14.3331166130579
P41212	12.0818980561356	11.8459561635524	12.1399911400954	11.7914353230633	11.887039581744	11.8591529363342
P41214	15.1911861780154	15.1558639902384	15.1672710248329	15.1718323591613	15.2958306445309	15.1956948614694
P41223	14.5700552367803	14.594079268305	14.5089142773933	14.6070887798957	14.641855268378	14.5251066790804
P41226	12.1140687382616	12.2733539405739	12.159888677526	12.3029711646756	12.0657630812415	12.2009043183669
P41227	15.7552552178869	15.6966382915417	15.732886107202	15.8123605213431	15.8187120691801	15.6942909393015
P41229	14.8696937980231	14.9103165815115	14.8386439521444	14.8036660566569	14.8511543728718	14.8488247111035
P41236	14.3627459404903	14.3994930294116	14.5100811242669	14.5600080469171	14.6291390385232	14.3274642917974
P41240	15.8394874233511	15.8317205765119	15.8487359553114	15.8369150042973	15.8667246819299	15.753025254347
P41247	11.1404867526979	11.0754073067312	11.1814293335807	11.0309382488582	11.2523030512592	11.1166973748307
P41250	16.0534205710351	15.9266103068982	15.9583876868406	16.0270517600448	15.9651170327282	15.8109651868088
P41252	17.2198590860804	17.1729034813517	17.1743525812234	17.250019458379	17.2385474819545	17.1730526392372
P41440	7.31398181666804	8.2879858858291	8.18985229439303	8.04732109804232	8.39682015777499	7.79015359868103
P41743	14.3358459479133	14.200661064191	14.3457671749073	14.2740517394137	14.327957444278	14.3145335087672
P41970	11.5702909153788	11.5911602878642	11.2743713026186	11.4349329027442	11.5098246477989	11.6836065066955
P42025	15.1421562443789	15.094417235154	15.0899761026582	15.3025333957032	15.2392106675659	15.069019033385
P42126	15.6776686908258	15.7023382103335	15.5671429192781	15.667180764378	15.7456226792767	15.679735139245
P42166	15.6613538011041	15.668149784281	15.6685002777975	15.5983538295356	15.5173798582162	15.4970418957064
P42167	15.685696283647	15.6369367934008	15.6060107732555	15.7635966461697	15.6050446644828	15.560003595019
P42224	17.5253043855181	17.4764466302973	17.4839854476011	17.5127172279677	17.5423768199621	17.3970108133738
P42226	15.2715898931099	15.2109198734862	15.217849601046	15.2824240792304	15.3325785154213	15.2639627964515
P42285	16.5497682139465	16.541365780331	16.5268092395264	16.5052775795036	16.4919495823948	16.4750965804573
P42330	10.514387764772	10.3759672108327	10.4040958396918	10.3179354599043	10.549294808706	10.5411833871422
P42331	12.297702004237	12.5584839645277	12.5999746097633	12.6540825608189	12.6494113382997	12.5777919659623
P42336	11.9575260148971	12.1970509962051	12.0185489624275	12.1393270996027	12.0987163203949	12.2721301667985
P42338	11.4618805117804	11.018480003584	11.0628702716885	11.1971898428208	10.9324334797933	11.3726839738009
P42345	15.8183733385449	15.7783151343397	15.8476567867256	15.7625417653957	15.8283468612203	15.8304396610501
P42356	14.8069518411588	14.8013310987784	14.8572007098464	14.8232168654562	14.7745100093963	14.8552636146041
P42566	15.9260187367639	15.950585852219	16.0526170027765	15.9955058769659	15.9715535137342	15.9955424394091
P42574	12.6349099819774	13.1486920298577	12.8608225172838	13.0288905024513	13.0658519487494	12.9934827497046
P42575	14.3879696114921	14.3469115020497	14.3580207065034	14.3564707255722	14.3087308289324	14.2303564840515
P42677	11.4894980289602	11.530322159779	11.4938318488779	11.4893529040025	11.6648610441597	11.5659040856147
P42684	13.3522315611413	13.3919069071546	13.3717675454332	13.3033519635922	13.4713255386143	13.4635420497975
P42694	15.3047062619731	15.2824826483636	15.2497078888157	15.116462576982	15.1347868970958	15.256527344004
P42695	13.7875463530608	13.780665789748	13.7882252559205	13.7510684022976	13.7822247120224	13.7891067301333
P42696	12.0403066601128	12.0219932474039	12.0074510887329	12.0285637861444	11.9560002781104	12.1427940194905
P42704	17.6703392054171	17.668745111228	17.5965854957672	17.6702730482864	17.6040533584555	17.5101186945457
P42765	16.1267359643389	16.1805471769897	16.170173668144	16.2635509615202	16.2377530926662	16.1307885347249
P42766	13.8041386524902	13.9732343999354	13.7133905532885	14.003690327809	13.9368827253381	13.7058308557839
P42773	13.0020502388036	13.1169823318535	13.042341794877	13.0716935301338	13.2243767428328	13.0016719320114
P42785	15.1348862494822	15.1256183499358	15.1622698823083	15.1012499829699	15.0575595253512	15.0036596709805
P42858	15.7030512561759	15.7088249071169	15.7345424282545	15.6553187673244	15.7621250403192	15.7297266566113
P42892	15.430221669461	15.4900353560948	15.4696931386227	15.6163335438981	15.6314815064633	15.5962090194452
P42898	11.9124693763887	11.6847237216689	11.7240878525324	11.5327759631169	11.5891472858589	11.6848304016897
P43007	13.7775951828598	13.8316871203362	13.7759766454237	14.1678009886204	14.1015530618881	14.1193226052287
P43034	16.0094978741793	15.7890479916711	15.9092983032906	15.8443020703144	15.806056319773	15.7993557479205
P43121	16.516567322964	16.4954322436948	16.5306017449269	16.6413694964649	16.6426473539277	16.5118512637949
P43243	16.9087312267033	16.9826838610334	16.8759121119942	16.9582279192065	16.9439595958733	16.8791223579043
P43246	16.6755445907167	16.6217483333993	16.7059561782441	16.6712291879499	16.7040152140253	16.5706458211966
P43250	13.3732972461857	13.3968894450467	13.359522650651	13.3033451155783	13.2694854130305	13.3070567994199
P43268	12.5485448970683	12.7822143815258	12.7318847014341	12.684010153292	12.7751998492452	12.7107688948993
P43304	16.1061926804919	16.1230287108727	16.082631729269	16.1278515842014	16.1651821972686	16.0424266287237
P43307	14.0986520311586	14.0566025204353	14.0444052683273	14.3368119542973	14.3700673357205	14.2237149115735
P43355	14.7848566475018	14.7941531220549	14.9282862453016	14.7540357536885	14.7028416370457	14.8203293775404
P43358	16.1778577238923	16.0871390898626	16.1578904499824	16.1051667974607	16.090335548267	16.0898635386213
P43364	11.1445690449634	11.2977277452929	11.1266323993991	11.0792191014761	11.0118250913281	11.1704058024734
P43378	12.7652845671205	12.6813463056173	12.8216437294508	12.7269561605593	12.7719896666723	12.7966918182494
P43487	15.1528891385958	15.1829658204525	15.2131376008006	15.3381532110095	15.3174762378917	15.1320973914933
P43490	16.1497694348487	16.1739323906278	16.0697287007224	16.2085430725892	16.2367116000934	16.1104821797754
P43686	16.5811438476121	16.5905613840587	16.580728560543	16.6355148432119	16.6984117871717	16.5675170145478
P43897	16.0793480007398	16.0805917345162	16.0461359061355	16.0595943270813	16.0641692403198	16.0206881274834
P45844	8.459064624812	8.28908148906932	8.30183021738125	7.6314634047577	8.81778959969752	8.53727781127401
P45877	14.7256002255032	14.6487595861225	14.7687831295079	14.7544285353476	14.8896690164341	14.7035983935215
P45880	16.5813308430982	16.5867629960995	16.5547077370276	16.6578873636399	16.6857626593234	16.4523983186382
P45954	15.0670185779795	15.0271271347297	15.0145042623272	15.0679675770851	15.1282957345495	15.0193879107144
P45973	14.7661661345183	14.766684675223	14.7509798466163	14.8002169308966	14.808733290685	14.7496158094846
P45974	16.4771908990121	16.4795901332154	16.4803428011069	16.4620102831531	16.5069673638515	16.4122795791511
P45983	12.4610127625459	12.2333548093353	12.317839397874	12.2769943882284	12.257168806431	12.2478545685709
P45984	12.9018339880745	12.7999360576154	12.9977096892876	12.9418419559878	12.7980692616911	12.9297213448616
P45985	14.8867557516302	14.9282641429481	14.9385721023435	14.9766892779563	14.9637157326361	14.9496356893652
P46013	17.0639686106686	16.9579816825657	17.0258954936753	16.9694585502759	16.5460278518131	16.8169013184305
P46019	14.4130638534828	14.4267485511648	14.5369176500858	14.428478643068	14.4126970356956	14.4435968185787
P46020	13.8003162900587	13.7303777062533	13.7486445056391	13.5597238861563	13.548152428991	13.5868450320326
P46060	17.415651210399	17.4060172362755	17.4188688338145	17.4883283709329	17.5547973624689	17.3179061284705
P46063	16.5757683852449	16.5078480681593	16.3965994319545	16.4156392890778	16.3468069416511	16.4228666004475
P46087	16.3722099017011	16.3903414734239	16.3610228609043	16.4769675721417	16.2158291315477	16.4125706205296
P46100	11.7734733491342	11.6280506054584	11.9065848744685	11.6055634070709	11.9222806210086	11.794089690242
P46108	14.8397890569546	14.9361197336869	14.9097992034483	15.0013156400421	14.9968651978503	14.8981333543334
P46109	16.2527496105123	16.2164305425071	16.2041653282045	16.2679292468407	16.3411230592376	16.1800655768473
P46199	14.3326583678013	14.4596961085101	14.3308707222076	14.3921262848974	14.2147701305611	14.4603481939129
P46379	16.1887706022505	16.1740106346899	16.2296798208714	16.2359200345749	16.3167455588312	16.2114858554509
P46459	17.1938605195256	17.1645458208569	17.1537920089996	17.1864769850391	17.1478995705657	17.1154393277125
P46527	13.4558186122376	13.5318848622029	13.4472773787187	13.2194281033136	13.2489290686247	13.0726745400053
P46531	11.493092231219	11.558802445978	11.6052273013264	11.6485859991591	11.5515374674029	11.7651182474128
P46734	14.7225493317561	14.6973740188455	14.8301847755367	14.6886350895623	14.6773047679598	14.687693227994
P46736	14.2580636540008	14.265819385764	14.2994534841282	14.2600983339166	14.3038341786361	14.2852175378681
P46776	15.3894163762144	15.4951471891231	15.4117865432989	15.6062341480834	15.5384789322091	15.4444670614545
P46777	16.3745434193903	16.3527633109464	16.3215155535671	16.4702219606528	16.3664879741599	16.3348219676552
P46778	16.0277177760306	16.1514730184495	15.9756947791132	16.2043646981726	16.2017293966948	16.0513409583826
P46779	16.0418553793881	16.1687518819456	15.8251898305894	16.1092418444964	15.8952078300923	15.9667006085226
P46781	15.6917300709567	15.7738585933469	15.5856059775342	15.7559307898663	15.6277125492754	15.478462458363
P46782	17.4275764586415	17.3625037141014	17.3665515349275	17.1429296672933	17.0802787049506	17.185424263672
P46783	16.6392764842023	16.652205359265	16.7022676558671	16.6792393403295	16.5772439352146	16.5639283802154
P46821	17.4295692372463	17.4395859199358	17.4039073007632	17.540972915862	17.4792195143804	17.5090594592201
P46926	13.1300176911543	13.2048048970684	13.2119052514045	13.400143455912	13.1698706699704	13.2888499726682
P46934	13.905883264912	13.8942725877322	14.0276037408041	13.9119436256105	13.9073470983625	13.9861679293099
P46937	15.6141721711395	15.6854370021097	15.6071048905213	15.671477651054	15.5994721733183	15.6170289486959
P46939	16.694785970491	16.6852463337833	16.7527069939805	16.6610670415504	16.6442907221127	16.6807883759403
P46940	17.5529134032609	17.5539861696336	17.5060240386876	17.5934395864099	17.5472890829501	17.5075210376573
P46976	13.8433181305422	13.8526077368926	13.8153826274431	13.9521087938917	13.8810916233197	13.8841561779369
P46977	16.1471943419708	16.0813504270326	16.343608116214	16.4265853544832	16.3489535574028	16.2628248757176
P47224	11.402942931281	11.4273834561172	11.3357231705691	11.5375624492258	11.4805155546845	11.349392071279
P47712	10.5162984612398	10.273378009761	10.3416447926034	9.97542626941584	9.78288570779773	10.2996205116112
P47755	15.7440982056128	15.6926680357353	15.7100151201782	15.7671167067721	15.7236530903591	15.6340339535605
P47756	15.553922576165	15.5662751872647	15.6072791824861	15.5851128477436	15.6480319348537	15.5590584469361
P47813	14.6918229302439	14.763935399006	14.6539137375848	14.7423662961813	14.7245229733315	14.6852965641282
P47897	16.8690640069203	16.8814472372779	16.9243081031389	16.9416571840306	16.8728747935337	16.7859865199449
P47914	15.9767088740051	16.1134665084778	15.848114305616	16.1153989303621	16.0928166626545	16.0893606762718
P47974	10.9752548134689	11.1224442526439	11.0089798379851	10.8028229554464	10.9608167653294	10.9147092805382
P47985	15.1918013490968	15.1577965836562	15.1895410361657	15.2178318745978	15.1955162020941	15.1504222433692
P48029	11.7859014525998	11.5839005772811	11.8039826115021	11.8377164351513	12.041634889393	11.7654725114456
P48047	16.3769723678419	16.3965676632117	16.3464414031443	16.3461045351935	16.411823038302	16.384867738239
P48059	15.0284307934766	14.9706385099057	14.9838659161018	14.985977867962	14.7889589200369	14.9628127251591
P48147	16.5532254206764	16.5051578352055	16.5294380159876	16.5600056394959	16.5465252791781	16.5228747682912
P48200	13.4077420947815	13.4375457369648	13.3615035680556	13.4483302893927	13.4460724402924	13.5665324962439
P48380	11.8561352041207	11.7459655231245	12.07596542001	11.9056178909405	11.9690391821529	11.6321682970537
P48382	12.8739639794393	12.8695331857587	12.8632634059105	12.7121374097019	12.728773576748	12.8371604222621
P48426	13.0706745174611	12.9561394978111	13.0778408334055	13.0420449577885	13.2007967408281	12.9948462918731
P48436	14.0747705180632	14.0928607205912	14.1173230656079	13.991396811528	14.1836222696226	14.0811732528808
P48444	16.4373648371047	16.3664821255471	16.3863387475075	16.5341326676454	16.5816897410268	16.5605497501796
P48449	16.1027293332471	16.0285231162226	16.0201349788443	16.1239618370419	16.1509636367521	16.0656182335584
P48506	14.0842285301615	14.106854850018	14.0933191789038	14.1867518083243	14.1821303765963	14.1000987598487
P48507	14.040000504674	14.0999947792562	13.9143892229693	14.0613171707793	14.0974892285928	13.9383212640747
P48509	12.4171985241082	12.3888552271809	12.2516910934415	12.5130030562278	12.1453199043033	12.2357359488982
P48553	11.8987795415292	11.8053916305332	11.6484864170123	11.7450810424938	11.5960387478224	11.8721427548316
P48556	15.2611496014701	15.2053257856099	15.3459381064695	15.1945763292889	15.2107103102174	15.1523374956766
P48634	16.2261449067806	16.3270814884908	16.2915084319621	16.3192886160261	16.2543763638929	16.3224808290816
P48637	16.5841988713939	16.5864987591421	16.5762507381052	16.5955073344712	16.6625189524186	16.5159615669709
P48643	17.1803867120613	17.1358143216927	17.1947127892294	17.2189583324462	17.2531170572638	17.0883616746094
P48651	13.4243263115858	13.4188405958582	13.423041117293	13.3725688293186	13.3666322645613	13.4352420814112
P48681	16.342404115311	16.325032328308	16.2995273903147	16.2678616949041	16.2495048754211	16.2122689941631
P48723	14.9024419333957	14.9824359414487	14.8466664300042	14.9322988353885	14.9535768822469	14.9710597178788
P48729	15.3307875596967	15.1966076294942	15.1991904886277	15.1560279675223	15.2413462812681	15.1404818868529
P48730	12.717737734039	12.8853876372404	12.763046714531	12.921047182892	12.6399095705233	12.7259181876004
P48735	14.9722824771847	14.9846657428946	14.8908674192113	14.9830574748863	15.0971819176841	14.9296070048614
P48739	16.1006609076504	16.0298545267798	15.9984270463172	16.1538517333986	16.1175232306531	16.0100715527946
P48960	13.887740285696	14.065975630765	14.0594337703916	14.1681379621606	14.178814011297	14.107086954949
P49005	14.9886910805155	14.943555634888	14.990999914062	14.8322306619048	14.9888823114052	14.9169565690232
P49006	15.3910870481319	15.4014763463066	15.2193423939509	15.2806588875156	15.250525044051	15.2154266157344
P49023	14.6274643005263	14.6160036744338	14.5956356950976	14.6455824620746	14.7399377275174	14.6731140600983
P49069	10.5745380216416	10.5795758175246	10.5465568967583	10.1562816383232	10.3925164134116	10.4298192347379
P49116	14.314519781795	14.3068142399936	14.3192167096617	14.3707380927062	14.3113949168513	14.2439530015001
P49137	14.8594058459659	14.9407565655712	14.8774030535513	14.8614760499667	14.9061756458274	14.9348288056648
P49184	11.2171328636866	11.0335509950885	11.2314494859406	11.3124583914716	11.3457220945302	11.1353054785115
P49189	16.6931597781917	16.7673502940103	16.7001542893142	16.7951393785211	16.7369465896952	16.6913764796802
P49207	15.441055664913	15.5608169397124	15.3091095141757	15.5306727766729	15.045943182415	15.1729923581728
P49247	14.7016783865895	14.5957224380333	14.6509090792791	14.5910850425723	14.673254091103	14.529476958544
P49257	15.2583339269305	15.1881536800636	15.1299962073309	15.2906773027336	15.2761846667716	15.2536741101517
P49321	17.2221596478423	17.2488867253169	17.2141206484771	17.2989968326236	17.2310535201893	17.11102073807
P49327	16.9523091226701	16.8852550037193	16.9037252086459	16.903279122965	16.9484597322334	16.8798239800949
P49336	12.6697001320295	12.6285916675648	12.6492749042379	12.6327632833675	12.5344813568899	12.6314034734274
P49354	14.1109001593503	14.2281347857234	14.0871416022666	14.1860596844578	14.216161711196	14.1910095371332
P49356	13.2293821675451	13.482409781278	13.3523230883244	13.2867836461618	13.4240627774183	13.5190298872831
P49366	14.1511667031635	14.2261216857029	14.2269670157907	14.19674751994	14.2474681128638	14.1678235110981
P49368	17.3636287981096	17.2725110401611	17.2187109344976	17.2384331867935	17.2724542880125	17.1892043311249
P49406	14.7886262673852	14.7911980428388	14.7515401440466	14.7431744682428	14.7754696968127	14.6678224485611
P49407	13.3939314857482	13.2322098500501	13.357299134812	13.1943133510081	13.1773738633272	13.2469628247746
P49411	16.6103092147968	16.5952153918043	16.5905676698841	16.6517680674621	16.6654994358518	16.5241975201612
P49418	14.8735302512162	14.8493513793828	14.8153886492231	14.7214453957451	14.7034996372806	14.7265595186747
P49419	16.9217531582792	16.8931224938843	16.8647394640769	16.9621720439207	16.9112675751939	16.8265025838101
P49427	11.9736346934128	11.9959023821099	12.024197596085	11.9673927919796	12.0926982350808	11.9218240733731
P49441	14.2579530326552	14.300176592479	14.2678605924394	14.2800215253245	14.2770458644414	14.2520024913785
P49447	10.5584016142461	10.9326138479858	10.7875419282086	11.3295056456506	11.1970803610421	11.220570931414
P49454	16.8939639891466	16.9779975877131	16.9628718443176	16.9791947292346	16.8736020022678	16.9415548471145
P49458	16.5498650274119	16.4868084925318	16.4681484721701	16.4789491811885	16.5154873766064	16.4022503177069
P49585	11.662412080142	11.6467519502329	11.7405785997068	11.5658795285854	11.7430211344274	11.764756356037
P49588	16.9249340053467	16.9720669896073	16.8977047971661	17.0719458284461	17.0338156098614	16.9495295508029
P49589	16.419200483151	16.3818119433811	16.349888551429	16.4676330814123	16.5078916149798	16.4682663672141
P49590	15.0691530553709	15.0150798183751	14.9863187126253	15.031212826425	15.1877631510645	15.0501643751563
P49591	16.421240518964	16.4738807412049	16.388823715824	16.467313442347	16.4224854914226	16.447624307662
P49593	14.5225368512961	14.6307444951421	14.5783080516771	14.6482894852188	14.6193387302726	14.5764458468147
P49641	10.6949881272322	11.0607206659948	10.8311594559568	11.1286597361191	11.0234784702492	11.1866955908163
P49642	16.5520140557107	16.5822153412994	16.5951314335785	16.5256410253771	16.5188002791872	16.5825151730348
P49643	15.3230096589081	15.4075497415862	15.3831160115783	15.2479579896939	15.2967905180308	15.3270082754816
P49662	13.7740586262798	13.769651949535	13.803312780734	13.7446473782478	13.8272296634594	13.8224301041491
P49674	12.1447659090152	12.2515119384375	12.3003824176501	12.2027280263623	12.2307239291415	12.2579128411697
P49711	13.7214653708071	14.1854869402602	13.8665819028092	14.3272227294691	13.6508675630685	14.5848075939609
P49720	16.1502530452159	16.0354455792913	15.985933090624	16.0916712052883	16.1733507431905	16.0122786180062
P49721	15.0883394666115	15.0759792202809	15.0930546835946	15.2075448493029	15.2045025280011	15.070168523913
P49736	17.1378372114223	17.1246768492178	17.0891255277137	17.1126467534022	17.0959797970559	17.0207066766077
P49748	17.5704197409289	17.5424951705116	17.4616976266267	17.528327307864	17.5085505966233	17.4785697828922
P49750	16.847720924028	16.8620343784646	16.8569531710712	16.8068991924906	16.764649917009	16.7571060993133
P49754	12.831113122153	12.9386366195592	12.9419219745055	12.9288344478437	13.066342153849	12.923257018423
P49755	15.6428305027733	15.6602410325782	15.4632292426026	15.6886702698223	15.7859401589408	15.7464513215053
P49756	16.1734960402881	16.1533254676113	16.2428309489898	16.1941010724127	16.2672145270332	16.1017986185552
P49757	14.4640274961223	14.5041138844989	14.6048023074725	14.5901563219541	14.6289808513216	14.4785322848678
P49759	11.5000969990789	11.6189823807601	11.6716717530957	11.8210411687419	11.6500410165377	11.6366993029974
P49761	8.7664665600291	8.64375735882855	8.45616965958126	8.67980033814806	8.95287201805644	8.79284787371828
P49768	13.7948514970347	13.7991703776798	13.804789637831	13.6921525371282	13.695797630342	13.7779069299671
P49770	15.5265090301479	15.5003640473416	15.4913005108404	15.5655723694525	15.5951891982961	15.4260641200051
P49773	14.4567788810899	14.4674436805061	14.6065409713273	14.5405169095498	14.52189576719	14.6302399574929
P49790	16.6722320678009	16.6813247495468	16.6478533582786	16.6645014324018	16.6284269816808	16.671803279752
P49792	16.8928117729109	16.9083416159369	16.8708493421745	16.8730437008474	16.7644719741271	16.8493174602917
P49796	12.5184151835212	12.7675292001422	12.7948494159896	12.4742247208793	12.6122017940581	12.630327900364
P49810	8.39061351450321	8.84275621310847	8.71090665676774	8.99004025995705	8.95228865026679	9.13516549484067
P49815	14.7329554639391	14.6920078419884	14.658240046112	14.6380819863017	14.7468913537635	14.683256489148
P49821	15.4011663857781	15.4320787487303	15.4207745885092	15.4684152261151	15.5076878906225	15.4117925739774
P49840	13.2795428804438	13.4600047760114	13.4775585695909	13.2570007721043	13.3705809613727	13.3226709971129
P49841	14.4553183972639	14.545848623218	14.4171182999252	14.5402891428737	14.526314197655	14.4352681377816
P49842	8.90150507706606	9.18777780771127	9.01418687663027	9.1241386335337	8.86115114037631	9.16156728503852
P49848	15.0501630123072	14.9940171907646	15.0485097201795	14.8668978169948	14.8184804272308	14.8615663849706
P49902	14.9614051801771	14.8977298207831	14.9650793382918	14.949237567487	14.8904962751569	14.9139164833186
P49903	15.217782270186	15.1929959007783	15.2704279534238	15.3485810977452	15.2858212966947	15.0382779770171
P49914	14.6966175270089	14.6313520404797	14.4898335294015	14.492828076794	14.506056776972	14.4884157754317
P49915	16.4697485143854	16.4752713413551	16.4346854335581	16.4989206545534	16.5261187658609	16.398391524197
P49916	16.605582186047	16.6975043582236	16.6351775473316	16.679994453528	16.6685479346996	16.6646302095387
P49917	12.3690412427452	12.3942965782174	12.5105262747981	12.3124284495635	12.608981535835	12.3817981295714
P49918	10.652597238208	10.3890329564398	10.8825455442551	10.5875279752876	10.9605267127733	10.8461805070462
P49959	16.4241172790451	16.4500080020137	16.3904512637602	16.3950670198837	16.5031136559829	16.334167888511
P50135	14.2524961998609	14.1373513399564	14.1229449032215	14.2344006830455	14.2157840798354	14.2293705282158
P50151	10.7511336198565	10.8177397865142	10.831397688247	10.9406273068386	10.8509872310802	10.5728543497065
P50213	15.6324153481897	15.6733069064838	15.7540332671077	15.6722536734257	15.7324034590784	15.6187348991384
P50225	11.9572271428256	12.0488001749408	11.9655008734552	11.8116816116233	12.1060272326012	11.7619939451894
P50281	15.9407281067005	15.9339720219176	15.9639002403475	16.145100446891	16.0854432380103	16.1290467297345
P50336	14.5559676875233	14.7060554703429	14.4911723508575	14.5803614241305	14.5572635136826	14.6178763060682
P50395	16.3438351194928	16.3321403844837	16.2792565737412	16.4520495110145	16.3803299068722	16.2435229001883
P50402	14.2378969342457	14.3526782380586	14.1700643773832	14.3148102912306	14.2695612472624	14.1921447112078
P50443	11.4026847192725	11.2871517169473	11.3069446411025	11.3145256019141	11.5032320392699	11.1637190924578
P50452	13.4441542981988	13.4869666099338	13.2895770645274	13.6361209671642	13.8627305980674	13.6884193518691
P50454	16.9634956880584	16.9749329174354	16.9306015794895	16.9806009113209	17.0316063500245	16.9504564447486
P50479	16.0904974867339	16.165351212131	16.1368361270224	16.1612520083946	16.1461347767587	16.0156277514606
P50502	17.0419627620483	17.0054005897383	16.9619817801626	17.1119886525462	17.0969008770253	16.9590008389599
P50542	14.1724040153932	14.0819753878832	14.0087437446167	14.0519496609507	14.0590823684718	14.0037706861962
P50548	14.2426006658098	14.1110317215071	14.2443881843591	14.1997666244824	14.2514323406523	14.1924516647676
P50552	16.5308759293592	16.5323379903245	16.4186022764106	16.6053555695499	16.58340483434	16.4773577155265
P50570	16.1249514291991	16.0975987290311	16.0084924689928	16.0602949363682	16.0983053459058	16.0642723229357
P50579	15.1026973923819	15.1163996115879	15.0669407242637	15.1987431643683	15.1282405282042	15.0747932719598
P50583	13.7336485120105	13.6920629869021	13.8775977241025	13.7687409759555	13.781772375388	13.7856828946358
P50613	14.9586583101135	14.9511273920163	14.9545713597231	14.9063426109949	14.8196784717549	14.8411206903564
P50747	8.31315774910643	9.06695490393356	8.46536824730634	8.75828253861981	8.69943454646874	8.80835280585191
P50748	16.101091887783	16.1604193802072	16.1606899592374	16.1387503380368	16.1166036527494	16.1589097264759
P50749	14.0412243933914	14.1730910593174	14.0805182788398	13.9281968820509	13.9626834067966	14.1218061963501
P50750	14.249535252158	14.2861590235014	14.296477590073	14.2970531410439	14.2843529344078	14.2803837557038
P50851	14.6319177315536	14.6127881665931	14.724123135543	14.6852661865782	14.7133147232977	14.7061091799997
P50895	15.6144282773153	15.6650224901426	15.6926986111273	15.2595492401938	15.3460943304772	15.1756373825196
P50897	14.7826984141998	14.7743670531155	14.7928165285642	14.7742141784467	14.699794969786	14.5984073478939
P50914	15.067661543191	15.0235156654072	14.9481532050187	15.0767424941922	15.0826208022289	14.9599991594537
P50990	17.8231771214146	17.8248034633008	17.758666232142	17.8545949816517	17.8075962708208	17.7317079452503
P50991	16.5041153735945	16.4971392960628	16.4418572037015	16.5459359403776	16.540141508703	16.4158420346589
P50995	16.6505362892058	16.640230811107	16.6255205161602	16.7724780817831	16.767216082856	16.5976942572397
P51003	15.1544288517671	15.1694827884694	15.1365750732051	15.1155876990911	15.193741436103	15.1475783836814
P51114	16.6232980261163	16.6654710577558	16.5668955433291	16.5607132196963	16.6349888152784	16.6441882464093
P51116	12.9630221196218	13.035084961252	12.9005708630894	13.0791824657077	12.8458122690185	12.9843906835486
P51148	15.9436091387158	15.8792184865611	15.8734609763034	15.9136763998171	15.9834370591545	15.8845335684733
P51149	15.9928043079964	16.0045271320541	16.0565109647814	16.2032121946545	16.2173361203423	16.0835068440159
P51151	13.0600426231224	12.9735770179589	13.1157428331831	12.9943326278192	13.2135494073003	13.1181588850943
P51153	14.746949424103	14.6284869996403	14.5622955726265	14.6704567290381	14.6097573235957	14.5486569848709
P51157	11.912632596162	12.1074414375118	12.1318385917092	12.0655886534274	12.0578102985684	12.1039983483349
P51159	12.4920306878199	12.6599510080085	12.5426531501282	12.4889435092546	12.5857274261273	12.5332118035321
P51178	14.4920003465283	14.487822575582	14.4439159329494	14.5037902050233	14.5756888304822	14.4519526237909
P51397	12.3414609986888	11.8868199911196	12.1949158951543	11.2038378121588	11.3048147093479	11.3224942761296
P51398	15.8151143108776	15.8106709153321	15.7373459776074	15.7568917525275	15.801975763325	15.7480597968691
P51452	15.9772641325102	16.0164901964505	15.7481790338704	15.8995748516317	15.9801255455109	15.9474227852726
P51513	11.0485068041432	11.1468096001907	10.9459376316289	10.9997533863286	10.8797544131503	11.1790037874273
P51531	15.7264015969106	15.6869607646138	15.6357156080772	15.7720654423558	15.6658884002334	15.8067479029218
P51532	15.4948045976251	15.5003052431666	15.4686447194557	15.5258874031602	15.4449636968731	15.6088324561453
P51553	14.0099776215521	13.9708504903461	13.9674874855932	13.93407523917	13.8614486341239	13.8659401622198
P51570	15.7314912682161	15.7127091287959	15.6952194817574	15.7000528736394	15.7293502128134	15.6548862989368
P51571	15.7156163161378	15.5422801315884	15.6104456099657	15.6271751607338	15.5724463312151	15.5484908321028
P51572	15.3160836316119	15.280532422665	15.290985219448	15.1988808456396	15.2216850814591	15.2452472655076
P51580	14.936162432575	14.9976790386523	15.08054082752	14.9962783350191	15.0713014643858	15.050790665701
P51587	6.84180706750055	7.18984509033137	6.66105972582931	7.47699109923404	8.14639832943438	8.02801695461854
P51589	9.08873978479133	9.86399365497172	9.65224026097216	10.0669446002616	9.98724223662511	9.46038427617286
P51608	11.5707679030063	11.8210779765775	11.6876071561515	11.8894544336745	11.4374568639833	12.1251212933704
P51610	17.0892304995699	17.0939427698685	17.0476144706232	17.0475006918304	17.0161511384678	16.999217250403
P51617	13.0126227696936	13.0666153589486	12.9144849957116	13.0375680706499	13.0957953566545	13.0492012129799
P51648	14.7873460970418	14.7323363763951	14.6189454360739	14.5699793729494	14.6607681271625	14.5948155669019
P51649	15.3169929541859	15.3949082429986	15.4108173976849	15.3033714802532	15.3242488757647	15.300465349359
P51659	17.0826729863681	16.9576372126946	16.9515204284614	16.9839560463029	17.0232633776948	16.956824231441
P51665	15.296645386554	15.3632369099377	15.4072233237697	15.3101817151259	15.295950173796	15.327533527297
P51668	12.1521846671824	12.0671909412917	12.1394909702419	12.0981321467647	12.0176920622098	12.0513432765876
P51687	13.6867497863945	13.623483492704	13.621931264289	13.5819012425352	13.6729890727957	13.6304706667861
P51688	10.0840759660611	9.96070178849556	10.2470226590326	9.84935016339218	9.75637690322119	10.0166383189115
P51692	9.83311455355389	9.55320273661595	9.34505265630718	9.88300985232825	9.57056428079578	9.58262291636147
P51784	16.0096655787247	16.0378992020371	16.0712323616496	16.084422040002	16.1154836564892	16.061914097608
P51790	13.8716220455514	13.9456693142881	13.959321118471	13.8347411678774	13.9749494005243	14.0005413681392
P51795	12.0562924069824	11.9542827592493	12.2448959101403	12.0398107169179	12.2016058095514	12.1895631579504
P51797	9.48400445418455	9.5415380167793	9.16544265762965	9.27532518040891	9.65682734175959	9.33368984218508
P51798	13.1094106657145	13.273472778282	13.3350652653923	13.2089806976678	13.1990026172902	13.3467411180102
P51809	14.3477569477945	14.2877878143876	14.2490712307372	14.3668035941523	14.4964926540792	14.3708578043277
P51812	15.4036354374653	15.3228781072039	15.3594992485682	15.2273778095622	15.2275038317592	15.3201400944675
P51826	11.5677320308436	11.5668124211912	11.4906099155121	11.6567908486115	11.5795766732254	11.6322778196786
P51828	9.50866443992644	9.7545866035739	9.40492845322104	9.95827089033591	10.062025694169	9.88416659003452
P51858	16.1407497339237	16.1049890561978	16.0129140095246	16.1819504229967	16.1127668996943	16.0453688913815
P51911	15.4146499580017	15.251724215471	15.2968277180277	15.2661520169214	15.3007111987243	15.2302237197042
P51946	14.0606094302732	14.0267599692657	14.1878814076888	13.9364995473694	13.7880810739067	14.0547678312355
P51948	14.8475762776131	14.8575169155355	14.7965805353811	14.7207528243965	14.8071306830561	14.7521015638723
P51956	12.8104799435533	12.726371051182	12.6713856657883	12.6289650493854	12.5920035793253	12.7095589825942
P51957	9.87764280134869	9.66911604712531	10.1995065934378	9.5541405428824	8.99181701445342	9.87637122928056
P51965	13.4864553944578	13.6678943489601	13.4630664055127	13.6353987015682	13.5245376347953	13.4280586607463
P51970	14.3228169120284	14.371635655952	14.3512927279949	14.3609718011502	14.2071892486316	14.3863870027349
P51991	15.580670992084	15.5838408357378	15.6601142044521	15.6148551673505	15.5174323930746	15.4744392902355
P52209	16.8176282522054	16.7953632399712	16.7788197966963	16.8686572834361	16.8752371834614	16.6701457670457
P52272	16.5936927829047	16.5040808732769	16.5803165158543	16.4854340569483	16.5562608998793	16.4602005091289
P52292	16.0890746273278	16.0092128963936	15.9478604790672	16.0528684619984	16.0713949518083	15.8697246010376
P52294	14.986623061917	14.9234050281391	14.8610294533777	15.009574745676	14.9367918306173	14.900471366093
P52298	13.5714500660196	13.4023116402583	13.494206809551	13.3229878959426	13.127721191705	13.3429809254369
P52306	16.4479612632906	16.4851234256775	16.4175540664624	16.4963140689868	16.4763282129748	16.3955854107007
P52429	6.1954917216091	7.35324909136139	6.50035703351484	7.00099900096079	7.00294764692194	7.36036166545124
P52434	13.1199610677939	13.2651500759354	13.055081551274	13.2622890984748	13.2015876802225	13.0873041345348
P52435	11.5442263136879	11.5223034075548	11.3001730115032	11.4161884956717	11.5040012232651	11.168930773417
P52565	15.5727890395126	15.4900207923798	15.4761235683285	15.4580561847481	15.4159509618107	15.4366227167804
P52566	11.9672494577399	11.8013702218983	11.9791260818238	11.7486824744896	11.8789244583529	11.9629141938967
P52594	13.9989009993227	13.9291653066837	13.9155862976617	13.9469726726014	13.9608472504216	13.9300130389585
P52597	16.8056573357067	16.8552291245904	16.7625891203694	16.8556087589436	16.9215077910426	16.7093471558218
P52630	15.0387797308625	14.9864209524102	15.0174090735226	15.0584710616613	15.0606970202292	15.0696925101696
P52655	12.3967200868029	12.3209661192794	12.3145938021963	12.3094911239524	12.4901430121729	12.2940696269649
P52657	12.0767200939419	12.2601184323088	12.2188815157324	12.2080431328227	12.1952802063191	11.9699527281339
P52701	16.7608772881819	16.7246053508757	16.6808311506356	16.6277220409323	16.6734797205986	16.6499131348167
P52732	16.4921431346672	16.4730824462222	16.4971491855245	16.3153543739323	16.2996483974427	16.3904313339452
P52735	14.393316749656	14.5199950686449	14.4545227983536	14.4610415747484	14.4511547927057	14.4400427135381
P52739	11.0578510575634	10.9325071583734	11.1587816395051	11.1831285900222	11.1857149584156	11.4104927880034
P52747	12.5377505580614	12.5209735863676	12.4815208020175	12.4614914898273	12.5289702230946	12.455277237153
P52756	12.5990431962884	12.8704523874989	12.7983370004492	12.8154108273124	12.8692261081009	12.8286102967862
P52758	13.2194070776923	13.2263004308769	13.3224229788353	13.4359951920499	13.4582413078825	13.2678243288343
P52788	15.2437919325019	15.2455830694248	15.2329666017336	15.3725410884312	15.2929707480365	15.1412578740378
P52789	15.5533058998603	15.5446843392758	15.4532945765365	15.6420049811529	15.635903833266	15.6846119607327
P52815	15.4421844243109	15.4391293681104	15.3563409612591	15.4851498828265	15.6072729118137	15.3190021612539
P52824	10.6431414807865	10.6585948285891	10.5584354373911	10.6999329696311	10.8928378900043	10.9465212579636
P52848	8.38591859592247	7.85818004164922	7.43533945186573	8.0427604973091	8.37948815958255	8.45394503745705
P52849	9.81182241086688	9.62105028620017	9.80894302425276	10.0603466022048	9.94708093478824	10.1518903623754
P52888	15.7072754118714	15.7073276941688	15.8035690631478	15.7122145242828	15.648785476605	15.6473441936489
P52907	15.9333692652251	15.9497878687419	15.9251242817872	15.9711662102791	15.9921885221345	15.9072544175467
P52926	14.4259233163679	14.6405722788054	14.5024039554135	14.9019956031571	14.5353170585851	14.72752557518
P52943	13.7533832238065	13.8260492866226	13.8464601735645	13.8709969024637	13.7759005986811	13.8869837705907
P52948	16.6845093928243	16.6350415662335	16.6890292214703	16.6531122719448	16.6200521945441	16.6251291034048
P53004	14.9118350242442	14.9126557604182	14.915770266851	14.8655005708194	15.0035016907243	14.9306143143031
P53007	16.3005253299778	16.2169085337953	16.1505564858689	16.2277731370196	16.1171438256151	16.0873685753966
P53041	16.2512952520392	16.1353834891675	16.1501087106505	16.1004653423883	15.9621725230529	16.0698994505057
P53350	15.1972307442087	15.2317941907326	15.2528925298638	15.2267857886409	15.2177553723146	15.1930489157226
P53365	14.4627709615404	14.5233284327355	14.5326190206611	14.6776300597857	14.7010009923571	14.6481412361392
P53367	15.2625455983481	15.2500847483091	15.1414257614051	15.3146105389744	15.3900764418632	15.2848488614117
P53384	14.9562273394576	15.0015282367255	14.9619225061372	15.0390813756122	15.1297230295506	14.9510806356511
P53396	17.5037605750143	17.3582760218355	17.4171416124691	17.4792721632573	17.5028332878792	17.4078209690264
P53582	15.7029776958902	15.7388979780418	15.6469197100243	15.7246547677162	15.7118771365126	15.5527762125652
P53597	16.0821976331598	16.0422442751646	16.1159257888715	15.9867268725794	15.9205841924612	15.9737861771773
P53602	15.105456103761	15.0237754604833	15.2578980510778	15.1026365886996	14.9971524554495	15.1356280454131
P53609	11.6815616991003	11.6477828082645	11.8025413818613	11.5544121679374	11.5482818417956	11.6637684345496
P53611	12.2070391514151	12.2136404058137	11.989264759502	11.9585492148358	11.99910469292	12.0042529840632
P53618	16.926286224057	16.928350487067	16.8525304205728	17.1024050883078	17.0269380272179	16.9460014971445
P53621	17.0212923326294	16.9625571702146	16.9525747407287	17.0709511119771	16.9895761641777	17.0737392406483
P53634	15.1701421304706	15.2404656668972	15.1368449618637	15.2354698702695	15.2579378267737	15.0650098300215
P53667	11.9010481317866	11.8689041302284	11.8755121814515	11.8132406308076	12.0486510058529	11.7864927296527
P53671	10.225566104769	10.2161781837266	10.0738526617534	9.92504576563971	10.0057616642074	10.2523252058504
P53674	12.6975663936203	12.6374759947093	12.5673544963734	12.7637556703149	12.6765875519399	12.6577492149318
P53680	14.5889924670111	14.4951146170855	14.576220531276	14.6236010485162	14.6537807070566	14.4495886966447
P53701	13.3253606322344	13.3824493218768	13.4623333469823	13.3669772472321	13.1497053972543	13.5506804867215
P53778	9.4900207159333	9.23903520457759	9.72235899759134	9.26516791960778	9.74503576705261	9.33902733792682
P53794	12.3951114995677	12.3387413556809	12.2557469765525	12.2515496099374	12.1458302274224	12.3023970558115
P53801	11.9517044622597	11.9390880740958	11.9996966342324	12.3415680990386	12.091777552162	12.0842604554724
P53805	11.1538656157362	10.8300158784637	11.163009111984	10.8560137553414	10.8962678106832	10.9174386750425
P53814	15.5495711054104	15.5467096367437	15.5132110034568	15.5526412828711	15.6239903945186	15.5952004310455
P53985	14.1539308185647	14.1358835118527	14.0812421660338	14.1567820239138	14.123718731096	14.0103444654755
P53990	15.1476024957918	15.1586947250353	15.0772043871177	15.1611741708931	15.1885475458752	15.095166864698
P53992	16.5919902383344	16.59988892424	16.556649042319	16.6717724879409	16.7572358696427	16.6472378539544
P53999	15.5971431622923	15.6135527588347	15.6143878756078	15.7529613204019	15.6255528341148	15.5781722800083
P54098	13.9683163551446	13.953355371004	14.005344636127	13.9161949822591	13.9675523010416	13.8970381749448
P54105	14.4133089998263	14.3460749676554	14.3599933648752	14.5180626260432	14.5238657703565	14.3523078989629
P54132	15.679510936828	15.6928551247617	15.4551129344284	15.5353455420329	15.5186295742291	15.7005302508599
P54136	16.8056501491563	16.720123954877	16.624236770103	16.7222332975094	16.6557152562598	16.6592778355676
P54198	11.9413198844851	12.1995801002814	12.0523487706431	12.0862538185133	12.0035076900342	12.0238738933717
P54252	13.7262039559031	13.7416834304066	13.6964044276952	13.7147214676515	13.8363829409401	13.7298719885596
P54253	14.312864061286	14.29757390705	14.2319608825846	14.2354992994095	14.1844770109884	14.1901598510315
P54259	11.3909715267695	11.734856227992	11.6071904014338	11.261128908263	11.3193751408883	11.3288885339939
P54274	10.417073889231	10.8735201094365	10.8268167407286	10.4768162306404	10.858606255185	10.6566748267837
P54277	11.2512481971799	11.0621215405144	11.3174652784878	11.2665623277562	10.9686458896975	11.0718017196733
P54278	15.0635779469942	15.1306753667237	15.0523913505021	15.1084421392646	15.1268464640887	15.0536117856736
P54284	8.56978502125832	8.53247578182806	8.92249080256743	8.41441421845294	8.2489385154644	8.30784101841618
P54289	15.902585747773	15.9872486902352	15.9433306550343	15.9983995128024	15.9934257207151	15.9576161706815
P54577	17.308469537319	17.2430029204184	17.2519070995468	17.4043137921962	17.3036970297919	17.2603544033134
P54578	16.0680566998767	16.0638968140982	16.0440140949513	16.131453946725	16.1481412740591	16.0045597262559
P54619	15.8029232386773	15.80341227926	15.793406162166	15.7666421823033	15.6947333998972	15.7418368654063
P54646	8.13062783013501	8.04650984447517	8.39460432023524	7.02309572871418	8.94649522013516	8.33795330848976
P54687	14.6398766975943	14.6436502940887	14.5862387234965	14.870107189156	14.9146319975803	14.7492128510447
P54709	14.1445883465484	14.1268568968086	14.2138078250735	14.2638854773455	14.279292750623	14.1300175043764
P54725	14.1272932860172	14.1230370585608	14.2397851668124	14.1462869388967	14.1542858469991	14.1803936596585
P54727	16.3375965839253	16.3109102153821	16.1620126014974	16.3108445557322	16.3052836349521	16.229901314284
P54753	12.3980192677991	12.5066634007424	12.489032785738	12.4581244666624	12.3488484140415	12.3144549537875
P54760	15.0916360211952	15.1589833964098	14.9818436191769	15.0753552266128	15.0563906014258	15.150464086693
P54764	11.4434719537111	11.5676424323323	11.4486057903261	11.4079577405353	11.2300787068979	11.3414460405243
P54802	13.3674940952767	13.4400091572067	13.4410654927096	13.5484072367141	13.454443772431	13.3637832072525
P54803	11.8863212356052	11.984663445904	11.8299279620358	12.0753744755076	11.8946332317888	11.7695365498256
P54819	16.0138859444401	15.9882320006054	15.9982031454198	16.1077943313123	16.1628188046308	15.999230269268
P54821	9.6383244644887	9.9367078115219	10.2047878224025	10.0118214855407	10.0062727145283	9.32311910545583
P54886	15.9345725806984	15.9669907716456	15.9161891422371	15.9864577704623	15.9914552921705	15.9259032932996
P54920	15.4591977123444	15.4047289953226	15.4036826903762	15.4696280021884	15.5218025020651	15.428185124914
P55001	12.1576272149035	12.2097153007119	12.2162963530912	11.8249886460043	11.8307522450216	11.9585367522676
P55010	15.6417927640645	15.5714278069049	15.5453686681054	15.6558675546375	15.5994549735779	15.5933318722701
P55011	16.4511212011789	16.4947940173978	16.4669106207027	16.4689664894724	16.4972001089339	16.4550601082489
P55036	16.4910325038483	16.4947269211243	16.5004752977717	16.478816238891	16.4720624933867	16.4021657930132
P55039	14.6213745588035	14.6228490103768	14.7399548092951	14.5797311272261	14.644112599331	14.5841310127914
P55060	17.6520684617537	17.6669196805159	17.6091325975174	17.6694144950013	17.6064738646371	17.5325432012289
P55072	17.3591279030284	17.3664130193225	17.2331635481298	17.4217111249244	17.3927196065775	17.2635379531805
P55081	13.4808859906652	13.5278690043967	13.5199808021782	13.4656048007863	13.3377043324904	13.3767808770524
P55084	16.6125560860572	16.662342368221	16.5866850969122	16.7238052529424	16.6340262756173	16.5721645981511
P55145	15.9744466096674	15.9919243129767	15.8306230411545	16.2774523499382	16.1730026332978	16.0562088912622
P55196	16.196927604253	16.2165422314097	16.1126768110499	16.1603012342333	16.1629813547995	16.1908681913645
P55197	11.1386816065998	11.4864047685805	11.3575017902418	11.3754640013553	11.3813706280423	11.5480519544402
P55199	12.3598963117547	12.6546202657521	12.2974019739325	12.320974726807	12.0635764427459	12.3830905523091
P55201	12.3110198473259	12.1337506406117	12.2160226805811	11.9920130044606	12.1842737823018	12.3646466547355
P55209	16.3253442423688	16.326882226172	16.2736703820616	16.3235657067158	16.4303889477537	16.2798799636059
P55210	14.0622206468598	14.1786711451884	14.1167937990804	14.2490658886032	14.1267697211724	14.2067678410681
P55211	11.5025207750697	11.6319651963622	11.4748542607104	11.5835815303189	11.7157828743876	11.4905112481082
P55212	14.5183973087326	14.4185481592815	14.5135685900955	14.424827759887	14.4027496742838	14.4525367106231
P55263	14.9077868046977	14.9321074784859	14.8846410401193	14.9109691623552	14.8635826986333	14.7312346925766
P55265	16.95305157356	16.9724414364967	16.931147704149	16.914676381345	16.998264085375	16.8745826294003
P55268	14.2697351267868	14.3404662560103	14.3073457622595	14.3142048344759	14.3584540186066	14.2960575197879
P55283	14.0775513544476	13.964820329572	13.9898002437421	14.0637318456017	14.1078417455004	13.8633843887647
P55285	11.3855397283515	11.3024473326082	11.350869714323	11.3078236168645	11.5942977213509	11.3123155844596
P55287	15.4360193070702	15.4071072745218	15.3871386234168	15.4798930678107	15.4433682733274	15.4862035024097
P55290	14.2461581169974	14.3257881303612	14.2363949049075	14.2042713655278	14.3396119194386	14.2230063980444
P55327	15.8357819051418	15.8384704922691	15.8176578227702	15.7680915869506	15.7099323054744	15.7712968988541
P55735	13.9647744487765	13.9884439319366	13.8668424432162	13.9954096615089	14.0648342414663	13.9556991387484
P55769	15.0814504643904	15.1869750602415	15.1011002611108	15.1662602881052	15.2537887121718	15.0954966574018
P55786	17.8457351486947	17.7958111270559	17.6995722509071	17.7984539421973	17.7975188767493	17.7141834263031
P55789	8.70530506759569	8.16919297659192	8.8123907108342	7.69156872242639	8.1672966448454	8.03047764954314
P55795	15.4485496375535	15.405978729107	15.3690555770256	15.4544184263537	15.5018940397575	15.4411811097898
P55809	16.3763852894361	16.3557739369338	16.2869023015747	16.3794170481226	16.4135506377321	16.3264881005143
P55854	14.4851984359017	14.5194738511842	14.6128801121459	14.5884117419378	14.2445133282857	14.326714293529
P55884	16.659310702268	16.5071464107967	16.5699579290759	16.5382886847368	16.5790224257696	16.5468235921034
P55899	11.6640988662277	11.8084387606961	11.7842352909439	11.7626443743992	11.9512539181857	11.8627927320368
P55957	13.7379930040322	13.7049237860448	13.7322696126404	13.7505923359196	13.7763145179619	13.7207840516626
P56134	13.3948437681571	13.3887274707508	13.4533681664814	13.4400297561019	13.4307634672473	13.4593806200724
P56182	14.240815304897	14.4387997699174	14.2913273018607	14.4760977111745	14.2123318029429	14.4463202794736
P56192	16.3065803392795	16.2579750384594	16.2699572591001	16.3074668722011	16.2815501613775	16.2089025128745
P56199	12.4079045261196	12.5151866437808	12.5017866663027	12.4916626023799	12.6406656168625	12.5662069682816
P56211	12.7836227043363	12.8828815347933	12.7386958345488	12.7815822132439	12.6719244860858	12.6786524937672
P56270	10.2251572934767	10.188492758986	10.1837947140801	10.2288012749509	9.59830318290354	10.3651440843308
P56282	13.4890754865534	13.524954323887	13.6692737403982	13.4163328765011	13.4112210852376	13.4903014957377
P56377	13.3803103494781	13.4487363694252	13.4201071677027	13.4322549644552	13.5994393613283	13.4854584603338
P56378	12.8032940530117	12.8618062897641	12.9070558724424	12.8068243922067	12.8841577322527	12.7604708490578
P56385	14.3155899674125	14.2800933987041	14.4152818739726	14.4898945714209	14.4996845314216	14.2007357218479
P56537	15.9136675916857	15.9589182621303	15.8034772317419	15.9519991565353	15.9166232525693	15.805481890684
P56545	13.6207433551325	13.659407768295	13.7454496792353	13.6094159162116	13.6244466665137	13.6575969401387
P56556	14.4393238915065	14.4241383827857	14.434205958412	14.3520449456482	14.5848318991804	14.4156621096908
P56559	14.8115355391175	14.9135228058731	14.7175692334537	14.739423090659	14.7915244034854	14.9047734236338
P56589	11.891975283426	11.9605560483235	11.9404520995303	11.9885691505861	12.1440491114635	11.9819992340602
P56645	9.93715394744298	10.2070086140497	10.1032191469269	10.2079992381038	10.3623845894116	10.269432884751
P56937	11.2576157636242	10.9949247437466	11.230492386423	11.0796599375918	11.2903628734163	11.2820738662985
P56945	13.8570295392276	13.7524091765434	13.8187659155553	13.8271364921746	13.8306719948843	13.7520392820047
P56962	13.3685025741092	13.3026832019852	13.296930511537	13.3575963223825	13.457237084665	13.3557635896488
P57060	13.3845806834982	13.2311646684695	13.3454085697272	13.2221734331365	13.2224536583197	13.2744557066449
P57076	13.057883853168	13.1178773341439	13.0459919972481	13.1746198912397	13.0956638911956	13.0455857505865
P57077	12.4559072792209	12.4499973542481	12.437052048059	12.4736893077338	12.4785280035603	12.3869902806606
P57081	12.3554838011062	12.0362024509104	12.2946716803516	11.9322908645239	12.1988140000245	12.1014331322536
P57087	8.57895550116271	9.65038917001842	9.51394896992993	9.0373161104921	9.17608984264323	9.60545420334006
P57088	14.9100296481311	14.8579443206866	14.7578342860932	14.8859165865975	14.9667730028385	14.8367713287607
P57105	15.4541317352676	15.4198072548876	15.447627726844	15.4620237797207	15.4352359014218	15.3164725247046
P57678	14.8611053454126	14.806508550146	14.8680534835562	14.7887435720593	14.7426138445404	14.8190377889661
P57721	14.2348018598008	14.269734482896	14.1756833835241	14.3285847029469	14.2706856538558	14.1484990270242
P57723	13.1774578058099	13.0190255870819	12.965533433279	12.9888995997472	12.9236914506982	13.0218814946689
P57737	16.3787588368438	16.3907577364379	16.360456703208	16.4137655875428	16.4081501424195	16.3310155805744
P57740	15.9722509393369	15.9204553636347	15.9506838709274	15.8495581637484	15.9180669939708	15.8306936060819
P57764	14.9031391852305	14.9012328189258	14.9499032859964	14.7527579727508	14.6668473470684	14.8290308954311
P57768	13.1306141876748	13.02496875411	13.0911977125237	12.8486370597109	13.0567545223339	13.1018883435061
P57772	13.0323891323047	13.0694798879652	12.909703784918	12.8775246867987	12.8934820532259	13.2580856000135
P58004	12.8680844669708	12.9623394186303	13.1223649641104	12.9294362361113	12.8630727330512	13.1267283198607
P58005	11.6576049826547	11.5678288859969	11.8573464587507	11.3853937476716	11.6507848275761	11.4878780134072
P58107	13.0552122591288	12.7851899049896	12.9808327490213	12.733820100819	12.8251532548974	12.7620694912226
P58335	12.247604631623	12.5357177578395	12.459369122924	12.814809496642	12.8690206568959	12.9294321143898
P58397	10.4425804982623	10.7957716237887	10.5384664528548	10.9732860833389	10.926039771909	10.9827968244296
P58546	13.7305040242428	13.7401331436974	13.5382402585817	13.8192721932694	13.7953828069067	13.5559243168723
P59190	12.9440417126432	12.759754389728	12.6434750946873	12.7461898232432	12.8720643091962	12.9273991394515
P59998	14.8509929321827	14.6815615935481	14.6996019466729	14.7472393556512	14.7325282150686	14.6456845546839
P60033	12.6816255514097	12.7388361511355	12.714555561837	12.6368233064197	12.7402646535476	12.5126142349454
P60174	17.3666910446228	17.3615438126835	17.3374129719378	17.3907094882569	17.4351039538317	17.3132646847733
P60228	16.0807747814275	16.0655819545062	16.0216102965939	16.1279894330891	16.1471070563252	16.0597630999629
P60468	14.1925576919646	14.0566829358804	13.9580470742576	14.3048803116214	14.2395869713504	14.189065959253
P60484	10.9951123870145	10.755879209884	10.9700412945642	10.8404373612236	10.8026661584326	10.63976142468
P60510	15.1025636602724	15.003094345697	15.0527664247638	15.10689397353	15.0298647393765	15.0199771611037
P60520	13.897428585459	13.941596951397	13.8599859128969	13.9769297256991	13.8167356666403	13.8452519729874
P60604	12.5656968729948	12.6184234903564	12.4174132337072	12.5259490277128	12.6871222839007	12.4548099387433
P60660	15.2821951293919	15.2969913179175	15.4804578437063	15.4763744108689	15.5883070006368	15.3159821455281
P60709	11.3714842062272	11.2737450151176	11.311096054632	11.3360382670875	11.2184261151291	11.2161881462442
P60842	16.8640154630855	16.7908478709179	16.7117340191469	16.8599421306848	16.8210299629298	16.7065122131439
P60866	16.3556703570882	16.4239300292342	16.2526234891195	16.4423665468348	16.3844314744232	16.3288141038489
P60891	13.9709398775229	13.9647113374255	13.9452911443437	13.94149878923	13.936691714136	14.0260074671856
P60900	15.8259265497493	15.8652643620145	15.7546291494407	15.9410626736957	15.8720577376165	15.728450245122
P60903	15.1165441852757	15.1905777380318	15.1472138175961	15.2550742476603	15.121020770188	15.0721685056302
P60953	16.5616852881564	16.5592496517665	16.4134717836681	16.6900450358912	16.5759259416851	16.4822248224156
P60981	14.6225225026907	14.6998616077165	14.5075520727683	14.7638661556447	14.5850719224335	14.4799154747097
P60983	14.161323704188	14.0809392226663	14.1099741620346	14.188417633156	14.2279530380153	14.0085880166257
P61006	15.1116507477365	15.0825713182597	15.1395510959801	15.0605654017082	15.0756945441433	15.0325639099484
P61009	14.3325473907058	14.1739946397247	14.2759650442295	14.4132096352924	14.2092902243044	14.258544181087
P61011	16.4769686354965	16.5284768545811	16.5246929121233	16.5761572569974	16.6679712013028	16.5787610594065
P61018	11.4304029637274	11.3137842995153	11.3548636655915	11.174486614035	11.5723384818084	11.3345892637692
P61019	14.7334996630923	14.8063188179823	14.7547210030994	14.9420442981255	14.9383057165267	14.7930775609811
P61020	15.0905323288833	15.0236918482407	14.9585224734013	15.1106337080484	15.0882496030607	14.9766177695594
P61024	12.9518169764099	12.829815403858	12.8543524843398	12.8246413346644	12.9989923593643	12.8030720485987
P61026	14.3094685737506	14.2520990601366	14.3130585390337	14.3720289284636	14.2359686265999	14.1986747445183
P61077	11.4953219603343	11.7605058549159	11.7714912401607	11.9800604731631	11.3983102988409	11.7050235591426
P61081	15.4071034497677	15.5596560121358	15.4244015646271	15.5887390816628	15.5454232843254	15.392040252935
P61086	15.5310156412624	15.5883251818549	15.5341102402627	15.5729514788597	15.605476359841	15.5372019424299
P61088	16.9112574021722	16.9187965136222	16.9460536018909	17.0189569181025	16.9641020479214	16.8664287481955
P61106	16.1589438019634	16.0511285536267	16.0870820163523	16.060778152403	16.0345572219751	16.053914382757
P61129	11.3778100506334	11.3484703082931	11.2165699736968	10.9568088051369	10.8298503012829	10.9164276359558
P61158	16.8550454046284	16.8253046556475	16.8117074167096	16.907855142045	16.9480049900758	16.8018487368398
P61160	16.4113414477101	16.3334750673272	16.3399926055615	16.4262593192885	16.4602272602851	16.338316579505
P61163	14.9267046892613	14.8753632657035	14.8857320962521	14.8706877604071	14.8262852662735	14.8879425236937
P61165	9.5374565828629	9.5422373696656	9.34927346922448	9.45926079373384	9.77189762745289	9.61259406865625
P61201	15.8226718324881	15.874087389904	15.7899990668629	15.8659158528004	15.9121780987691	15.7923116404021
P61221	16.7886218439323	16.7593922987511	16.7337996024412	16.8090044957952	16.8174211519628	16.6856687384825
P61224	14.8541300682303	14.8760771843479	14.7597052949214	14.9598488011779	14.8737631533183	14.7305496890899
P61225	15.2010235615857	15.2404171868235	15.2398274199276	15.2471750120261	15.1803747917889	15.2104341459392
P61244	12.3716886992594	12.403150575588	12.1429181432889	12.40609933141	12.1969908263398	12.35806445939
P61247	16.7694838071319	16.8247625144067	16.7584733636196	16.8113962105216	16.6891728110623	16.6887658838056
P61254	13.3974006018157	13.5009728349442	13.471550162372	13.5274928904824	13.2405809193116	13.3412842455956
P61266	12.9297583252817	12.7769843916688	12.7843111785968	12.8848744977881	12.9294254316331	12.7969259640764
P61289	16.4490434130504	16.3973312602412	16.4231865057532	16.51205377861	16.5346441076259	16.3574467736348
P61313	15.2959877571826	15.1973911619941	15.1611433475545	15.1547266822567	15.1262970563822	15.0257825322315
P61353	15.1630983763083	15.3593456756097	15.0650540329288	15.3527045500854	15.2933787639567	15.0481127236134
P61421	15.6941720773696	15.5336028868953	15.6455672372795	15.6239887701835	15.6888018891843	15.5843670779366
P61457	13.1612149506364	12.85053713913	13.1473565474912	12.7658822704834	12.7200826340255	12.9266747892316
P61513	13.5598063031532	13.743093016589	13.6681682698965	13.6853928332966	13.7160894491719	13.700619677855
P61586	15.550172331595	15.5063456774927	15.5281281303929	15.8262912725522	15.7676273200043	15.454169201857
P61587	12.5345135315186	12.7910173195574	12.8247262289015	12.804379958678	13.0803996731537	13.0231459780546
P61599	12.2936658491954	12.134443175863	12.316010392629	11.9968822844747	12.1442174542809	12.39105292119
P61604	17.3196582952094	17.3293979801883	17.3109153384401	17.4087836484605	17.4747104271806	17.1981626168923
P61619	14.3223989210379	14.3426408132273	14.3598915274486	14.5589491391372	14.4329206382046	14.5104983703235
P61758	15.0522606709085	15.0677188483109	15.1126833448987	15.1118056685561	15.1350881274701	15.0212421304166
P61764	14.9013548722737	14.831727982736	14.8595056190086	14.7859193656662	14.8903842422551	14.8245775114901
P61769	14.2003064647637	14.1187048009522	14.1615744871806	14.2866797359913	14.1192689077739	14.0603360914667
P61803	12.6861439008313	12.8887832308486	12.7249237210009	12.8214945501568	12.9114011261963	12.8183827063536
P61812	12.1852681828488	12.3717522885249	12.132805415925	11.7708414257735	11.9406082467918	11.8652458197726
P61916	16.6347811631878	16.7643294408467	16.6225297826973	16.7713289291061	16.6086162297745	16.4756368236296
P61923	14.382377532126	14.3688371617618	14.3504832857544	14.5349309140787	14.601249256328	14.5467901563855
P61925	7.43981473895836	7.55680645649309	8.08094998308589	7.36538147384312	6.82481794172867	7.92284823345708
P61956	11.7097838918884	11.9656072506882	11.6369160703172	11.7318309029186	11.6251029303069	11.4249891767998
P61960	14.3154313762239	14.3516156502633	14.1985788483901	14.4396534744379	14.5124510305291	14.3674015017333
P61962	14.295902599624	14.255772113626	14.2654110218871	14.2787759081987	14.2908820727729	14.1429112186562
P61964	15.4812020381495	15.4541058768978	15.4237782815122	15.3163937417205	15.3647946558659	15.3559778880326
P61966	14.0176867610861	13.9439067909846	13.8365418392545	14.0871768907674	13.9669288961589	13.9929107396415
P61968	8.07817195931272	7.46410833321426	7.61294362871058	7.86306304707172	7.14421745428091	7.82291090154208
P61970	16.1868803518889	16.1736477027625	16.1618503963016	16.2829122714916	16.292537902545	16.2012839367403
P61978	16.1273028089252	16.2690649127366	16.1035830878604	16.1248058838404	16.1167530431648	16.0432171550926
P61981	16.3985502667676	16.4422663352526	16.3996608233546	16.4454394682141	16.5038550533111	16.4165220653761
P62068	11.6946032306915	11.8295657944978	12.0519910502039	11.7866582670091	11.6406203557771	11.782904456782
P62070	14.6251525340704	14.5609250932985	14.6364946303992	14.5055204649737	14.6251918305698	14.5577331322921
P62072	12.9833714027071	13.0318073247801	12.9924693614748	13.1223541662781	13.1177185308273	13.0419269823571
P62081	16.0940431107086	16.205142451137	16.1119605422456	16.2397791477627	16.2364650624403	16.124499576484
P62136	12.0930989644145	12.1327792057892	12.2579464235344	12.3665250502805	12.1799285717422	12.2572215988462
P62140	13.4866366108659	13.5116380091132	13.5311824784459	13.5154419516341	13.5293825113774	13.6005196872793
P62166	13.4234977152972	13.4888374038996	13.3683292432978	13.4586619969694	13.4886876678514	13.4702635591378
P62191	16.2659390436078	16.2603847951072	16.2763200030318	16.3550316554759	16.3427611357438	16.2292689754138
P62195	17.0350353229583	17.0279329650117	16.8472698063002	17.0026789271947	17.0037770333435	16.9815717865345
P62241	16.3117258857027	16.4331148569137	16.2804182133917	16.5023230707885	16.4686112606613	16.3007497772955
P62244	15.6224836982504	15.5130570454328	15.5512096536565	15.5926966788149	15.6019026828431	15.5588193724089
P62249	14.6361687089746	14.6434716412082	14.6380372279295	14.6125829450648	14.6093227025738	14.5912647825897
P62253	12.5931290861476	12.6680545555911	12.7650414143872	12.7481432349832	12.8426768966138	12.5735647559096
P62256	14.0191192278012	13.9951044527288	13.8970158282013	14.0619527904272	14.0807689615925	13.9897860263247
P62258	16.7526764046959	16.7190884163094	16.7058765963078	16.7272562870388	16.7098307054153	16.6564331569526
P62263	15.2329095065965	15.3347451927947	15.2013837206728	15.3545559863325	15.3622891534152	15.3517941013576
P62266	15.2904572987338	15.1972036446205	15.2653614296462	15.1054065939699	15.1274492497087	15.1230412435583
P62269	16.2313757058101	16.3261017979915	16.2302308041964	16.3684110519674	16.3860016525697	16.2511279421379
P62273	11.4401481682447	11.3021052534999	11.6136594402517	11.5235219662454	11.6052397076867	11.4714133071325
P62277	16.204424333703	16.268057237835	16.133428673991	16.2655706019881	16.3187921677004	16.0588282360013
P62280	16.0679012454795	16.1968366664318	15.8823165688411	16.1701562746288	16.0417053911054	15.942446461708
P62304	13.9893903295501	13.9607354187523	13.9445599437189	14.0450008264641	14.0228842988688	13.9441269126059
P62306	12.0308591033692	12.2428292098022	11.9647228369079	11.9750961584295	12.1123046456811	12.0130719468417
P62308	14.1805326248732	14.1665662524904	14.3399189993034	13.9962698626816	13.735884129574	14.005335171793
P62310	12.5755606235656	12.4768368197303	12.5774715122421	12.8594607360564	12.8070064856612	12.5325536498744
P62312	13.5227848762462	13.5183204163357	13.4916830383723	13.5169262265908	13.5392080367605	13.4630065521774
P62314	11.3295027826662	11.4198901589055	11.386790832359	11.4903494149393	11.5133613836851	11.2251432262625
P62316	15.6849117897396	15.8179545800833	15.7479582042272	15.8915027903187	15.7189272970281	15.7233027208885
P62318	13.9155764476056	13.8579530480642	13.8603459068057	13.9892606226116	13.894100904303	13.8846740886899
P62330	15.2389782864463	15.1903100599856	15.2278853611419	15.2173983802855	15.1907120076203	15.0820653867391
P62333	16.6639576466045	16.6444249522399	16.5907066778305	16.6536686002198	16.701237612706	16.5671149647097
P62380	11.3777772094893	11.4686352151718	11.5088739388567	11.4804161898674	11.2576947224817	11.5459518176934
P62424	15.94849922798	16.007502736772	15.759014843772	16.0437068930999	16.0187615681383	15.7077585598426
P62487	15.147033697563	15.1548460958511	15.1709219990921	15.1516383592206	15.1751970942394	15.1536395537772
P62495	15.7486078220195	15.7551654573782	15.76405922897	15.7827470540325	15.7587242420553	15.6558964619925
P62633	14.9163973897938	14.9424817864026	14.632978594445	14.9531209078548	14.6447281820555	14.787276128103
P62699	13.4132721504218	13.2615327024562	13.2164605316818	13.2261350073594	13.2579026211026	13.1801109864021
P62701	17.329319286115	17.4156554569044	17.2542172682433	17.4246677006317	17.3222712469698	17.2545826915571
P62714	12.4052808728266	12.4195857011026	12.3172866873008	12.4938221910436	12.2298872719163	12.3091522737839
P62745	12.5868895155862	12.774786337787	12.6242098431575	12.8818271733136	12.9149845834	12.9253767875649
P62750	17.0344375439185	17.1401108419912	17.09344778723	17.3275981074253	17.1448347850273	17.1239097038886
P62753	14.7705446472587	14.9628921892089	14.7591105928488	15.0199179071121	14.8978764410952	14.7738631572963
P62805	17.8478720758915	18.0101863364966	17.8227743155953	18.0228833464636	17.9982381440548	17.9467830932901
P62820	15.9907330550239	15.8607431508783	15.8711582374036	16.0030738330254	15.9708485842364	15.9836221174193
P62826	17.1099070049627	17.0675350570839	17.0624733973445	17.1392048130772	17.0900238845439	16.9369318617106
P62829	16.0078226735029	16.0881885583914	16.1144311072985	16.2936684838703	16.1752017102642	16.026089056425
P62834	13.6083240798835	13.5865546070685	13.3438591495393	13.5096046920562	13.452650819593	13.4316963983009
P62841	15.1447996337641	15.1493954640073	15.0447498926049	15.22058459212	15.2349674067802	15.1384118785457
P62847	16.6343028872226	16.6226918222119	16.5483419357001	16.6270233267655	16.6819421321285	16.5705346185117
P62851	15.8764994065839	15.8980049881231	15.7298467895611	15.9530141847178	15.8618870386739	15.7705587526254
P62854	15.0890943598745	14.9382448018636	14.9826804057111	14.9978990249852	15.0605105698673	14.8951867731968
P62857	13.6364164794458	13.6822172358868	13.6638014438374	13.7474276266569	13.9001769016404	13.6510746661511
P62861	13.5163954213135	13.5099740508486	13.4072130021943	13.6724872470898	13.6509462084588	13.540540531806
P62873	14.9728696077542	14.9425451708594	14.7758652474103	14.988363007364	15.0104198933172	14.7689798326181
P62875	14.4865916895926	14.5210388395249	14.5428501645441	14.514324784252	14.5158069378626	14.4799654239478
P62877	8.11709365362142	7.76785384475899	8.47300276028045	8.10648901178547	7.45529438189811	8.43530603711678
P62879	13.9652564581541	13.9364274831512	14.0050585806269	14.1128797812047	14.1607326052447	13.9804644157113
P62888	16.077968068513	16.0350179730669	16.0491728182206	15.8562618753249	15.7802926638674	15.9221019444366
P62899	15.623932266816	15.7206609464578	15.5688971769061	15.8903334384821	15.7436428682704	15.585870685772
P62906	15.9489528575906	15.9030073859004	15.8824811186548	16.003864163333	16.0087005240256	15.8732891181036
P62910	16.864970825013	16.8468340225079	16.7571681485453	16.8600676045122	16.8309427085164	16.7604401249322
P62913	16.0172248560438	16.0987533197849	16.0454530132455	16.0510539289144	16.0453663521367	16.1017467583465
P62917	15.9640178010421	16.0779080578578	15.8972258595315	16.1299893116243	16.2014703570383	15.9986356880382
P62937	16.9668423451765	16.8989375564514	16.9362175017652	17.0013641852235	17.0737026466422	16.8564961026146
P62942	13.597835526759	13.3641708427239	13.4934429907404	13.5179770582899	13.5012891556403	13.4301425661043
P62979	16.0890344342792	16.079003656662	16.1399897376179	16.0796093986327	16.1175644362017	16.0524457403538
P62993	15.3982184153161	15.3386324474962	15.3075634058895	15.4172842887206	15.3907548636213	15.3088462268542
P62995	15.1690570624834	15.1869347314555	15.2000298215602	15.2572429535236	15.2748034268597	15.0472524219569
P63000	15.8905684509946	15.9356611706807	15.8437121868614	16.0610454287868	16.0644355459528	15.9017593879808
P63010	16.5876276365575	16.5826561231978	16.4558561472901	16.5747839203121	16.5232672408792	16.4395103917263
P63027	11.9862908482214	11.8939213693511	11.9124519426791	12.0964890939113	12.0612573795594	11.7871276492225
P63096	13.1628263348734	13.0495592976172	13.0304330383258	13.1681379621606	13.1190009054918	12.965754064897
P63098	14.2989538365775	14.1940224455122	14.1683177416279	13.871106865279	13.4732525640195	13.9778615539547
P63104	17.4283807179951	17.4022130161233	17.2422737459832	17.3496375874677	17.295671256771	17.215388511413
P63146	10.5138977412258	10.5269039871584	10.3953779754625	10.0300777879545	10.5809625001334	10.3299540418636
P63151	15.5470912293411	15.5486794868952	15.5502212628108	15.6213049398661	15.6369775867183	15.4413002369471
P63162	16.2331300762844	16.1838744433898	16.2675251876208	16.2542154167907	16.3015897628827	16.1661296229822
P63165	12.814435663971	12.8011198155958	12.2381733899423	12.5884072457679	12.5119427811649	12.5794348043412
P63167	15.3720753427478	15.2688138616854	15.3043092442431	15.166626231146	14.9601900303633	14.95727000206
P63172	11.8547342613075	11.8758443697587	11.8458166604205	12.2002823116078	11.905769542701	11.7293379061952
P63173	14.7310716435308	14.9195477799404	14.7655812146072	14.9478473408032	14.8487271385946	14.7557363507129
P63208	15.439382896425	15.4201914952657	15.4303541136416	15.3911252677013	15.2973684194747	15.3641736266571
P63218	11.3594340475295	11.1263539434525	11.2840931217868	10.9569481152027	10.6300522032541	10.8738566057393
P63220	13.7337242137583	13.7888969641923	13.7034834341887	13.587945864245	13.7697019730662	13.5947869365405
P63241	13.1727883017036	13.209002927429	13.1956023473903	13.1503197817917	13.2068314934398	13.0851891790687
P63244	16.1059748694025	16.1037529462819	16.0485438749321	16.2509386672266	16.1639784583427	16.0076175926438
P63261	11.996896754352	11.7714755092241	11.9669508819397	12.0389226312999	11.8675359732942	11.8227624237797
P63272	9.99252391606184	9.99498312881506	10.0552073455141	9.85005541395796	9.84607101238992	10.2739961962726
P63279	15.7093556211025	15.7667848581951	15.6076514932678	15.7839683770578	15.7554484110043	15.575213487121
P63316	10.4768424282281	10.8257499929602	10.568222888944	9.85011091904762	10.9167865711949	10.6293534009187
P67775	13.7776487004345	13.6926064454328	13.6241250486414	13.6298390922092	13.5583208384305	13.507013101152
P67809	15.7264331911684	15.5387857078518	15.4231132370695	15.6650852032811	15.4724980130628	15.6237712825038
P67812	14.3006380615511	14.2718157625079	14.2524185991002	14.3750952550792	14.4510779563456	14.3389627667681
P67870	14.5980004607274	14.5827107391447	14.5877795680003	14.7215094584548	14.6938979069769	14.4947868491701
P68032	14.9820390878021	15.0031025098774	15.0212481348418	15.159266217452	15.0400591928304	14.9202335791531
P68036	14.9802475934988	15.0499321230627	15.0704266935209	14.9780717345261	15.0008247107335	15.0033932794886
P68366	14.9020183966812	14.8550066167884	14.4816985180216	14.7752593276421	14.777090530631	14.6500274420077
P68400	15.2341734674165	15.2261997922966	15.2623319703962	15.3280900169909	15.3227407846414	15.1720477739083
P68402	11.678445467012	11.6455901915892	11.4402733165192	11.4475794684157	11.6022637503921	11.5139606606529
P69849	13.435223832611	13.476599027428	13.4072263203423	13.452207024466	13.3652011613383	13.3213283997737
P78310	15.1658592418135	15.2697314666617	15.1907667108295	15.2717891870835	15.2327902516133	15.1913160310022
P78312	10.8544369166487	10.8083847748452	10.7737243226202	10.7357740834674	10.9158688586596	10.9645564195048
P78314	12.3096261002268	12.3723030041294	12.1081236982742	12.2456430621593	12.3348687309739	12.2070994458229
P78316	14.6123149302208	14.2938731516567	14.5339211774473	14.5551836034112	14.2223993626633	14.5456934739161
P78318	16.0542916375741	16.0227561337349	16.0347370840275	16.0224833125947	16.0429349165741	15.9755097441264
P78324	14.4930649441708	14.5419351909065	14.4219552625249	14.4618351230626	14.5524677823666	14.5127893413634
P78330	14.7185262383764	14.7181960083096	14.63869305592	14.7804609552559	14.852127500241	14.8038442048677
P78332	15.1052395203025	15.175577563383	15.2054806994504	15.0250039258002	14.9559324883124	15.1296450091035
P78344	16.8576965419045	16.7823832615391	16.8156737768241	16.7902931151924	16.831589533168	16.700956888476
P78345	12.8088877931598	12.7322997134028	12.721082424081	12.717798359603	12.690335939665	12.7571924426807
P78346	14.6917951259207	14.6269402046904	14.6085277701035	14.5750696967916	14.3611365616509	14.4016908175629
P78347	16.3998856017289	16.453831951927	16.4502610317491	16.361600701054	16.4019693086155	16.3677583645879
P78356	14.3333130436305	14.2829683921967	14.3625850460713	14.3266521093559	14.3604559317105	14.3493782441073
P78357	12.032633202373	12.2252182952682	12.148078751548	11.8620480163779	11.9232551543485	11.9537888575581
P78362	16.074839648545	16.0430011188931	16.033807689349	15.9562695048283	15.8408031420819	15.9443283270501
P78364	13.8245332067348	13.8552393005805	13.8132443108249	13.7840076386329	13.7158629416038	13.722648537241
P78367	9.07282641842399	8.61692099146343	8.49702905270579	8.6675947235446	8.4339520153933	8.58287954299332
P78371	17.5129377539858	17.4345477299569	17.3831645099433	17.4587880477407	17.4231743366297	17.3551476252482
P78381	13.0660879855562	13.3209777632367	13.1636273440796	13.2105575327036	13.3000161032528	13.3822872241486
P78382	10.5363389304759	10.6156495182286	10.5858810546236	10.4675275105669	10.5481195255796	10.3308608878011
P78395	14.3449282622419	14.3975969745308	14.3415764974006	14.3248093589362	14.3305250807001	14.3701349905703
P78406	16.3627883343163	16.3802824819857	16.3009778399141	16.4021571132788	16.2620314125037	16.2656441014205
P78417	16.4024421999749	16.3781636192489	16.3111044181027	16.4389099673681	16.3788915218591	16.2726721339053
P78504	9.52654902261823	9.46064569454478	9.51315717218722	9.7933596687795	9.61893413750865	9.33545766427203
P78524	13.1727769449554	13.2189177283262	13.2812183297311	13.2621749534605	13.3225115654703	13.2442748173501
P78527	16.8798154973006	16.8668462634133	16.8869584653596	16.903330268327	16.7666299733546	16.7332216076548
P78536	15.3402906097745	15.3481214734484	15.4412339385768	15.294361003984	15.4096877890908	15.3964820508638
P78537	14.237475586141	14.2120575184173	14.2145264469462	14.1618186597316	14.2103814959666	14.2292100076429
P78539	14.56718304574	14.4899796895466	14.4764228694507	14.5275216169491	14.5134630603153	14.5915512289461
P78540	14.5104943613769	14.3639219284393	14.5585367736363	14.7087108090226	14.6306717418434	14.6219269260446
P78549	10.8136784048778	10.5684371461861	10.6640856951111	10.6657805107516	10.5199437612889	10.6851770496565
P78559	12.8687996872189	13.0235116406749	13.0190771747124	12.9181172502665	12.9823370149209	12.9803594722252
P78560	10.9875051836875	10.8356830883955	10.954165306108	10.7114233237604	10.8815730639084	11.075010124903
P80303	15.5423478776501	15.6056310693894	15.5080712778119	15.803955774068	15.7085585672272	15.6883741351121
P80404	13.8292317633984	13.8561469927	13.8390445576314	13.7562815829015	13.7976077505147	13.7802549399626
P81274	10.5037973472211	10.5655013956964	10.2433629460448	10.3594497291296	10.2893606574721	10.5764587342915
P81877	7.96960910151331	7.77065300786774	7.66519986584201	7.48443248280297	7.65485672469804	7.74769002394529
P82094	14.8562294948328	14.8795229019185	14.746991676905	15.0369545613735	15.1737444434987	15.0982904977957
P82650	14.2512921150963	14.3092819144289	14.4854157154786	14.3677423823796	14.3099150441658	14.2604178273451
P82663	14.4076077936763	14.4314930934509	14.2949085200006	14.4014274532069	14.3545716613692	14.3140073663533
P82664	13.722513126639	13.6637135381219	13.677265653716	13.563634275112	13.4942976214085	13.6090663515874
P82673	12.6379241477122	12.705996845257	12.8283493186125	12.7002338291931	12.807500256666	12.8900201593615
P82675	14.9500267402825	14.8809941606919	14.8987404463493	14.9376550286039	14.7985704562717	14.871738479002
P82909	14.7709685774381	14.8554543615102	14.7421052193442	14.8417251765222	14.9258515403281	14.7864825166746
P82912	13.6438011989635	13.6363488489587	13.5465061093462	13.7329285552428	13.7314902642867	13.6360605420982
P82914	14.0446902426425	14.1999663648639	13.9997690600568	14.2094689846493	14.1105365904403	14.0668763173257
P82921	12.505153971902	12.676586127141	12.5911383204661	12.6810363223085	12.6280923787405	12.583967560445
P82930	14.0176382851299	13.9162961669423	14.0711930660766	14.0113109603827	14.0607054772001	13.997990546699
P82932	13.1478215749934	13.0702611131202	13.1262748343095	13.2231800496507	13.0520828909214	12.9516773362215
P82933	15.4783062271441	15.49013697437	15.5309756133953	15.5670909704208	15.4729827967136	15.4817075412116
P82970	13.2711886153894	13.1747279119875	13.2726851582686	13.1286765863228	13.0813140011447	13.2038803542756
P82979	16.097400607696	16.0950308172487	16.1191607585518	16.2311903386535	16.3216108463329	16.104406944791
P83111	13.3275097095017	13.3487930036013	13.4940914474155	13.3584903677023	13.6266160870366	13.4477669743384
P83436	14.3147156988412	14.4041463498229	14.2701339339256	14.3699091540993	14.4564688492053	14.4311210340193
P83731	15.5677978144117	15.6146470875417	15.422966688538	15.7352569012375	15.5796195980581	15.514605938429
P83876	11.2640122081415	11.2728965497062	11.352917857267	10.9505958490447	11.0177237450735	11.4063758533244
P83881	12.4778986567838	12.5807092832458	12.2329771212479	12.192816689646	11.7677591925475	12.1355387544504
P83916	15.273795810102	15.3166010259566	15.1533535743392	15.2510235259912	15.1806015644655	15.1716248374062
P84022	13.625749317568	13.5958716149778	13.6842828966713	13.4537244494236	13.3619017307204	13.4644546093313
P84077	15.5304451904371	15.4932409713922	15.4552331049696	15.6131612115051	15.4175937870606	15.4870824202655
P84085	14.7196168142778	14.6928955314557	14.7792574795086	14.8688254074818	14.6817185721758	14.6541191804184
P84090	16.0509374475785	16.031187378683	15.9357415036557	15.8159931874826	15.6931737686827	15.9777560488021
P84095	14.8126037255197	14.7592302794889	14.6360156752347	14.7874291041	14.7671689691697	14.6786815082582
P84098	15.8844047459691	16.0297768318238	15.7986383365449	16.0301787532116	15.9942229611104	15.9314156251468
P84101	13.8446696069727	13.7968321745916	13.9331754492404	13.9111071277616	13.5065512999202	14.0055984132937
P84103	16.002810310211	15.9376867760559	15.8784786894054	16.0584035040158	15.9736600519828	15.7699520684849
P84157	13.428761776793	13.4432616921851	13.5583717699534	13.3103518238607	13.1880367699464	13.5010847630978
P85037	15.2447556184764	15.2175415697775	15.2366370096508	15.3280876609377	15.3154810814971	15.182625891728
P86397	7.93938083773171	7.74004714922097	8.36603430819076	8.34878718388565	8.17222379330894	8.1919428431348
P86791	14.8286638857138	14.8437675973987	14.822527826529	14.8998821683733	14.7677511863439	14.8457198791443
P98082	15.9986454069808	16.0121802035889	16.0169667206933	16.0614022264392	15.9938424747042	15.9300329804428
P98155	12.69594991957	12.6273516292801	12.5383146877089	12.771166281248	12.9296005683016	12.8141244625637
P98160	15.3498009547349	15.3032914196025	15.2976592368642	15.3060441371787	15.4062254437904	15.450746245324
P98168	9.56785179212313	9.77774602684261	9.53584723842937	9.43458280081026	9.77179243258311	9.77115145808248
P98170	13.7095855918991	13.6573664900576	13.7502728689149	13.7578848082266	13.7921496655987	13.8121976691125
P98172	14.1516719335786	14.1844337424252	14.0862202082783	14.2249880222716	14.2789663164372	14.241041228503
P98173	12.1569001754139	12.0582082320456	12.3304234170368	11.8733587966172	12.4023444525145	12.206705396499
P98174	12.200703812926	12.0548514994618	12.3149175546846	12.0414867218691	11.850346934432	12.0859453073759
P98175	16.017935095778	16.0443721349087	15.9679979320045	15.9405945059345	15.9394651760193	15.876611111823
P98179	13.011907713804	13.341806102007	13.205644199011	13.0015883161402	13.0395034107386	13.2340689340559
P98194	14.2416122595608	14.3530989261652	14.2562927166697	14.4664661784879	14.5608572176052	14.465943535154
P98196	13.3181685271277	13.336649456641	13.40777838257	13.2911867091371	13.2231676965821	13.254686756672
Q00013	11.799052586681	11.5852342618942	11.8245367573745	11.533065656226	11.6381081975496	11.6378895282755
Q00059	14.4860715669078	14.7011314745358	14.4260644190201	14.6371689144432	14.5258442257787	14.4459082670363
Q00169	15.88176855694	15.8869777975386	15.8752878638125	15.8057648887982	15.7153558555662	15.8116215924493
Q00325	15.4195015316838	15.387409808731	15.4549296970392	15.4800778633376	15.4172841359549	15.3821216510195
Q00341	17.1257297002468	17.1583464306765	17.0977298003191	17.3110256723689	17.2778076718758	17.1560199892918
Q00403	14.422295563956	14.4868783906692	14.5789058742025	14.55315829516	14.5187062540369	14.4602550160321
Q00534	15.6346190069196	15.5929439068578	15.5625141402465	15.6569572682013	15.6032154051658	15.5060357376243
Q00535	13.4974938423464	13.4868770932868	13.4269665627763	13.4399774314143	13.4310442187336	13.566111783438
Q00536	13.5207385094444	13.5393078153105	13.4982974506926	13.4341362975905	13.4791574609567	13.5351530791783
Q00577	14.991008427831	14.9383781077202	15.0682016554699	14.7615918446199	14.8142293943604	14.8299329882134
Q00587	14.4295033936042	14.4753002775082	14.4517762125453	14.5365415219939	14.6893994455115	14.5814059917714
Q00610	18.0415733161133	18.0661595122071	18.0220856345687	18.1466605591618	18.0642461317723	17.9781913856634
Q00613	14.9324925304053	15.0021156701016	15.0476701129331	14.8786024311765	15.0185828774557	14.9120981178667
Q00653	15.5800820238942	15.6418426685506	15.5860640180364	15.703526021482	15.5437121931215	15.6652337265583
Q00688	15.9077199914831	15.9540490910665	15.854400106698	15.9685002671793	15.9583036507022	15.8626855123094
Q00722	12.1109821505005	12.2342169517167	12.0174465899375	12.1630297915819	12.0789595312478	12.2126103932185
Q00765	13.6216574703688	13.422646382112	13.4584850933875	13.3915150641729	13.572540153641	13.4600536823727
Q00796	15.877689830445	15.7929137858437	15.831922901092	15.748592447581	15.871737008147	15.7961828348317
Q00839	16.861169948002	16.8322627903752	16.693316681093	16.7751237874566	16.7094953376688	16.7531383283679
Q00973	10.9954377599531	11.4155728203448	11.5100947660168	11.0307132547914	11.2656886100522	10.817752311453
Q00978	11.8077376256131	12.0941932754728	12.0902706110624	11.8558568785455	12.1057768785465	11.9146175320922
Q01082	16.9943760133468	16.9711711385387	17.0423757743926	16.9567698720986	16.9173735373213	16.843538029595
Q01085	14.6581256244582	14.381814559737	14.3974973569269	14.4721848287681	14.5687435656618	14.4027051209578
Q01105	15.4441684122639	15.4602122797771	15.514961899136	15.5823847091679	15.6269634940942	15.3249827026046
Q01130	14.1696390601189	13.9153806601661	14.2167652766645	13.7907017958997	13.8834902669027	13.8640884257891
Q01167	14.2538818033168	14.1903630418744	14.1894380429117	14.0918936311298	14.2764084554932	14.2478694038211
Q01196	15.6652439345901	15.682045845631	15.6381387986593	15.647099312159	15.7328488632675	15.6249070793751
Q01201	13.9856326561561	13.9955358453553	14.065350296656	13.9891925120045	14.1160214741901	14.1241738502823
Q01415	13.4499513858736	13.4295450402814	13.3838011008313	13.4305091270736	13.5945951185481	13.4112887561064
Q01433	15.6798749086056	15.6722661796981	15.7168142563325	15.6745493257405	15.7253576551227	15.6783370485846
Q01459	11.6798739097237	11.4549374539198	11.5140726490816	11.3525291042258	11.372632398674	11.2415289641863
Q01469	15.1058204737093	15.0934709176586	15.0388834929413	15.2002716466225	15.2329925593291	15.0258639375667
Q01518	17.1640976167438	17.1861771593768	17.0611909637566	17.1975999668948	17.1736571277316	17.0393389581695
Q01581	16.5720956695289	16.529614801459	16.5745897567534	16.7359159082198	16.7783286886404	16.6796462829083
Q01650	13.8189696809732	13.7960051584686	13.8840928100939	14.0027299568805	13.8643514934792	13.9073577353369
Q01658	10.5485390619737	10.7417791128174	11.0981394731491	10.3972486728423	10.462388577144	11.0300134518539
Q01664	11.9288127086073	11.9889203773558	11.9312086034589	12.0042246209206	11.8138101106942	12.073397682075
Q01780	16.2978749223838	16.3191044250463	16.3084249167021	16.2785554284896	16.1810272418588	16.3276526875306
Q01804	14.8560061337173	14.8510235180106	14.9133496413431	14.8321594656382	14.9252676974093	14.8710745033225
Q01813	16.4004193494228	16.3368472846039	16.3122287077425	16.2698921348727	16.32800423617	16.3513670521545
Q01831	15.0342884511055	15.0177927952878	14.908071762414	15.0110963014459	14.6910259913198	14.9964429559126
Q01844	15.147927491468	15.0880596348795	14.9142570904894	15.2210211178479	15.1558219134864	14.98972231781
Q01968	14.9774074515168	14.9831834238448	14.9700268687678	14.9158613362326	15.108932927799	15.0038904772062
Q01970	15.9470472903167	15.9190305526179	15.9269986507581	15.9399652005854	15.8917421087927	15.9427014348744
Q01973	13.4141866986907	13.6084991839926	13.6364378231515	13.5629159706483	13.5437377713506	13.5338694358531
Q01974	11.432415461742	11.4746246222259	11.4651021486055	11.515826166067	11.4245001833571	11.4424040541384
Q01995	16.0074827950228	16.0105759562354	16.0180955131339	15.9084853270364	16.106467109711	15.9229463861994
Q02040	10.0121366548803	10.077544051702	10.1043341475609	9.88782589110062	10.1874437108664	10.2501293225637
Q02078	12.2699699563179	12.3303930953006	12.3285399845287	12.4557357554685	12.5563264719725	12.4523494540263
Q02086	13.7145323325229	13.6578206132005	13.8277056351686	13.5842163478767	13.5916439252039	13.5069680239753
Q02127	13.1165047256902	13.2116568933741	13.2610963704696	13.1779433442115	13.2512336130014	13.1672460295499
Q02156	9.15364313684704	9.52622745957699	9.22775000322233	8.99099295616878	8.65501968768671	8.91419949309847
Q02218	15.0497631809642	15.0416078219968	15.0682224180934	15.0446575842264	15.1521619715573	15.0350524273855
Q02224	14.2675641085043	14.2808875114031	14.2628056739379	14.2903950659644	14.286372180317	14.3261204013308
Q02241	16.8707998654352	16.9007447831077	16.8615940006682	16.8854046710455	16.7737569951732	16.8582160422376
Q02252	16.2042278054811	16.2896273054457	16.1834590117734	16.3130157759139	16.4024947557534	16.2401271268721
Q02338	12.707527926114	12.8554191901865	12.8427178866864	12.6889501608793	12.693833961431	12.8285976724235
Q02410	10.768972893033	11.1351883567688	11.0429848045419	11.1884954977204	11.2596089398824	11.030766129602
Q02446	11.4731140115689	11.3992047094718	11.5053744701324	11.597959156002	11.5392389369136	11.4592058985947
Q02447	13.0006295063788	13.031915810193	12.9343173029003	13.1154905876852	13.1475425496407	13.0553713214769
Q02535	11.0033780456456	11.4538546842033	11.3315186123048	11.439576212416	11.4571085870722	11.3483861129767
Q02543	16.4234420343765	16.5031211344742	16.301013679289	16.5541493197033	16.4740921590504	16.337024128438
Q02750	14.5612334848539	14.6701413375709	14.6177120801097	14.6089505675238	14.6670503720541	14.6607579119337
Q02790	17.4977669866336	17.4781691848784	17.4097044346983	17.5249144135017	17.4639405166113	17.392423024622
Q02809	16.346163714729	16.3200928640175	16.3168652803942	16.2567435910349	16.3162553894092	16.2089447723049
Q02818	16.1216598605466	16.2026382945434	16.091841896169	16.1684400807716	16.1456515623784	16.2252233728474
Q02833	13.3058424354439	13.3883288535242	13.5034097577649	13.3519158357336	13.3017175981832	13.3446314721679
Q02878	16.3090682241597	16.4269159254361	16.2950940412299	16.544412567845	16.4531005846391	16.3207205854452
Q02880	16.553540368943	16.5193340935966	16.5265691179304	16.5640333056887	16.5101692532075	16.5402045424403
Q02930	11.5031110290075	11.6258089181363	11.7379716910146	11.5848396179946	11.2454091928098	11.7086381429848
Q02952	17.067686354989	17.1412987898192	17.0482255639862	17.1837306119977	17.1189242055937	17.0563195935805
Q02978	13.2611771963927	13.2774699461855	13.4014105919165	13.3442385530434	13.2739262991481	13.3204463201418
Q03001	16.3166518647749	16.3025291541667	16.346221905411	16.2644455868653	16.1874100518182	16.3462727318155
Q03013	13.2815597538674	13.2957917382789	13.2283576947245	12.4970373223393	13.0026335244702	12.6206877290224
Q03111	11.1999238673328	11.6015984370535	11.4172862740889	11.3511316586563	11.3667690783367	11.2810251106815
Q03113	13.4695636232117	13.5719944975173	13.3667741251196	13.5605182722206	13.5080214478131	13.5646551048091
Q03135	14.9238357774782	14.8704399563174	14.840233573284	14.6887787412594	14.5952274148912	14.8436479088076
Q03154	16.4309312788574	16.467608207649	16.5391209699315	16.5969293983827	16.5716871696801	16.4411410053653
Q03164	12.9821961360313	13.0666806355594	12.9709591998434	13.1299047298194	12.9975010249857	13.2056216221899
Q03169	12.8641678477779	12.6796087689427	12.7298563739508	13.086094608415	12.8785180248432	13.0160872960364
Q03188	11.8714657813721	12.1109812161116	12.0969245553095	12.1813292129827	11.8363317455034	12.3023503043668
Q03252	16.3376584010613	16.3596429217337	16.3583966835699	16.342982829407	16.3687587181706	16.342081984187
Q03393	12.5453846585448	12.503558041474	12.7986984946814	12.5870240084539	12.8227830275239	12.6688402186172
Q03405	13.5026548079973	13.7180534326375	13.5745996889142	13.5763080218007	13.6231009644328	13.4399895920128
Q03426	15.0021455792111	14.9187156068746	14.9769517700491	14.9427615043555	15.0788031384963	15.073005327332
Q03468	10.6066436288684	10.5942755840692	10.7353855239313	10.5573691096611	10.7447571034528	10.4811384466567
Q03518	14.2754652241687	14.2821851429293	14.4221187201034	14.3297907563381	14.1672338063366	14.3099030579391
Q03519	13.5936367589361	13.5848076169438	13.5532331536574	13.5541785274276	13.6416671692612	13.5998129237414
Q03701	15.0075786142863	14.9857504325536	14.9312475035737	14.9670184731955	15.0073026493742	14.9377858954083
Q04206	15.1110912794373	15.1839189392057	15.171674058124	15.2081740774659	15.0518794665876	15.0779459196117
Q04323	14.3395956765508	14.3111716325687	14.4230496796468	14.4446082851733	14.3110420575337	14.3926146392438
Q04446	15.9827283418921	15.9036229638161	15.8261131005989	15.9624429492686	15.9344794204467	15.8395276851551
Q04637	16.8515235342104	16.8663790531931	16.8661362599736	16.9188160083091	16.8381982834921	16.8450330076301
Q04656	14.3730344965853	14.3295121997008	14.4152368439087	14.4563154428869	14.5428684074515	14.5802806938438
Q04721	14.1997231488345	14.1717705404083	14.1610825354447	14.2264581233724	14.3053010909697	14.2130366830576
Q04724	12.1024657875372	12.1775446353519	12.0034297730585	11.9436391679884	12.0623052591424	11.9949748614276
Q04726	13.2377714564917	13.3042787297257	13.3152753018759	13.1074808093473	13.2858802947678	13.2989906262909
Q04760	13.7779445047945	13.6939816171766	13.7570073466683	13.8576356828568	13.9179829692299	13.676083901034
Q04771	11.0571129592971	10.8235046447878	10.9546173810365	11.0453570894245	11.1902935709297	10.9973352896949
Q04837	15.5653036420238	15.5457446268628	15.684234809992	15.7030596978003	15.7265238481924	15.6475946744513
Q04864	14.1008123746605	14.0904250328556	14.2873240483559	14.141451599524	14.2206511880262	14.1192628933947
Q04917	16.3676724902896	16.3249408869576	16.3740859219898	16.3911515258958	16.2946802406943	16.2592496761053
Q04941	12.6514784194117	12.2813289118915	12.6372204301313	12.4089967939481	12.5099147486634	12.3788797803528
Q05048	15.1638627715621	15.2500414827087	15.2280071347131	15.2167608016447	15.2580648953353	15.1348286034592
Q05086	15.9737740279092	15.9471743963004	16.0091318739493	15.9406528425966	15.8337410863445	15.9583086709426
Q05193	15.3709733005046	15.3278447646999	15.325229943784	15.4071546993204	15.3543971515849	15.3313347809257
Q05209	15.8849296731548	15.8736411744493	15.8781767737788	15.9199294587596	15.9798507333683	15.9462891912224
Q05397	16.3824761488563	16.3822781031147	16.35384911165	16.315715963339	16.3152600505078	16.3303648678449
Q05469	9.52851469269527	10.0850588572214	9.99636465100095	10.0586599222581	10.0208885228988	10.0116397486472
Q05513	12.0137158238432	11.9336825076783	12.0346825571025	11.750605595591	11.6299576950534	11.630669688569
Q05519	16.2971373266376	16.2874118878822	16.295338007616	16.3358563301095	16.3451100623853	16.2757371260646
Q05639	15.2831729608038	15.1036751122377	15.1565206444635	15.1288749865348	15.1764971641171	15.1473784961113
Q05655	14.4063719585244	14.3558321887219	14.3605746638869	14.3595314035158	14.3797766026905	14.4482488837605
Q05682	16.7748120237699	16.7622833899907	16.6503311114	16.7842030717642	16.752338998889	16.6616571728906
Q05823	12.4667796892752	12.4126910424419	12.5284336726772	12.5012395764373	12.4418224429412	12.4718129043811
Q05932	13.4659612247414	13.4694640426565	13.5476725594633	13.3874598998551	13.5430236108123	13.5110193395654
Q05BQ5	11.9217886069987	12.1144317160557	12.198500355021	11.8393080440662	11.8486843940802	12.0065695981442
Q05D32	15.263331486622	15.2583642233398	15.2477249292191	15.1003350858206	15.1234004685104	15.1441247145618
Q06124	15.4886022593606	15.5322903597067	15.5164767196873	15.5069911913999	15.5825836859565	15.4624141950578
Q06136	13.0415747736953	12.9328081552232	12.9448572393696	12.9791811191624	13.040528223307	13.1401193501863
Q06190	13.1185644312009	13.1127461723128	13.0809716901396	13.2231872889522	13.1225893322516	13.1718338332917
Q06203	16.0843442507439	16.0617448842811	16.0111864074147	16.1318670012269	16.2178487986647	16.0072370082799
Q06210	16.9558089918233	16.9326667135756	16.8647936849326	17.0762051414064	17.0288127696894	17.0154341682997
Q06265	15.0951143343194	14.9703490158445	14.9359189971917	15.0008495231689	15.0362345929544	14.795136180692
Q06323	15.8291473405705	15.8949979889698	15.951867424364	16.0029100224238	16.0130783498551	15.8003777369898
Q06330	13.3717513606769	13.304171238055	13.3316996606596	13.3454801489016	13.4455767612468	13.3053989608043
Q06418	11.3610961770722	10.8063900354456	11.1471348715332	11.1717884740286	10.8073730892362	10.9732617718008
Q06481	15.1778133988129	15.1663977718291	15.249112841246	15.3014959901407	15.2797981153435	15.2771294161514
Q06546	12.2420227495546	12.3652034771244	12.3837726747431	12.2806470613053	12.3722830547428	12.1772684568835
Q06547	8.39861177230988	8.45348295823143	8.03303500176939	9.08329601216187	8.29257996544058	8.70173470934214
Q06587	12.4448927488639	12.330939587678	12.3721223881737	12.3991236371263	12.5381636639145	12.3696950551631
Q06609	10.7120623848524	10.5910540756462	10.6152237526474	10.3649405876628	10.5302944611438	10.5421075400409
Q06787	15.2595130356624	15.2726576407425	15.3146846874226	15.2893502749921	15.2480174950681	15.3070279977859
Q06830	17.7717461623201	17.7697349310491	17.706294284853	17.8131283920013	17.8347130444758	17.6970317228055
Q07002	11.7429569226111	11.7831275251694	11.6778144683384	11.7792009595069	11.8574100228525	11.904123198728
Q07020	15.6635453543431	15.8142064490641	15.6048995677961	15.8866894326924	15.7865583159271	15.6725962206035
Q07021	15.1454354317281	15.1551281906475	15.1494209628596	15.2219180464045	15.1868265269891	15.0158045776214
Q07065	16.8741554769812	16.8874911634809	16.8050412355802	17.0046682751175	17.0135282318081	16.8931895407975
Q07092	12.6030802046773	12.5733575575632	12.4599239345092	12.5461068249002	12.428938440899	12.2550653681954
Q07157	16.7840976999911	16.797111041692	16.6973685121621	16.7458154530361	16.6892198067593	16.6893839696008
Q07352	13.5163193454986	13.520764502976	13.4499885761832	13.4793170203692	13.476983691866	13.2982224187441
Q07617	13.8239065872054	13.7848602742357	13.9900056674986	13.8755233917959	13.5968660603028	13.8272128307253
Q07666	15.6470257856677	15.6951811511022	15.638698444275	15.6157808122562	15.656471028417	15.6832642183725
Q07812	16.0671107386462	16.0242222790638	15.9355852266405	16.0618153664678	16.1706197912452	16.0108587446813
Q07817	14.1721105258786	14.2944195676608	14.1356216247418	14.2941876897541	14.3524014104654	14.159904017827
Q07820	11.8577278897725	11.660358303597	11.9191547621417	11.7028390692467	11.8703353902185	11.6011068088846
Q07864	14.8937530265167	14.8582632870842	14.9377552924456	14.8419728430038	14.8718553183002	14.8352469813749
Q07866	15.4294652524238	15.4343318763687	15.3133666462637	15.4092791890734	15.4196172652798	15.4537687794479
Q07889	12.0715072372053	12.2363583264384	12.2353255602977	12.1295066402952	12.2064840734048	12.1871063962012
Q07890	10.2088715769646	10.4467114291727	10.4212590422144	10.4262755127462	10.3805824585054	10.5689041447006
Q07912	6.99310368472857	6.53356947593255	6.73789544423112	7.03992251117634	7.00110276810162	6.2856129224445
Q07954	16.62341783311	16.5975537801237	16.60371385116	16.8247714669426	16.7170573194689	16.7256321588297
Q07955	15.856274575402	15.834572989254	15.8606516851217	15.8517758287149	15.939537924872	15.8447034160424
Q07960	15.3687397122319	15.4033433929915	15.3808448355927	15.4832611102802	15.5195503020913	15.3025645693819
Q08050	11.6639211191359	11.9188314956697	11.8031326221146	11.8392664804171	11.8636633421956	11.969668181607
Q08117	10.4037301925955	10.1712999597203	10.2213529827908	10.3959442515008	10.2548535707245	10.4778580161499
Q08170	15.0576812863108	15.054388024178	15.0560064776948	15.0460952155767	15.1005048953304	15.0360941940692
Q08209	16.0786028901469	16.0795180111068	15.9917898892211	16.081842358474	16.182819650546	16.0107772829931
Q08211	16.6101049707611	16.6699437943727	16.6426216340303	16.6833167373211	16.613247801969	16.5334529185572
Q08257	15.8331885053725	15.8396647172061	15.797032431156	15.8333377862512	15.8467988138118	15.6986132591743
Q08345	11.2766783714733	11.5786508725526	11.5858057446132	11.7456859376296	11.8747605108025	11.6111437572632
Q08357	8.32465207952627	8.99203172565024	8.769868019659	7.91618871311219	8.44349328338165	8.61354896888365
Q08378	16.1626493136418	16.1675372652388	16.1683762850285	16.2515961034075	16.2405804102922	16.3426172484988
Q08379	15.5918670495265	15.562256474303	15.6418469044487	15.7472917115522	15.5696922990886	15.7419927124162
Q08380	14.6750686171608	14.7372189952356	14.6658317752297	14.7611289045285	14.8084041204908	14.8204722114729
Q08397	10.464443520676	10.3589310584744	9.92863516259238	10.0802681854071	9.59392206355977	9.38262580657432
Q08426	13.0631848800488	13.243025869013	13.2980040143639	13.1519620160622	13.2443820143867	13.096751803352
Q08431	14.6128103864333	14.5058768039086	14.5841767922242	14.6709037201244	14.7837015127105	14.6734022820633
Q08495	12.2529143483325	12.2973531796883	12.2948041425763	12.3844825631066	12.413847458461	12.2714112076137
Q08623	12.6770583114352	12.610595257953	12.4508041733421	12.6222061439352	12.5622709092635	12.4147373705827
Q08722	13.7233727528057	13.731213628559	13.9027584452625	13.8136830083338	13.826950341794	13.8403543711957
Q08752	15.2395937471687	15.2645198089776	15.2149693172935	15.2079257114576	15.0731529131859	15.0880915477362
Q08945	16.7270424542552	16.7487433681599	16.7432785351748	16.773422589125	16.7863188957947	16.6161281213809
Q08999	8.63617351379273	7.97253594800704	8.57045486042747	8.06542068560094	9.04809580999035	8.76844640408832
Q08AD1	15.1895290029977	15.164122166391	15.1770013402897	15.2093056315778	15.1741250664247	15.2213314691443
Q08AE8	11.4737471459613	11.28383410523	11.1986819606398	11.3055662754257	11.3830489789745	11.4124096901766
Q08AF3	14.7256873175965	14.7451250903222	14.7849386370227	14.8433806646174	14.8242506106609	14.7641520590031
Q08AG7	12.9955447744874	12.8961309582192	12.8898498223437	13.0765930492659	13.0704044404251	12.8533498065567
Q08AM6	14.7053110215845	14.8078141662456	14.7417255642114	14.8337236448697	14.751344384813	14.8025089811456
Q08J23	16.787349960268	16.716976614253	16.7311444954996	16.8518274516142	16.7861323297517	16.7068609269158
Q09019	9.84534546448514	8.71687139097208	8.9058158753744	9.15972320659512	9.62132142076307	9.43291643244862
Q09028	13.8019729932265	13.8763495792537	13.8299140520692	13.9837101433787	13.8724646809821	13.7413000099717
Q09161	16.1936847006539	16.168718117083	16.2087886280424	16.1725611447821	16.1490095166892	16.0837580915772
Q09328	14.2737763972048	14.3004098805938	14.3955746809866	14.5904936485482	14.5781723270289	14.6024549112983
Q09472	14.2835582109741	14.2322254833151	14.2956439867716	14.1528052365221	14.1758612948698	14.1152794027132
Q09666	17.9350652074912	17.9644498626244	18.0254556001045	18.0310794157537	17.9939367803525	17.8831921368774
Q0D2I5	13.3968270461365	13.4636891417003	13.3347249967233	13.5011750961519	13.5224278773793	13.3752074713435
Q0JRZ9	13.8819387604176	14.0266145048562	14.032377179416	14.0168023988268	14.0598664579832	14.0744794346799
Q0PNE2	14.4322138638432	14.3166944572379	14.3592004945107	14.2816922630043	14.4157063302076	14.3354703563097
Q0VDF9	14.9076415175437	14.8519367050873	14.8549193630797	14.8303607846216	14.7995332571555	14.8641838843578
Q0VDG4	13.4564593807914	13.513921549327	13.4885293414738	13.5722159176473	13.4350295125416	13.432986422567
Q0VG06	12.9767495297552	13.0073873124367	12.9551130423193	12.8251431917513	13.088574658632	13.0102999442797
Q0VGL1	11.5010018694066	11.4049286052895	11.545182587987	11.2811450695319	11.5281341720139	11.414857500067
Q0ZGT2	15.0760432033955	15.0249392688584	15.052628497325	15.0310581762112	15.1220408794847	15.0965110468046
Q10469	14.7572983561307	14.6027249154333	14.6732835374284	14.8626081376481	14.8719687992936	14.8224088222187
Q10471	15.2770697616012	15.3479814873405	15.2009155320987	15.2903598256729	15.2186593888394	15.3089690412354
Q10472	11.8122647622632	11.7184590179255	11.6057984073457	11.7966637066577	11.8564253955177	11.7485138370548
Q10567	15.6395531680614	15.6334069923795	15.6271510741296	15.6981475362669	15.6800889998477	15.5929239469475
Q10570	16.2236919444115	16.2055360559543	16.2321293405623	16.2271864006431	16.2248613848433	16.2367726257808
Q10571	8.82340509554876	9.11810853661519	9.16375348135099	8.66234173189652	8.85287800395902	8.85760182405961
Q10713	16.2944708961092	16.2718013821287	16.3255215449935	16.2274346524461	16.2426862132885	16.226696557388
Q11201	10.3047252631105	10.4765598271316	9.8677941296083	10.5849342683842	10.3820106988864	10.4759617072405
Q12765	15.7943828597199	15.7917266860602	15.8096487889639	15.9630592767536	15.9271336455608	15.7351764713338
Q12766	8.9028202714208	9.59613384027923	9.00739929485255	9.2055624505521	9.69113078670999	9.11562170262559
Q12767	9.34374261032188	9.75780734845619	10.0035707231871	9.69228851738082	9.08598727030307	9.87999574283672
Q12768	15.1358337192314	15.1476567513157	15.2034754618374	15.2084885886636	15.2129182492304	15.1897720286023
Q12769	15.4917109343896	15.5753544364962	15.4646894706184	15.4929688912547	15.4969572267957	15.4683115124236
Q12770	13.0349675124872	13.1155414524691	12.9463904586751	12.9820417681453	13.1022837859285	13.1072177955939
Q12772	13.9801096940565	13.8708600708847	14.0447708670771	14.0206095146874	13.9576138920307	14.1099916479916
Q12788	16.0788142669501	16.0285750326268	16.0010546755966	16.0288919519658	16.058594502099	15.9378082586532
Q12789	15.5712608878649	15.5856438193022	15.569193016242	15.5619726529708	15.557403554314	15.5229929099806
Q12792	15.1308904223533	15.0984298388012	15.1427853718696	15.1731902629284	15.1053194604035	15.1209280004865
Q12797	16.9346474267052	17.0050114324384	16.9878529350574	17.2014211368414	17.1327423461179	17.1221994812585
Q12800	14.237966860515	14.1889912597314	14.1130712391394	14.1533258254068	14.2223381916911	14.0643299512638
Q12802	14.3319491533829	14.2141412655284	14.2822113613137	14.3406094482227	14.2958045165967	14.2538409976655
Q12815	9.96443989862555	10.2186302579569	10.1302709601628	10.0936599255064	10.2740576038997	10.3511307244612
Q12824	15.5209559901468	15.5217824853281	15.5299004764793	15.5524031201281	15.5238124100084	15.5401490643221
Q12830	15.9974894503708	16.014835773437	16.0302674492745	15.9288866038855	15.8724859229893	16.0613697423557
Q12834	15.6310503942554	15.5838951187656	15.5927117131406	15.6106912545413	15.4464296710008	15.5274812510653
Q12841	14.6616198767524	14.624015062565	14.7316395594212	14.550629563826	14.3239548784618	14.4367348261454
Q12846	13.9046608992092	13.9946282206008	13.9006796588046	13.9569959999312	14.1180251929785	13.9221587799089
Q12849	15.4133698793891	15.4277379752629	15.4775592038104	15.4870612073369	15.5279651240874	15.3262267451603
Q12851	13.0595636305066	13.0932647067401	13.2240863724493	13.1510551372401	13.1748132023417	13.1547904786468
Q12857	13.4814484842095	13.4825737491837	13.4695872787246	13.2332437186174	12.9905213309829	13.2678642320756
Q12872	13.5947999144347	13.6126145688143	13.6050902951247	13.5426742604306	13.4227772795395	13.5936996227752
Q12873	13.2478364425457	13.3635301263717	13.4024331784101	13.3619235964638	13.3404474853192	13.3732342797491
Q12874	15.8948628683004	15.9043842353575	15.8693396448369	15.9819410138232	15.9542998177881	15.8890384007823
Q12882	11.6880654183811	11.7960815988286	11.7096371841896	11.6101767702941	11.6779514612671	11.6774914353803
Q12888	17.2123393394729	17.215922356421	17.2468764337372	17.2264737969567	17.2070312220827	17.1806898771297
Q12893	10.9676553644598	11.0510026371891	11.2696322307614	11.1949650594076	11.3042433552532	11.3249715160518
Q12894	12.5677164841792	12.5431984266724	12.2517444953851	12.4872227815611	12.577151493143	12.5675086396522
Q12899	14.1507324094017	14.2139202502825	14.2009585549435	14.2191638816945	14.2953798713312	14.1780528696507
Q12904	16.7318467612502	16.7585700377578	16.6446216719559	16.7946920080352	16.8401379288814	16.6603561900612
Q12905	17.002318933473	16.9196741744075	17.0064365104377	16.9520997305616	17.0571938807587	16.867362959297
Q12906	17.2184532040242	17.2099507645464	17.142015576776	17.2491082492916	17.2583473900011	17.2100412406308
Q12907	15.3226126233991	15.3543040770806	15.3377635670714	15.5441296359151	15.5666301152088	15.4308703908345
Q12913	9.83780164499107	9.64582261817232	9.28868090700486	9.88748972971543	9.66053327186466	9.75046470220482
Q12923	9.17599489702117	8.23666697580591	8.83901622168306	8.6116021528094	7.53820563004419	8.45745751902436
Q12926	12.3127249251329	12.3048984912102	11.9091527722391	12.2256624472139	12.2752878394667	11.9309012078538
Q12929	15.1753969898488	15.226784485946	15.1727446148575	15.1942499070596	15.1819208087829	15.1925511653749
Q12931	16.3191778239673	16.2720801453938	16.3275475935418	16.3171690459643	16.3372295802483	16.2308819608031
Q12933	14.5746519186468	14.5506398860668	14.5637379255799	14.5680591639947	14.6334103730973	14.5835711383006
Q12955	12.3785028245279	12.3797982102353	11.6643799197893	12.1259766533593	12.1888141922333	11.3397564116185
Q12959	15.4533609914854	15.4727130218848	15.4755965458818	15.5250290810264	15.5672425851174	15.459552991194
Q12962	14.4036721306158	14.4015238347925	14.4312507713911	14.439131252186	14.4524222951933	14.4111348485831
Q12965	14.8820203814923	14.9395583470592	14.9087628929812	14.8464566711377	14.9892054978609	14.9372670962384
Q12968	13.4561841340241	13.4704446226801	13.3798797830118	13.3158296839953	13.3338358958747	13.2846056542465
Q12972	14.6040378627883	14.5446132600863	14.623500394926	14.3909074512466	14.4809177925474	14.5559548182621
Q12974	15.072061947659	15.1076578660374	15.0459308369702	15.1008741652094	15.1869748076255	15.1170584612763
Q12979	15.8579018359874	15.8496757822661	15.7856152583134	15.7693682591492	15.6897164005192	15.845751067493
Q12980	9.02266162910112	9.38527376373783	9.41945363417544	8.91722006907716	9.28546061276106	9.42604802859169
Q12981	15.1518524673176	15.1278864049989	15.0642725670885	15.1667636240596	15.1834641116605	15.047210962681
Q12982	11.240539020803	10.8800470771709	11.1541037345781	11.1941675513237	11.3169156706646	10.9442592500577
Q12983	8.67616128566616	8.39437681132593	8.6277598618188	7.70357402065017	8.46529086097914	9.03568648298322
Q12986	12.2005107228151	12.4783462784172	12.3460951233095	12.4305730822974	12.3722582753646	12.481881708961
Q12996	14.9682645557557	14.8627214277865	14.9881767230976	14.9251458998695	14.9540256292288	14.916873869746
Q12999	13.8968465976575	14.0544803809903	14.0522474255236	14.1754499759471	14.1374202593749	14.0187920966284
Q13009	13.8496438171025	13.8935778948777	14.0219101803649	13.7903510166291	13.9087213476914	13.8527664341392
Q13011	15.7774417755546	15.6392937655678	15.6792343989486	15.4718037414353	15.4958954513164	15.4269327899122
Q13015	9.82508247996888	9.76041999298815	9.8370085810885	10.0233086097889	9.93505283791119	9.78135483789952
Q13017	15.8118749775774	15.7904371709496	15.8211115115501	15.8300088698375	15.8191384295406	15.9642745001829
Q13029	11.2867878087468	10.9682154539202	10.9829878207167	11.1832059962899	11.1094146597648	11.3172082630939
Q13033	14.9889808182001	15.0332591971359	15.0796373518283	14.9883992123349	15.0817126062359	14.9851380083083
Q13042	14.1899985343868	14.2204985725087	14.1404254418236	14.0708849407648	14.0830379716968	14.1448281327211
Q13043	14.8295592003713	14.8558040183196	14.8916291941442	14.8469396753905	14.9337962234633	14.8366592431927
Q13045	16.6321521226695	16.5540469281098	16.6636393676746	16.6280059977103	16.5685344685812	16.5977189938439
Q13049	14.1755434553939	14.1380917162373	14.128435054042	14.2897654479388	14.3041771154835	14.2597371477429
Q13057	13.8311460650186	14.0414920248866	13.9875926275739	14.0164894751071	14.0677582170666	13.9794056403473
Q13077	10.8906087310132	10.6131982975416	10.8682431308105	10.4484219470373	10.5941277525665	10.6617857376073
Q13084	14.5697843025325	14.6978123608402	14.560405121404	14.6954365356634	14.7694729099816	14.5602154023238
Q13085	16.0655872955086	16.0068319708223	16.0322444131383	16.1160885575324	16.118901776333	16.0885876986973
Q13098	15.680085657233	15.5853212116866	15.6395056193781	15.6460709760503	15.6703027021047	15.549322498998
Q13099	7.56904885844561	6.73823463044847	8.01497015946083	6.59655151992238	6.2737286563347	6.65654478982463
Q13107	14.78414688745	14.8070879884327	14.9008735786466	14.8880341257106	14.8293449663789	14.7869754425094
Q13111	13.2050006158181	13.353076862663	13.4507408550486	13.312750972867	13.2705015266216	13.2685902783006
Q13112	13.4788870593186	13.4763165001345	13.5032365654566	13.4249605782745	13.4304933708264	13.3637608054841
Q13123	15.7070346165064	15.7964362605188	15.7805597073611	15.6386313976627	15.6817595628434	15.712444796519
Q13126	16.3784681527006	16.3756895999708	16.3410310651147	16.45341683377	16.2991178435401	16.2808124009467
Q13127	6.17560806365222	7.01051689022142	6.73803099128256	7.25550506420678	7.03455630209699	6.7163187897781
Q13129	12.9971419858067	13.1435378198326	13.0499179328995	13.0260157778767	13.0544970403301	13.1032292623166
Q13131	16.1816441371874	16.1712202363811	16.1552502495391	16.2028213487679	16.2576563250234	16.1438194431845
Q13136	15.8610357475681	15.8320193491743	15.8028917007143	15.8810519468484	15.8950125139047	15.7530570870055
Q13137	10.7396589124186	10.7774575438331	10.9541434279212	10.7228310778887	10.3962353683272	10.7132911751262
Q13144	15.5290685337941	15.4832027705867	15.6238634719961	15.6632878399559	15.6588003497596	15.5266196626425
Q13148	15.2458392212244	15.2164720112	15.1296136448828	15.1862647941898	15.1963268370879	15.174207791121
Q13151	16.4779719219634	16.4357024142623	16.4754217287511	16.3459644208927	16.1782152877502	16.3326112388637
Q13153	15.3933944384973	15.3052266655908	15.3960894794076	15.3471170091212	15.3769633630709	15.3776620981284
Q13155	15.7945160247803	15.6725984384557	15.8021507165275	15.6502687739617	15.4970685883608	15.6781591581204
Q13158	13.1562761599399	13.155343704928	13.1766931564554	13.3061186392689	13.3388456115257	13.2417036960182
Q13162	15.1494373996903	15.1682524048664	15.0517452789318	15.2034951321255	15.1513914698931	15.140244323014
Q13164	13.0488327320323	13.1022475512152	12.9648187571102	13.1007240471079	13.1755375751993	13.0567438417156
Q13177	16.3933179680183	16.4038545265394	16.3676716711927	16.4403874130386	16.506610422455	16.3734816944347
Q13185	14.4691960816426	14.4535360678061	14.2997203895886	14.3837625274347	14.4042452187961	14.1606563787561
Q13188	14.5970973219602	14.6298547280493	14.4756076597879	14.4646155398196	14.5453859231256	14.5036532484749
Q13190	14.488115186412	14.5565926131955	14.5836960558856	14.6644108879119	14.6372196588801	14.6300226638846
Q13200	16.9256885549809	16.9003361928531	16.9314643293411	16.9919117756548	16.8994955307146	16.8582400048107
Q13206	15.3541256971489	15.3317694119871	15.3696718531519	15.3415364210373	15.3223994752578	15.4177916180462
Q13217	13.5020508084631	13.4962641906169	13.4733717239567	13.7816500508984	13.7001513547122	13.801084472847
Q13227	11.5549666796904	11.5455397258813	11.6367207010803	11.3105790131378	11.6178184399722	11.4281395990907
Q13232	13.7139744264412	13.6876413330168	13.8412281078046	13.5589921596883	13.4763313830399	13.6549152867972
Q13233	11.5797665719838	11.6292876924897	11.729969251971	11.5406702831729	11.5531297399758	11.7420671587324
Q13242	15.1254177576196	15.1349027495795	15.0982331081064	15.1310052764416	15.0922059985553	15.0494689514922
Q13243	15.005577363861	14.9724905461915	14.9830132867543	15.0906363355366	15.1141275845342	14.9723552346737
Q13247	15.2996855208882	15.3137129879999	15.4508358314467	15.4249139988104	15.383229433077	15.2415289641863
Q13253	13.5348552334585	13.6343355691035	13.5893868524671	13.7850113904926	13.6230634791229	13.7036652603476
Q13257	15.3861786015395	15.2711393623734	15.3367325415763	15.2231424046978	15.2947812358956	15.2555762221678
Q13263	16.2607349464642	16.2183607024529	16.174642390218	16.1644003376733	16.1420352757259	16.0276597816279
Q13268	10.1564025161534	10.0822862641232	10.1746228301875	8.79152113979927	9.76483255703554	9.4717897702358
Q13277	14.6206760566927	14.6267053045658	14.5839994804318	14.6003055128048	14.6445414830474	14.6889067084824
Q13283	16.1924725064883	16.1872591266323	16.226133776431	16.281992192704	16.3021377809858	16.1657807917505
Q13286	9.68374703313087	10.2260361910514	9.70725931681934	9.88538328487087	9.94761319638472	10.3678272444708
Q13287	9.12972325066069	9.31937875074192	9.16946852846929	9.32913976071845	9.6980749897927	9.23512107866307
Q13303	10.270182278677	10.3252650784502	10.3397480508511	9.62344636949797	9.43334408489565	10.216607178522
Q13308	15.14609307512	15.1585079332427	15.0568947324194	14.9841689716376	15.0109623218943	14.9446325593535
Q13309	14.5371551961037	14.4836930479309	14.55857574722	14.4094447821363	14.4174220837499	14.3989976985929
Q13310	16.9095211593161	16.9299041560728	16.847860664271	16.9970789581728	16.959603120889	16.8650142613733
Q13315	15.6899989279657	15.7322718051274	15.6112745243227	15.6953553878189	15.7095366499676	15.7243121575026
Q13322	14.0455437769857	14.0953493173286	14.0582918198593	14.0410728311175	14.1710598188219	14.049309552467
Q13325	13.789794234632	13.7599369244064	13.6887953552497	13.7841460271643	13.7710051060476	13.7293668849946
Q13330	14.6473786339297	14.6932857619445	14.6950533970861	14.7246327784579	14.7479330886455	14.6814931440396
Q13332	12.0475380749665	12.2068321884616	12.3031878216723	12.2677700999538	12.2142822416693	12.29744077099
Q13347	16.6362059458967	16.6016664339756	16.564898740077	16.6491330422018	16.7108542225787	16.5279140738069
Q13352	12.4753256979652	12.6444274966625	12.4031185071115	12.495527877423	12.6263169071978	12.4855556864229
Q13356	15.1677076515947	15.2442977448497	15.1572481753184	15.1290708867346	15.1847211298236	15.1512909647737
Q13362	13.2763701155334	13.2013680796371	13.2876076765455	13.3520217729246	13.2526409582041	13.2448330921904
Q13363	12.8793719990975	12.8288904051618	12.998229670539	12.9619699567171	12.9860428360949	12.892537846916
Q13371	10.9030758644839	10.9895724859737	11.0636681290116	11.0379088878968	11.122791128074	11.080200281492
Q13393	13.3352879742322	13.3060489810373	13.4012915772563	13.4210704218055	13.4074753193718	13.4420940684828
Q13404	14.9889835056613	14.9548456596873	14.8016034046231	15.0430357049875	15.091815173271	14.8643299193458
Q13405	14.8527732522154	14.8906643717609	14.7954743439555	14.8956023823333	14.8576286393621	14.8033666453804
Q13409	15.3167000461363	15.2980520092001	15.2739172311204	15.3365429509535	15.3488484140415	15.3288483708809
Q13415	13.2141379086618	13.3699581957664	13.2254496170379	13.2752358037898	13.0344341683881	13.2826321888965
Q13416	15.2738244877675	15.3803996398009	15.2911966850269	15.3588475671723	15.3761069830354	15.3521012099599
Q13418	16.8722837941426	16.8005841001415	16.9024188029309	16.8876733493099	16.8297689858969	16.7789199546262
Q13421	14.509793989966	14.5124762792406	14.4547567066338	14.5503883855396	14.5570684149687	14.5466180323959
Q13423	17.8217413756712	17.7928889279152	17.7640122991702	17.8164558353973	17.8213311938826	17.7262864432941
Q13424	10.3832775178328	10.3527366149736	10.774410094695	10.1319456648684	10.4914166612117	10.4390909516388
Q13425	15.0123737039099	15.0417548735801	14.9209781327818	14.9108361278405	14.9856618461233	14.9125188930831
Q13426	13.9337624772856	13.7599669867266	13.8369047638662	13.7793496568943	13.7678128800587	13.7471205170247
Q13427	15.1304787305346	15.1540770972521	15.1369465586496	15.1613740461201	15.1969565498659	15.1283101155816
Q13428	17.4063411698191	17.4414521897676	17.4753533680628	17.4062688766267	17.3356321497038	17.3858659749139
Q13432	13.374747684979	13.4870924427849	13.3615351856504	13.2846512966036	13.3760544657349	13.3150086108304
Q13433	11.3875635559236	11.5232348186815	11.3197481632111	11.2994982465242	11.7336001410226	11.3609603355093
Q13435	16.3264188317885	16.3954361960842	16.3381361277326	16.3994798869194	16.4236829273937	16.324384260053
Q13438	13.9863651587369	13.9361349374248	13.9951441829183	14.1845413446742	14.2053063920452	14.0981678216813
Q13439	15.7706096829859	15.7296706836003	15.7597926537405	15.8829766313671	15.7980459728893	15.9443435152223
Q13442	16.1109073214136	16.1536276783782	16.0955358864791	16.238680922143	16.2490164495316	16.1406647553014
Q13443	14.8646859113231	15.0545280890656	14.9720671366048	15.26862125267	15.2000755200384	15.2573626539112
Q13444	10.6415011224052	11.3073043511366	11.2282325583464	10.9496020886873	10.9651145682925	10.974911822252
Q13445	13.0563785869078	13.0016962289577	12.9288318553576	13.0480405651523	13.0229703228896	13.2009990581769
Q13451	14.992617207382	14.9760853725053	14.9615557010281	14.8116950918479	14.7899595978419	14.8125255150226
Q13454	13.5844029027119	13.6597968039664	13.6132138315689	13.6849450531573	13.6951489839399	13.590326392103
Q13459	16.1365057006984	16.1602139784967	16.1521175393374	16.1898785617617	16.1647716681813	16.1892482151093
Q13464	16.0234527959305	15.9227685836766	15.9236946767619	15.9235235373193	15.951889727906	15.9277540225258
Q13472	12.4446921032802	12.4176672269895	12.509258660515	12.4892132412034	12.3628036845357	12.5571012028091
Q13480	9.61666926942529	9.85456476609229	9.785018587611	9.4561891758851	9.02916004083579	9.33075902342012
Q13485	15.2430385483399	15.3560055094	15.3129238325026	15.2674324468834	15.3998390150093	15.3556813031254
Q13487	9.42615993582688	9.27058330221821	9.34059631421788	9.12713776871533	9.56895655130945	9.29753719711073
Q13488	14.8211752056453	15.0460247497461	14.9554837658078	14.9906072750579	14.9851000971636	14.9272020848227
Q13490	13.2581368021671	13.2239236418784	13.2393842615318	13.0518379796126	13.2099378764431	13.3094223943204
Q13492	15.0426274758193	15.0202680831788	14.8180868871169	14.9299149134265	14.9096043468461	14.9092008421066
Q13501	15.1019239393464	15.1201575818961	15.0156961520516	15.345357101627	15.3398726501974	15.2883389659466
Q13505	15.0563606331812	15.0717401245521	15.0948704048856	15.004523704959	15.1618642273293	15.0813950136631
Q13506	11.2840988778438	11.4784611206446	11.5379215806697	11.3710171312691	11.4457039350582	11.3099508571246
Q13510	15.1212710267995	15.2281112242648	15.2117307931129	15.1813965810978	15.2293186286198	15.0958660856006
Q13523	15.2516868681817	15.2211210667126	15.2174041961729	15.1001407629401	15.1491031638009	15.1268463913839
Q13526	15.852972898772	15.799912299443	15.754971935277	15.7858936344975	15.7306859425016	15.6612478659953
Q13535	13.0293065431342	13.0092510600884	13.0694529015523	13.0846433947397	13.127468702053	13.2555255809021
Q13541	11.4077758691399	11.1054215607664	11.4930941836346	11.5164454225494	11.4890419291974	11.4989852254507
Q13542	12.2541099243387	12.3263066423462	12.2998114992335	12.0689729115846	12.2907168932446	12.3049919811127
Q13546	15.1841413850879	15.0636002169533	15.200728828819	15.1287432122649	15.0805145645943	15.095263561734
Q13547	14.2613979367736	14.2009450191857	14.2296393406182	14.2254022562947	14.0529411340394	14.0942704220537
Q13555	14.6995837856427	14.7937263189837	14.7055903086566	14.7810580844255	14.657122803993	14.7356232828701
Q13557	16.0412298363397	16.0543965597712	15.9330561265497	16.096132588828	16.0866624916818	16.0381971132078
Q13561	16.7334706722602	16.7184768356453	16.6526159794321	16.7984110450189	16.8042272374705	16.7075902180604
Q13563	9.83667430805429	10.2953177016084	10.0228214096615	10.0358528840192	10.3495332822707	10.4013210314525
Q13564	15.9805836343888	15.9583864231627	16.0027796826295	15.8898954851317	15.8181259589655	15.825661538424
Q13572	10.7629704796431	10.7242595451439	10.8571865728817	10.8046586475825	10.7860289815412	10.7011438105898
Q13573	15.5592547276087	15.6431899415638	15.6089806183107	15.6842397278505	15.7159442248114	15.6460499465558
Q13574	13.293693699443	13.1008681670846	13.212548612721	13.1628410910209	13.0488107014048	13.1321934712958
Q13586	14.3545263372782	14.4439694344642	14.4828806259781	14.3225791349067	14.435722103327	14.4733992295066
Q13595	14.2494192185235	14.215806412092	14.2110251198086	14.330688755677	14.2394913424347	14.0062953724414
Q13596	15.9161622364686	16.0124701104107	16.0254852782851	15.9605018467562	16.0648873286619	15.9934360963378
Q13601	14.4473084930994	14.6275234628974	14.494941399768	14.752820158552	14.5383640963941	14.7386084130709
Q13610	14.159282731985	14.2326416373654	14.2812568433292	14.2279176363607	14.1415746740989	14.1874629423439
Q13613	13.6318991438443	13.5784512013516	13.6072912688082	13.5597800692408	13.6299299217297	13.804120759257
Q13614	13.4095712047701	13.3418835697689	13.3882408708728	13.5261802430425	13.2440096677259	13.3614029421516
Q13615	10.4442625025028	10.2140229246964	10.5540634125082	10.4130135336917	10.604206205592	10.3260041486571
Q13616	15.201891073873	15.1046929682998	15.1684143958986	15.0535990106191	15.1772146997245	15.1901945920253
Q13617	15.9721533307668	16.003794029669	16.0170716000529	15.9645072495207	15.9827843716864	15.9530507556249
Q13618	15.8732271462519	15.8095193504406	15.8349540836155	15.7515965115414	15.8211789411265	15.8678013721908
Q13619	14.4959545029665	14.6177642661195	14.5745943522393	14.7209957253982	14.6125521646688	14.6017167504246
Q13620	16.2169385181067	16.2101731254182	16.1695548986342	16.2690696074812	16.1842143254416	16.1375768557499
Q13625	14.0515332425642	14.0218265276939	13.9213684555074	14.0151367571051	13.9474385696933	14.007751997981
Q13627	12.5584305907174	12.5658846586322	12.6062532731393	12.5535879273084	12.4194008352885	12.7120012570986
Q13630	14.6445520636746	14.6147385162434	14.626735636305	14.5831089003599	14.6292291938388	14.6612496381369
Q13636	14.4335075535118	14.4810524266304	14.3922512569664	14.4977493211338	14.5809153266788	14.4127880735911
Q13637	14.7102410521441	14.6514787817234	14.6228783378761	14.7077342749724	14.7570387431315	14.6560600957188
Q13641	12.821252488912	12.7414920465452	12.7598565396773	12.8215500174251	12.9971424124424	12.9232671521161
Q13642	14.5882859106936	14.5833200394456	14.5575854917908	14.5991735345644	14.5349916905728	14.5297842575473
Q13643	13.5065949278486	13.5759578556504	13.5084630421236	13.6998986351947	13.4707875465803	13.5600198889926
Q13670	10.548282294445	10.9895431840464	10.8734968860291	10.7302424577009	11.0828895912985	11.0317690894796
Q13671	15.2373321531407	15.1368256156842	15.1716155699903	15.3255853810424	15.3230697386711	15.239308603502
Q13683	13.9342174418029	14.0691385104791	14.0273888718641	13.9497097207919	13.9587694949399	13.9260697623347
Q13685	14.435170969486	14.476220046605	14.4494247562052	14.4693585505762	14.4554867817445	14.3750265739823
Q13686	12.4409091049277	12.2828540702879	12.5088044298089	12.2384320227757	12.1990375437075	12.3457169262007
Q13724	16.4927981102795	16.4870523915088	16.4490224471774	16.5591917582612	16.5177560043328	16.4848117401232
Q13740	16.6344824310925	16.6380776457152	16.5731095453461	16.7390945514144	16.6294050556627	16.600705300557
Q13751	14.8871422627989	14.8614490784256	14.8584714956326	14.8746060479285	14.8604543942073	14.816647093262
Q13753	14.1924176583829	14.1800615972362	14.215495714799	14.0697839214151	14.0043505450402	14.0784252853075
Q13769	15.0730546158473	14.9988231401233	15.0834429056281	15.0765493747692	15.1259737776162	15.0979882768555
Q13772	12.0471858361977	11.8559918736186	11.9449985250846	12.1284804006572	12.0993092653878	12.3018099555176
Q13796	15.4211596545052	15.5396488818657	15.5247420179995	15.4857944836639	15.5282205789945	15.5264590129882
Q13813	17.0023799087451	16.9627849169679	16.9842388109457	16.8067586942154	16.7129317351569	16.7577541997974
Q13823	11.6294365654992	12.0194597528139	11.5882325136514	11.9791828338242	11.6453363250069	11.9195399113551
Q13825	11.8418451609731	11.7721272109291	11.895143381844	11.8408148620868	11.9502715627917	11.8588174155912
Q13838	15.4398410858215	15.340494615935	15.2668679055109	15.4099705453512	15.3209798316494	15.2702096003383
Q13867	16.5237696862067	16.5035314300062	16.4719540384364	16.4895369432717	16.3623693076014	16.4273027690403
Q13868	13.9709857254942	13.8901994665416	13.8307234882741	13.8647179112777	13.9342898531263	13.8439080158825
Q13873	11.1986602036152	11.0460027361348	10.6970113797476	11.2016056288326	10.7315153770267	10.782889564523
Q13884	9.33773131612853	9.29229205078928	9.42976992140282	9.15635443246885	9.77074006180125	9.18429595225617
Q13889	12.9861939157094	12.9903487702726	13.0479135895466	13.0528061405612	12.9253407434743	12.9478003829188
Q13895	16.1137025020091	16.005514361901	16.0648664099754	16.06832909464	16.0571118002694	16.0603917655072
Q13901	13.7773051577521	13.6602984820708	13.732475848765	13.5963313129314	13.4969376239978	13.5334667490828
Q13905	12.1646377072344	12.1397900056531	12.1347840954161	11.6707492531171	12.151221073921	12.0243117260965
Q13907	14.555372538151	14.6113982040731	14.5448932840777	14.6265647185262	14.5319757798659	14.5656400931449
Q13946	9.05781826121336	9.23896125624261	9.69044230757745	9.5253831567517	9.53411814618958	9.50546614906962
Q13948	12.445372304147	12.2744907711281	12.5790566211864	12.2394259310514	12.3620527194084	12.4737930879318
Q13950	12.7129608003193	12.7103900182549	12.7407012115246	12.9372067164294	12.8273796974315	12.7461460148603
Q13951	14.5340899739066	14.5692203938882	14.5376454173073	14.575000491603	14.6029085343216	14.5733581283646
Q13952	13.1522365065041	13.223507923813	13.1796808180016	13.1749732408576	13.2583116244813	13.1531352177179
Q13976	10.0734754186558	10.2473915535602	10.0477085593408	10.0665573169052	10.1152303113407	10.2193609396958
Q14008	17.4406951320486	17.4475661932855	17.3684342491728	17.3545785400905	17.2806192856979	17.3219753532973
Q14011	15.1808154654218	15.211774564972	15.1812404806755	15.2933304602143	15.2914849486425	15.164574488278
Q14012	10.2983545153212	10.6331239066104	10.5213116387246	10.0921513009034	10.2201728562631	10.5171869647352
Q14019	16.3028587181606	16.2580398465477	16.2399837083074	16.1169598200565	16.0223895611825	16.1261246107067
Q14061	13.0480033277646	13.3288566032132	13.0380184807115	13.3876317303969	12.9077335246132	13.1743607126297
Q14103	16.8868042154246	16.8966119017672	16.8012459315561	16.9107060028244	16.7412418693993	16.7595859686828
Q14106	9.69829505738752	9.57738419665108	9.01480234893691	9.16467723090009	9.45128382166151	9.34700681037222
Q14108	15.6649415202808	15.670303237119	15.8564770361899	15.7994468287711	15.7648158041978	15.6721033219363
Q14114	10.4350502449378	10.379940731893	10.4442768335725	10.9524136380452	10.5856036802599	10.7555276755016
Q14116	16.0006068464601	15.9917903787388	15.9133276042295	16.0192741225425	16.0944373912267	15.9723711509037
Q14118	14.9718044416985	14.9889913725773	14.9326282411907	15.0189349207297	15.085035457096	14.9362878138802
Q14119	13.4423041608079	13.6982012638324	13.5940897677554	13.8598714741073	13.3695994546803	13.9817284069801
Q14123	9.96597862427196	10.4293830337635	10.2034386494711	10.2183796425324	10.7339087388935	10.282763837271
Q14126	16.0028101238832	15.9999913351126	15.9758326280452	16.0240343313975	15.9586609901898	15.9197540994213
Q14135	11.3502311674939	11.2225249826837	11.212734554724	11.1946224803188	11.023068178842	11.1230816828542
Q14137	16.1549827656487	16.1055966808403	16.1604110625481	16.1633163805221	16.2375721949434	16.1388413904573
Q14139	15.2590384054896	15.2164008877487	15.1918244739538	15.196824198956	15.1109955132219	15.1166899527811
Q14141	13.8325467647466	13.8070136878311	13.7491573756937	13.6704816834968	13.8298322566553	13.7230259964138
Q14145	11.642791694134	11.6315474572004	11.7096976606014	11.5469446040746	11.8424622630838	11.5866808205348
Q14146	13.921933884152	13.8977107913141	14.0421968637924	13.7865740082552	13.8741700534519	13.9664639796081
Q14147	13.7872699430136	13.8327563125091	13.7081497467159	13.7057691702932	13.7519268321155	13.844684043005
Q14149	11.5866161836629	11.7596684830638	11.5785339642818	11.7284605042241	11.7250943252601	11.6250127413739
Q14151	15.2113735466752	15.1303967545702	15.1315979935214	15.2003021703359	15.0610225778282	15.0137684782627
Q14152	16.2324639528256	16.1794002559877	16.2819488228703	16.2244358868139	16.1706532743861	16.0718723798792
Q14155	14.1473255898656	14.2438321987108	14.2244053843525	14.0792606955439	14.0197500024865	14.2551901634068
Q14156	14.0433191884382	14.1098275282294	14.0090921662462	13.992568627287	13.9771685680578	14.0905324331722
Q14157	16.7515588560932	16.789190691666	16.6876210003588	16.7867191311001	16.7901134420991	16.7921059929055
Q14160	15.5332992458791	15.5527838640408	15.5232506024892	15.5292874890236	15.5701157985827	15.446101357415
Q14161	14.0048088344083	14.1778323727151	14.1675560680329	13.9955698757647	14.0456460562259	14.2396089069982
Q14165	15.682038527782	15.638091811215	15.6502767875605	15.6367091723786	15.5991643992784	15.6426667918691
Q14166	15.4243978570812	15.364456575017	15.4286750156213	15.4969821747635	15.4989919115855	15.3695178038348
Q14168	14.5802732597937	14.5975463904133	14.5812940999107	14.4860485448714	14.4309287127667	14.5813144803443
Q14181	14.120118129375	14.0090803318113	14.1577845784648	14.1560146950268	14.1572333927919	14.0260554382853
Q14185	15.7943736330479	15.766651813693	15.8259056280781	15.8349335198256	15.7613792504294	15.874306372845
Q14186	13.0062679469797	13.05387973706	13.0378154802488	12.9200810842552	12.9464120027401	13.0450379145899
Q14191	11.5904505958698	11.442147237025	11.5032328272639	11.4312576018043	11.3441210163434	11.7007733906454
Q14192	16.5617241366339	16.4140096721399	16.4623596256213	16.5338096264339	16.3063803904605	16.3961562579692
Q14194	16.623286772058	16.6044497582575	16.577064307662	16.6547003938949	16.6932806397484	16.5769800436
Q14195	17.6099868489521	17.6585663933167	17.5182236588788	17.7386768087503	17.6938954285201	17.5359997165323
Q14197	13.6580634277876	13.6869220831055	13.7134336387472	13.6063873531039	13.6306966007162	13.6668443098552
Q14202	13.406366806996	13.4748318655428	13.4620602771849	13.4156703788381	13.4348230941316	13.4527321337759
Q14203	16.7526657202325	16.7545720551631	16.7485573889481	16.8597727586297	16.8019386248208	16.709415874694
Q14204	17.5093282701538	17.496418778025	17.4807153508004	17.5407603970958	17.4137686242324	17.4632095651779
Q14207	12.4748222230619	12.7215805267732	12.6698433657679	12.5339834123354	12.5980658808073	12.6611640665283
Q14232	15.2748939781436	15.0934521724293	15.16308246204	15.13122827877	15.144554806401	15.0555974689426
Q14240	12.9441171225124	12.8880308731098	12.7818314846237	12.7063816563088	12.9324687719807	12.9218528138505
Q14241	11.2860880488063	11.0647592956108	11.4050138223172	11.258718144407	10.9183826795651	11.2260581396145
Q14244	12.9273549763751	12.8981225524908	12.9154701930712	12.8163574631464	12.8438031990666	12.9075421520093
Q14247	16.3491011665075	16.4314762413913	16.3409991692417	16.4072158748709	16.3214427310749	16.3241468282482
Q14254	16.3990499234167	16.3588192331962	16.3355349283464	16.4242116625978	16.4070118567972	16.3402364054675
Q14257	15.687389534782	15.5711849150464	15.5645361884985	15.4974952472081	15.4272351442891	15.3676134578821
Q14258	16.5491182623469	16.4980581249302	16.4514402710625	16.4584376915944	16.3958712780962	16.4218314115587
Q14315	17.6121321524608	17.6493253246363	17.5431681345195	17.4346882310692	17.3621862641562	17.4875936378166
Q14318	15.7145703637186	15.6234454316323	15.6040178883219	15.6566075236549	15.6988117400289	15.6346101748358
Q14320	15.8477111430677	15.7868712844873	15.8307881322024	15.8985006538359	15.9236870123009	15.9000528545312
Q14331	15.1358259516353	15.2118350062911	15.216310795476	15.2231952521418	15.0589253454667	15.1883184342916
Q14344	15.133426190602	15.0809753205321	15.0903913006601	15.0789039074521	15.1073513000843	15.0527925843856
Q14353	13.8701987169952	13.9354401530373	13.8455807974706	13.8795820016906	13.904716308698	13.7608394875379
Q14376	14.8385254705701	14.8337021982401	14.8560210155876	14.8884062245626	14.8578060749657	14.7884578462454
Q14393	14.5576813619434	14.4496462001499	14.4691707785511	14.4817953289842	14.4086488794562	14.4581343932676
Q14439	11.3468060005852	11.5292642992292	11.6480807414322	11.7657053391584	11.8783592579118	11.6152477981733
Q14444	16.9065282063771	16.9297122013934	16.8964432248314	16.9400166254393	16.8952402724389	16.8142593738418
Q14451	9.97489880365254	10.4201945524711	10.0931743126749	9.71247988042295	10.064150257696	9.60794456839488
Q14457	13.0186443541679	13.0844159392521	13.0234940284006	13.0947318014205	12.9998554983394	13.0649853354502
Q14493	10.6244184907325	10.5598388755104	10.6432399026582	10.2635694402204	10.6280363446159	10.5188689490482
Q14498	17.1827424578725	17.1806445340107	17.1175082630302	17.2218525623115	17.146008236254	17.0878286221264
Q14517	15.0070397869736	15.0075329196735	15.0189059191435	15.143200372044	15.1438528076392	15.144519569246
Q14524	11.0741646616564	11.4482367306211	11.454087744088	11.1408577293017	11.100862344386	11.5337156758736
Q14527	14.1357356502616	14.2063721202754	14.0829490010532	14.0260640799556	14.1089135956903	14.1831672778401
Q14534	14.3086505368301	14.1817865595574	14.255861613894	14.4562064227614	14.3127054276931	14.4430750686605
Q14542	11.431004475806	11.4067949639468	11.4467150896743	11.4552427455055	11.410475605509	11.9196821425509
Q14554	15.4289159155143	15.4378269659663	15.3375483358252	15.5601452059683	15.3427439058435	15.5003121588239
Q14558	15.2181585378417	15.2496998223477	15.2498894743051	15.2642573833644	15.2928175895821	15.2216628337497
Q14562	14.800844241636	14.8372394062332	14.8250088941077	14.8481484740753	14.9067775294125	14.7715286354664
Q14563	12.5360652678273	12.5839127072415	12.4917558892612	12.5558109175085	12.7100710288617	12.6546233473547
Q14566	17.1891539462263	17.1830320852128	17.0870229268085	17.1572106253705	17.043003409026	17.049105151612
Q14571	14.1568925204176	14.1696514750205	14.1718739661468	14.0711544337023	14.0680550313812	14.3668148135706
Q14573	15.7947219912347	15.8102855208252	15.8763169828674	15.7800658484656	15.7140073898633	15.9455574275892
Q14592	10.8695565929734	10.8514241823065	11.3042008959924	11.1169874829378	10.728343852376	11.1347221235883
Q14642	12.4980801133417	12.5222983438945	12.5871113457519	12.2775689526724	12.3182719850563	12.3363737425189
Q14644	14.0365847239438	14.0006552703147	14.1135896296425	14.0834387826951	14.1112108150218	14.0108913280687
Q14651	13.5924487508163	13.54736101605	13.5656180508707	13.6164366235268	13.6051279564282	13.5383798045813
Q14653	13.8483704684543	13.8110411806569	13.8546855636752	13.8308716307476	13.8947772801744	13.8137883249145
Q14657	12.5549027774366	12.6709261010211	12.556277505167	12.5254183834141	12.547099147437	12.4779063118546
Q14667	13.5323642570796	13.695988610605	13.6404134705518	13.4521415503747	13.61989766469	13.5648618998883
Q14669	16.3502899560638	16.3537875292528	16.3490651481464	16.4177322416518	16.3339469102326	16.4456784058318
Q14671	14.8129107283341	14.7431256044504	14.7396898810993	14.7598838425374	14.7522167774787	14.6913554053816
Q14674	14.5536786482198	14.5502618633752	14.5916874891173	14.5239733844778	14.4951648848939	14.5553065249425
Q14676	16.3216289461968	16.4249562606577	16.3467565254361	16.6930152713912	16.2684351481463	16.7568594770408
Q14677	15.816061093246	15.7950891298292	15.8120660795952	15.8775092780451	16.0046822741392	15.9233264750165
Q14680	13.1539480776436	12.9896768692533	12.867449542545	12.9545082447736	12.9752814329227	12.9683379182602
Q14681	10.4559819419278	10.4037746470167	10.0733155951894	10.3147973829071	10.5023718774565	10.3337711688877
Q14683	17.3540127075358	17.4018610269083	17.3000149506911	17.3722601410956	17.3045727230632	17.3180500929795
Q14684	14.6703236870284	14.6208818178763	14.5456091751373	14.5981930703226	14.5331066541391	14.6467267516916
Q14686	13.6843167494635	13.7196872346104	13.9021802024382	13.6796589550743	13.7271139786624	13.8702166163204
Q14687	12.7955560115296	13.0335989562275	12.9893768540464	12.8951689791832	12.9701398309848	12.7906554555768
Q14689	11.525683752861	11.5956430311111	11.3392902278938	11.3430531830916	11.2162024370098	11.4069122511311
Q14690	16.3344389753785	16.4002936197635	16.3815355795669	16.4663849874531	16.1531164979797	16.5229185152805
Q14691	15.6283614011866	15.6938503971398	15.6720578255698	15.75141505854	15.7381861398648	15.5903543133774
Q14692	14.5812354766461	14.6330348080854	14.5326641947906	14.7389922789381	14.3423404460558	14.6627931060846
Q14693	12.605926040264	12.5118012390498	12.7180020055112	12.8043567321723	12.9029815067824	12.9344735640003
Q14694	16.5947582379413	16.6128748090395	16.6211728991712	16.6181003128621	16.6338534308411	16.5782111640179
Q14696	13.7251795289199	13.8137612831028	13.7829558806726	13.9061176124359	13.9262102564497	13.6729674163719
Q14697	16.9749841509017	17.0442691004268	16.9486181486934	17.0740581417843	17.0891747065905	16.9513029261406
Q14699	13.7862627493514	13.7872453373568	13.7681589739817	13.7220228823653	13.7423051859773	13.792461435976
Q14703	12.3385819657947	12.4429151809659	12.4993948281227	12.3509275967653	12.3083909155427	12.4183920340784
Q14728	14.4313874133515	14.5169837405374	14.5497317903473	14.5010061202513	14.5659919281004	14.6966198563062
Q14738	16.4759003348947	16.545183103867	16.4171295429012	16.4722985871299	16.4671176348816	16.4182680041341
Q14739	15.2389285681724	15.238846859945	15.2565296574141	15.4013094064469	15.3235707982712	15.1893767285184
Q14746	14.8890473451757	14.9127045334863	14.8681797565679	15.0713096709601	15.1943642191114	15.1016585170883
Q14764	16.887081606845	16.9249397295902	16.8943635311419	17.0451132430708	17.005348099978	16.9106355014788
Q14767	10.7517622407387	10.6867899369908	10.7741622628868	10.3162641162012	10.7024415680672	10.5265738042715
Q14781	14.0387153416637	14.1946310475327	14.0797706323146	14.0450106555879	13.9404820728458	14.1346666925999
Q14789	16.7633729162837	16.7525186386012	16.810794134171	16.8014310755414	16.7639042510001	16.8802500316256
Q14790	15.1751613196181	15.0779278889574	15.2011229518533	15.080430437431	15.1163924829791	15.0404846196749
Q147X3	13.8038889909837	13.7420150298299	13.7616421148475	13.6922540005305	13.7480056620369	13.6877086389355
Q14807	14.0586133626029	14.2017151337961	14.12614699542	14.1406579040614	14.2127650004366	14.1807158396262
Q14814	13.2405751393771	13.1355756987804	13.1493023250534	13.2719781603024	13.4070327203481	13.1832864613053
Q14839	16.677014958006	16.6182333711604	16.679447778098	16.6989800157504	16.5244976383484	16.7313714082779
Q14847	16.0090981129813	16.0121158690437	15.9969346755901	15.9971835293933	15.9569835952557	15.9611294806507
Q14849	11.6739804696519	11.4128057685956	11.7554901460706	11.5063720269659	11.2280536793836	11.6542021180662
Q14865	11.1391776657596	11.0935493041601	11.1821518084261	11.2003117318483	11.0319610864373	10.9788629604318
Q14872	9.10736616334059	9.48154799280759	9.81698554073734	9.57812163204488	9.1427307144447	9.71200125709857
Q14914	15.3535751675096	15.2651235996712	15.2712776773783	15.212646485102	15.2875489341623	15.2305103934909
Q14919	12.3664352607688	12.3869015398593	12.307058850653	12.4768308038327	12.4804029079831	12.4021938169819
Q14934	9.96242658709518	9.54467246701998	10.2758308408538	9.81903080119747	9.81754211292155	9.697142974513
Q14956	10.6090796447128	10.6834427201569	10.4091694518086	10.874612961289	10.5784902498392	10.465607834492
Q14966	16.1412704743177	16.3337594778747	16.2330817486707	16.5624531153577	16.1702222086055	16.6594964326458
Q14974	17.1342018486021	17.1118396726287	17.1669299801978	17.2440530266045	17.2266839779832	17.1274271662596
Q14978	16.0904950069226	16.0468546379612	16.0312166263282	15.9757376134866	15.8111603750573	15.9280191806491
Q14980	16.8782175833619	16.9179195518904	16.8753325135048	16.8976037398381	16.7488217300074	16.814054292327
Q14995	11.5577060042804	11.6298376908502	11.4747424242796	11.6317164930751	11.6485440586904	11.6905295463763
Q14997	16.1581196716451	16.1480038410877	16.1889419460924	16.1627065324467	16.1888168303085	16.2007951160513
Q14999	13.5540762953538	13.6670349945284	13.6863707852209	13.6069079065678	13.6654567166731	13.683819866045
Q149N8	10.5769544337597	10.3929817797514	10.5683601062415	10.4754165183188	10.5453265827606	10.4703779972318
Q14BN4	14.7883396870048	14.8456646139343	14.7535036636789	14.8427805164055	14.8628575854682	14.9032453581208
Q14C86	15.5588719028795	15.4743092517303	15.4964801937911	15.5651771912664	15.5781610480748	15.5021301081239
Q14CB8	10.7016154156791	10.8402561276786	10.7379971057136	10.5711674713339	10.8194190404397	10.6301830504254
Q14CS0	11.7650058672222	12.0638028837702	11.9903533094657	12.0018330897894	11.9590062792511	11.8367175287749
Q14CW9	14.2265548030942	14.2068195858083	14.0423675207668	14.0145178151868	13.9278212686801	14.182581090421
Q14CX7	14.1739282535237	14.1485673763821	14.21211262193	14.1600817358004	14.2598507173254	14.2400611942795
Q15003	16.7242924056404	16.7458371854667	16.6622950923485	16.7465494899134	16.7165092972124	16.6806528761862
Q15004	13.8673431620804	13.9910450567547	13.7842260610922	13.9259151439753	13.91457627348	13.7186622121192
Q15005	14.7111112778713	14.7948674986529	14.6902042508733	14.8546596644041	14.7631728454572	14.8318564993579
Q15006	12.9078507718974	12.911687684398	12.7220913534531	12.8393439389813	12.889425767517	12.897575552863
Q15007	14.375795916618	14.4557921484823	14.3467605182797	14.3812979604855	14.3264177356312	14.4044655520827
Q15008	15.6688245882276	15.6573434343088	15.6416906916558	15.8117766926614	15.7688076212572	15.6727647523059
Q15011	9.5754546732749	9.87791163724592	9.5850335902608	9.87424420249015	9.80973178711865	10.1116430276776
Q15012	11.3446233293516	11.2043788983787	11.2826070758727	11.5679696704082	11.5439676800188	11.4097744980213
Q15013	14.2645717933537	14.2973667911997	14.3054305103847	14.3074002928552	14.3259636265199	14.180978617374
Q15014	12.9204612903747	12.9166198282081	12.8904616098771	13.0728699632232	12.8755544042933	13.2026086837975
Q15018	14.8672566127053	14.8860124994107	14.8009897429362	14.8564950178684	14.8822266257241	14.8753628503268
Q15019	15.8716331233396	15.8391309954278	15.7708395315949	15.9028358173243	15.9117206178513	15.8343476673696
Q15020	15.6004187356902	15.5787010903805	15.563570631582	15.5401830912723	15.5248884968558	15.5822948489752
Q15021	17.3815292931688	17.3680172105062	17.3277743130726	17.3630256478146	17.351404860564	17.2664332606108
Q15022	14.9090619174248	14.8778374332155	14.8749330241419	14.8091720967933	14.8816061407266	14.949883591993
Q15024	14.5562956405352	14.5367238998369	14.5887645871804	14.5155779161313	14.5532701824233	14.5003393303648
Q15025	13.1642950351779	13.263975575555	13.2032407669075	13.1339339672716	13.2315614673463	13.4379517908723
Q15029	17.3189391318562	17.2807273768277	17.247265869937	17.3182992834643	17.3135948664813	17.1886299793724
Q15031	15.9497536499311	15.905505735123	15.9662400717255	15.8639239155048	15.9438132058648	15.9281111328393
Q15032	10.6666334180399	10.8980171840423	10.5257446399774	10.6317863027294	11.1517668476346	10.9580686006092
Q15036	13.5751553932636	13.4535958137407	13.5355828620787	13.5823787832372	13.6386975059907	13.5824817522538
Q15041	13.2700354257107	13.3148531840571	13.3202164726225	13.3931143817414	13.4038640536981	13.3100593683159
Q15042	16.3577791167208	16.388767135473	16.3460345765833	16.4196619731687	16.438249934494	16.3886421848508
Q15043	14.5139993451502	14.5638381820976	14.5685042179969	14.8129943793331	14.7121018233044	14.6978934832648
Q15046	16.5577072726246	16.5341069405555	16.517662296264	16.5114136633359	16.5073769616686	16.5449867688386
Q15047	12.609641863926	12.5530292538537	12.8085982053545	12.6919809745244	12.7008125561095	12.7086949777651
Q15048	13.2336438819439	13.0561933811522	13.1636494188982	13.0009348203034	13.1138630713944	13.1348767356162
Q15050	15.2676132927777	15.4531576194185	15.3175325987928	15.4517662523849	15.4332156386743	15.456344913163
Q15054	15.6817412765178	15.6115026316034	15.7004684213921	15.6265981066237	15.5758394671847	15.589859893935
Q15056	14.4690912727598	14.5159567389465	14.4693410925408	14.3586933627517	14.221782035454	14.3009425062973
Q15057	14.393055996459	14.4284538450766	14.4726527937446	14.3359612772384	14.3650025613955	14.5560604788048
Q15058	15.225201100228	15.2969369309264	15.2544509411573	15.1899641258646	15.2592059990781	15.2993524535401
Q15059	14.3570555360631	14.4596055447003	14.3198182070657	14.4525399080815	14.4668148948287	14.478820750324
Q15061	15.2248223103851	15.2818623025565	15.2453694128218	15.2724707740923	15.0237139405927	15.1679147462951
Q15067	15.1412013110819	15.1334125361512	15.1432943958984	15.1404595077821	15.2714212635481	15.1692594396541
Q15070	14.1420895404616	14.1765909946897	14.343170138544	14.2480921209561	14.3237011855796	14.1859172722601
Q15075	17.1967507625842	17.2161944220933	17.2332149169463	17.2129987546936	17.1559816014979	17.2837709611588
Q15084	16.7952236231471	16.8090792991515	16.7796937436166	16.9187042583719	16.952064852863	16.8856764160977
Q15102	15.5405539074902	15.5397568830168	15.4642049831987	15.5674397204189	15.5309314287207	15.4598324681624
Q15113	11.5547691544863	11.5454649827174	11.5654700701533	11.7118072404808	11.7663645011639	11.7681079154368
Q15118	7.23415351396871	8.29525843607135	8.34162249248447	8.57235004560052	7.64465124857777	8.10551147540298
Q15119	12.9844717397983	12.9054016325698	12.9329821230236	12.8962082016242	12.9213714783707	12.9190792569584
Q15120	10.0039398925115	9.63997268837649	9.16969465031206	9.74091247478252	9.61948539975403	9.45351473126562
Q15121	15.5228880836466	15.6055336844167	14.9923819203947	15.2418326757183	15.0981354921903	15.3416239308011
Q15124	14.5459605596258	14.5059766723513	14.4625262595082	14.4624234049429	14.4748804946251	14.5235767890821
Q15125	9.52844369101175	9.57457405500553	9.5945343038348	9.98294332373568	9.15017226242849	9.66453650287483
Q15126	14.6832109756603	14.6739093294754	14.6977177160032	14.7917414188377	14.6962544786567	14.7062549474485
Q15131	12.2642431743749	12.2504516129115	12.2350854862394	11.9996573692121	12.1376491471642	12.1923129130277
Q15139	12.7644684019003	12.9304442121988	12.784118375126	12.7090763220191	12.6456397878254	12.7095393963805
Q15149	16.8202918760375	16.7986705601869	16.7340649773091	16.7846356182304	16.7728377317136	16.6844826365688
Q15154	15.8648413711255	15.9351299582738	15.8782108848091	15.8590177343796	15.8511952663191	15.8549105859867
Q15155	13.2310101231809	13.1138706469791	13.1671078368249	13.1670590686052	13.1035590510038	13.0844764559365
Q15165	15.5179943224328	15.5068265546744	15.4019259859022	15.5853820833483	15.5969561874898	15.4617407798227
Q15170	10.4209676330496	10.0519079379977	10.0800145998006	10.16752112041	10.1789485973357	10.4939040849494
Q15172	14.1755245635436	14.2775089469841	14.1974210229742	14.27420897205	14.2404465319609	14.2182050001517
Q15173	12.4850536248805	12.5299444414784	12.4079985626419	12.4465628835428	12.5939152634224	12.5812277799533
Q15181	16.611517838344	16.5820185920225	16.4964679875992	16.6626392423336	16.5951083827873	16.4863239709644
Q15185	13.646015808527	13.7178610989429	13.6193927272216	13.8925048257999	13.7587055224708	13.6217016114952
Q15208	14.5447310100584	14.536195527697	14.4742002759874	14.3296414837131	14.3631964756763	14.4539251620092
Q15223	9.77247446033092	10.0736323278679	9.97236916993197	10.2133737156411	10.0048668903085	10.1393823716554
Q15233	17.111346250983	17.1230348568628	17.1093144594417	17.120255759156	17.1170078586396	17.0433785884063
Q15257	15.8577455502433	15.8230242623552	15.868351973204	15.7353832955637	15.7256381996317	15.7500986397921
Q15262	14.3353623831927	14.3796423983924	14.2303230220489	14.2871555832277	14.3604172073264	14.3967916532355
Q15269	15.6044413772418	15.5615238894162	15.6026321332306	15.5384520409942	15.6572201763081	15.5242815305712
Q15274	15.3271292174719	15.2096893595126	15.2298761810507	15.3782769852668	15.2549540328935	15.3317089478438
Q15276	14.8911610292555	14.8809694792314	14.8895934043159	14.9190446217113	14.8892335632112	14.9199085829308
Q15283	10.7918587039172	10.923739318679	11.0293500962341	10.9798411133761	10.6853502212303	10.9873986644522
Q15286	15.2400540413691	15.3131924900437	15.2449018718009	15.1766186947655	15.1002640533546	15.0589846652257
Q15287	14.317043050923	14.2648769688391	14.1978114309846	14.3130258092419	14.2339879912477	14.2603275788721
Q15291	15.3821135662153	15.3502545802887	15.2857674421833	15.3505763837218	15.3624064202882	15.3124368142434
Q15293	15.347903223986	15.3276423118107	15.2788754243403	15.4329208463294	15.3730739127891	15.3161413360571
Q15311	13.5245391403452	13.4983160580289	13.5321659802265	13.5042406893276	13.4060769205569	13.6128517026833
Q15334	15.2274676527575	15.1693061597068	15.1389665675842	15.1673706311861	15.1401124936805	15.2034677614926
Q15345	13.0511348204987	13.0392719764153	13.067033877139	13.0146633740582	13.0159309853814	13.0922610579566
Q15361	11.009495489614	11.1948796583018	11.2292092383948	10.8768677138714	10.7604314418041	10.9954793862146
Q15363	15.428921858837	15.3544235413273	15.5116534164216	15.5599445928315	15.4524838245542	15.5824181169462
Q15365	16.0914713221798	16.1017200586381	16.0848234824249	16.1870938488795	16.253053306112	16.0751404866863
Q15366	15.4916752754039	15.4526236391798	15.3741641079936	15.5032874152483	15.4609803904237	15.3502377907975
Q15369	15.4417053789228	15.5215259276111	15.4149547118148	15.3972441812887	15.3561267352384	15.4095231325848
Q15370	15.2297147290021	15.2151060044177	15.1668809158323	15.2698672538569	15.2677451198616	15.1492393428654
Q15382	14.2729396295737	14.3184021613543	14.4001892222219	14.4321221896193	14.2770504967051	14.303453104873
Q15386	11.4931286131471	11.8103145521072	11.8165323315935	11.6546606983896	11.5846030647781	11.8137673706522
Q15388	12.8520985023078	12.7691090193662	12.8689395802766	12.7777091988108	12.7918282684036	12.8712938197932
Q15390	10.6387630402759	10.7813048910764	11.0545952703939	10.9105174243306	10.839274776933	11.0387079918454
Q15392	14.921053550662	14.8861640000193	14.9536260032632	15.1107217555107	14.9748543452406	15.0559117820086
Q15393	16.4177748203981	16.3834417114185	16.373242299795	16.412179486863	16.3983078652249	16.3072035493786
Q15397	14.6565394479376	14.8202096572367	14.7643168606754	14.8005551313704	14.6722229112202	14.887098941201
Q15398	15.568739975176	15.6711050975153	15.566950983073	15.7575841892056	15.5447814163188	15.7955122148137
Q15404	16.218581255643	16.1241374869579	16.1506644801453	16.1360575746271	16.0767299026743	16.0446773622571
Q15417	16.7741462272606	16.7792956354788	16.7498331293556	16.8265272120189	16.922516701218	16.7501357857946
Q15418	15.290671860312	15.2245493286026	15.2281515154432	15.199148439827	15.2793898736633	15.261440249006
Q15424	15.3789528671958	15.3349412459579	15.3612781007703	15.2466288114951	15.217646424723	15.2721371291348
Q15427	12.4313526050472	12.5484367748169	12.3330617068239	12.5416319823388	12.29744769563	12.2980583078409
Q15428	16.0440264763063	15.9717229234315	15.9453145193622	16.042176276031	15.8244652537572	15.8277357985038
Q15434	14.408950242463	14.5127528333871	14.3866976236169	14.5067146522284	14.5886514914622	14.481709691559
Q15435	15.2949068390984	15.2927796983965	15.185997874027	15.351899944484	15.3547102506867	15.2797566264318
Q15436	16.43630075343	16.4113650886583	16.4676921250747	16.4738266784082	16.4129644616652	16.3803485204905
Q15437	15.8519377447521	15.8271252256812	15.814171739116	16.0687638435904	16.0604073390458	16.0021823157002
Q15438	10.2359518433303	10.1724491009102	10.0451089848524	10.0949391182751	9.52326835672899	10.4558331251016
Q15459	16.9606698947209	16.9177034684408	16.9239226477074	16.9730633233359	16.9408934553358	16.8747966099774
Q15464	10.9995841137936	10.9924485025144	11.2594167628508	10.916152888893	10.5510209137135	11.1292973088611
Q15468	13.2785792948679	13.179401861552	13.1713800254075	13.0852377564194	13.2038214497825	13.2058142261791
Q15477	16.3034782363205	16.1740349289705	16.2031611843869	16.2142939841869	16.2473770917392	16.2656374407148
Q15506	11.4069393189913	11.7727317949733	11.7114935181159	11.5058246094516	11.7925246928339	11.4573735434885
Q15526	12.1172588959134	12.0520727959846	11.9870602437109	11.7645477923665	12.0759136571848	12.0739150770638
Q15527	12.3270148376817	12.5674289623677	12.4972392785742	12.54037514064	12.3178706282499	12.3555232873261
Q15528	14.3190360885869	14.3181032220272	14.3376091349183	14.3300643827099	14.4120788751804	14.2639871361149
Q15532	11.5849022752388	11.5132516437889	11.4900190271677	11.59625194075	11.4878759671647	11.3214386218169
Q15542	12.7835904788294	12.9034764446103	12.7401980139069	12.7478675010961	12.8409678866499	12.7507788039569
Q15545	14.1281408228026	14.1547215646804	14.0589574317257	14.1004734214552	14.1798117744768	14.1381576025217
Q15554	15.4800992018319	15.5129386174156	15.4457821004606	15.5212477689501	15.5064793336609	15.443037048918
Q15555	13.7401737657526	13.5932744558062	13.6132403872382	13.7039610690919	13.7991664068004	13.7050206119769
Q15560	10.7244191248206	11.1860016638374	11.2022110327863	10.8937324574299	10.7053951273039	10.7532492558226
Q15583	11.24245206027	11.1130135035482	11.2378259561051	11.2474466110515	11.1301601379784	11.1559609686869
Q15596	13.3603567658868	13.3559124586737	13.3557610589278	13.2183360611878	13.3691959871322	13.3720629271579
Q15599	13.7697827605293	13.7855745196709	13.7304802872065	13.6912704463247	13.7875097924849	13.6976979935897
Q15628	13.2633208651592	13.3307516639179	13.3764730275494	13.271404165053	13.4962215131651	13.5081057917065
Q15629	13.0630848095428	13.080256631116	13.0719737336348	13.3087435767979	13.2731554717203	13.2169833768382
Q15631	15.8771805572939	15.793840372707	15.7857950565673	15.6219077270527	15.5273507683821	15.6092555927604
Q15633	14.2393475040137	14.3511346646219	14.2332258102811	14.2911728970987	14.2510981930559	14.312089218606
Q15637	15.7221348581377	15.6714658778132	15.5875656765279	15.6330278592909	15.6359621942682	15.5413853210847
Q15642	15.8138246693751	15.7824355865458	15.8510933364993	15.7018310165176	15.6210886571121	15.7407655901486
Q15643	15.1324781717126	15.1718411546244	15.111373124779	15.1710298379526	15.2281375418278	15.2408887772804
Q15645	15.7658709792317	15.7079377852462	15.7579037420517	15.7745787824473	15.7803671290108	15.7164159071488
Q15646	10.8923569506077	11.0030322056987	10.9627595968828	11.3848657449167	11.2835751428103	11.1142730245389
Q15648	14.9127595321092	14.881069683338	14.9164726916193	14.8167888116742	14.847438458542	14.9653928252372
Q15650	14.4258581995062	14.56498346047	14.5164822757337	14.5482789543683	14.5739833871854	14.572966315723
Q15651	12.1359075093084	12.2704446305284	12.2209711675232	12.3257347367839	12.0263157535464	12.4393696963159
Q15652	15.6566890085372	15.7315065797416	15.7416645671805	15.6486558058512	15.6571838213561	15.7946529598498
Q15653	12.6820352031625	12.7507191101538	12.7398828974697	12.6486032490034	12.7124551814036	12.5787165607972
Q15654	15.8657595983228	15.8107639440405	15.7643046430565	15.8924486063835	15.9279742634598	15.786564682677
Q15678	15.4274146406949	15.4650869611823	15.4819991940017	15.4599118721879	15.3859442782937	15.4928293167752
Q15691	15.2037480623413	15.2140703405661	15.1953725379561	15.1632946855237	15.1957164530964	15.1438638338374
Q15697	10.2895834593472	10.8294102783083	10.4071464096101	10.6137596789839	10.2790885727085	10.4237194382019
Q15714	14.3059252823928	14.20046249978	14.1074959667391	14.291607912801	14.3237819108812	14.1739583275162
Q15717	16.6462070224233	16.6031344755746	16.4954734620052	16.591146328326	16.5188824062613	16.4351226010045
Q15723	11.8567889834213	11.4969819676304	11.7808347117834	11.642306308602	11.8354296893346	11.9115218524026
Q15735	10.5117564184199	10.6156685036811	10.5804297623633	10.0300777879545	10.4123084569325	10.7769202980153
Q15738	15.5722352311948	15.4877506162066	15.4422091953681	15.4705650455571	15.3920462863864	15.4915643937127
Q15742	14.8179884989405	14.9605597854349	14.9523218171176	14.8678997186671	14.899877404517	14.8326080109087
Q15746	14.0830164283456	14.2071354066162	14.1639355725838	14.0865427399653	14.1790852955642	14.1306656656494
Q15750	15.3246086352864	15.2899439144762	15.3273821403859	15.308145464816	15.4417849566385	15.2743765938915
Q15751	14.7830592739721	14.7951048470595	14.8609304622767	14.682831990027	14.7735046521861	14.8503062292453
Q15758	15.0725050552502	15.1675097045336	15.2811285454551	15.3558444913794	15.3210863838789	15.2643561817882
Q15759	10.5438997029925	10.50971101065	10.260508214175	10.4938533961015	10.6528018122973	10.5330960451511
Q15768	12.7965734460388	12.7969901958716	12.7457298778073	12.9289605068776	12.6925385779743	12.6413496025024
Q15771	12.0419395763604	12.0289606706892	11.8941325988691	12.0843293836965	11.9656927738174	12.0408578968449
Q15772	8.62734745344403	9.26985965105979	9.08212503371912	8.90920770852258	9.08791994756172	9.38658853174612
Q15773	12.3825412076558	12.2322996229284	12.3016525459309	12.4274824355095	12.3036795705962	12.2357903495739
Q15776	7.86433428035886	8.50592609881167	8.1498627829528	7.34644952735024	8.65192023876486	7.80852837671486
Q15785	15.6097694515881	15.6337237129895	15.5799897195737	15.6985761376922	15.7151111600374	15.5643567696313
Q15788	8.5621752444362	8.89293476125305	8.66950583714324	8.1654007852765	8.64642275509247	7.72026797923264
Q15796	12.7182980775087	12.7905086511324	12.6775273881383	12.7025670007651	12.6726329563682	12.786329313326
Q15797	11.366825134609	11.4706099560492	11.3665440005048	11.4183451044108	11.5478738230515	11.2994955975421
Q15800	12.3282933343959	12.3091662836937	12.295541101552	12.2838546699255	12.4826863080385	12.3754173579421
Q15813	16.7913098853361	16.8221950337176	16.7811871291284	16.8066268061281	16.8122409919121	16.7578910535114
Q15814	15.0302961538127	15.0986136630082	15.0839103961943	15.1454895587977	15.1692832150976	15.0051648369252
Q15819	14.3880503197658	14.3903555184071	14.375764031314	14.3713901875095	14.4040858567687	14.3585479256092
Q15831	12.2387464038574	12.2998206816093	12.2432555178474	12.1390999741017	12.1832007119312	12.4923566659111
Q15833	15.6743007162132	15.7183758656567	15.65181512465	15.671273895894	15.7095300302723	15.6387064674762
Q15836	10.928392135845	10.7106100149576	10.3711231462612	10.5803207316595	10.7661985562347	10.5173838940274
Q15843	14.8049583333289	14.7950325463826	14.6927748258458	14.8641924979124	14.7392245701267	14.6928645383357
Q15853	13.0990734027232	13.1185641315792	13.0478008265393	13.1780927346713	13.0897098929462	13.1453661501029
Q15904	14.227831628897	14.1871399573111	14.1924674613966	14.2033417436001	14.2216727038844	14.1980389846725
Q15906	11.4795797931646	11.8703807824254	11.7139031868149	11.903740133814	11.7331216838319	11.7891456538873
Q15907	16.5646899731828	16.5398635004264	16.3820144142638	16.545211663094	16.5612491912986	16.387119937165
Q15910	12.5457208723844	12.7004127665046	12.5950254738774	12.6806167126263	12.7079421424555	12.6130171506834
Q15911	12.5444349429281	12.8459197483607	12.8535258028186	12.8312905881603	12.9381847812709	13.0539033908573
Q15942	16.4188926100281	16.3656646266669	16.3312190782663	16.5046432353403	16.508192003051	16.3570115478659
Q16134	11.4152485128595	11.6209935411725	11.6405872685242	11.6930125532814	11.682439238277	11.5921133275209
Q16143	13.0314145265696	13.1343769189292	13.046289635433	13.1653525596062	13.2699137575838	13.2847108299439
Q16181	16.3934467024992	16.4040786637589	16.3652786697493	16.4465188566749	16.4404195849808	16.3648888621937
Q16186	14.534178378807	14.3453730485853	14.4349802275737	14.3816112886856	14.3539556871435	14.3411009403555
Q16204	15.7149142242291	15.7698143088982	15.7435149826868	15.7637696058678	15.6474379812273	15.7026557824012
Q16222	15.2861593523796	15.1906498273497	15.1356803043256	15.1148156973768	15.1790874203049	15.1166501093842
Q16254	11.4081553742345	11.2161844443234	11.4902554236509	11.3083041438995	11.344009834543	11.3571595549876
Q16270	12.8309763962032	12.8913143993542	12.7178278384221	13.2335671872023	13.199449611589	13.0236218430568
Q16342	12.1069858395139	12.2392231395374	12.2233846004218	12.35276311553	12.0663666597323	12.1986426491996
Q16363	10.1082357772891	10.4291777993879	10.1336028804191	10.4795824974229	10.5673383699764	10.1443638137912
Q16394	10.903450044076	11.0072208861693	10.90517472953	10.8723989933254	11.1625360261191	11.0073760298013
Q16401	16.2543313014291	16.2372944492644	16.1260646627964	16.3003048129551	16.2194194202623	16.1715868025858
Q16512	13.956628113509	13.9529778621794	14.0367251544332	13.8504238452855	13.9810979438072	13.9202830838707
Q16513	15.1539586247569	15.1672209127679	15.0409141466502	15.1454567070623	15.1772533133144	15.1393885510483
Q16514	12.3402143478292	12.2849746488453	12.2404476130779	12.2822017241973	12.1311913794516	12.3244907319292
Q16526	7.92146872046023	8.4241675160064	8.19371188694018	8.27543689339696	6.34252827757996	7.7064532068028
Q16527	13.801936279848	13.7827502893548	13.7650663566725	13.6189966975055	13.6761179083106	13.6676067100192
Q16531	17.6449059182213	17.5240901651943	17.5264857467649	17.5699571721456	17.5523380610284	17.492440194953
Q16533	8.9663630493908	9.52997969937103	9.58787533879308	8.93416015436686	8.42078638490844	9.67233949215812
Q16537	14.5957920245437	14.6755938661769	14.570802105211	14.6373824327392	14.6713501081916	14.6031508937014
Q16539	15.8297677871191	15.8571435849117	15.8118960653878	15.7505154876969	15.9022729295085	15.8653102143169
Q16540	14.3979472117218	14.3938510649643	14.3091358863352	14.4227690857349	14.3930367652648	14.3282183649613
Q16543	16.8096875419077	16.7608935115592	16.821499712673	16.8732277380599	16.7977502992438	16.686207984435
Q16555	16.5722504781165	16.572450165695	16.5075146467643	16.5495478411155	16.6661855499126	16.5308364271668
Q16560	11.7588204596277	11.6006395489514	11.5219021811155	11.6633921540915	11.0756641091443	11.5266449536053
Q16563	11.7602823866947	12.1242736522403	11.9216817564831	12.1030280772861	11.9680426329528	11.8850999027967
Q16566	15.3610808111453	15.3566716057337	15.3939092214162	15.2711815054262	15.2585509382556	15.3543296308074
Q16576	14.8878968725305	14.8746361027227	14.8259626673151	14.9136702991481	14.9760489990072	14.8661738782915
Q16584	11.0391099399778	11.3224005294836	11.259658723294	11.2593847537126	11.0858240821551	11.1530488041283
Q16594	9.14111995539553	9.74737851510878	9.91441733470165	9.85555054610433	9.73258129945213	9.85621536536985
Q16595	15.2017644192633	15.2198160945158	15.1711471089631	15.2076784003139	15.2663594390291	15.1683950614745
Q16610	12.6465992553918	12.8842237867232	12.7385836372715	12.5124510406589	12.6510483389304	12.5487637286127
Q16611	11.8979324797123	12.0595382733853	11.9130485946405	12.1560237961797	12.1911506912477	12.1859609142488
Q16619	11.0464918435406	10.8957987583804	11.1331597558607	11.1054085577408	11.2799341702364	11.283553475342
Q16623	11.5106785737371	11.5207226826613	11.5289209368867	11.4927199796102	11.5713847422369	11.5288666039887
Q16625	13.4807912011402	13.5674731311588	13.3837483090788	13.5265369696365	13.6859006109366	13.5508138648114
Q16626	10.3661373234937	10.8917279899231	10.1507030617758	10.0813292867402	9.9212986544589	10.4598441118612
Q16629	14.1923943181311	14.2605176639968	13.9443901640914	14.1864347498699	14.089504169737	13.9605452771705
Q16630	15.9919279424286	15.996071030676	16.0185088592072	16.0426778427257	16.0443436887622	15.9192808536963
Q16637	13.612250098759	13.4174159388714	13.5338711631393	13.5719521720853	13.5706830606773	13.5861528712341
Q16643	16.580041704135	16.6029676428581	16.5724408759375	16.5335396403983	16.5193605951669	16.5101651492328
Q16644	14.4876032213669	14.5401207879988	14.5567974803118	14.686312133824	14.6029502426042	14.6397532018762
Q16647	11.8578644584515	11.7222683810931	11.6451583118633	11.5920064382752	11.7019802671208	11.6464351965703
Q16656	13.3623664146271	13.4421940745796	13.448916353436	13.4604281629748	13.3914140157486	13.458548756416
Q16658	16.8410387634152	16.8935857242664	16.8125385434566	16.8554477980973	16.84307690171	16.7674324637848
Q16666	16.1632355686412	16.1272350372188	16.042619395871	16.2114644548304	15.9097622732728	16.2733010245692
Q16667	10.8826839457237	10.8393296717246	10.8856307708452	10.5645012102432	10.306008628133	10.6294461598806
Q16670	11.1248161730956	11.2108216909186	11.2559481405643	11.2144869985122	11.3441008021079	11.4401347862152
Q16698	15.0456466219568	14.9939012529848	15.0303106858471	14.984333898818	14.9852536176978	14.9627605501959
Q16706	15.4866959961652	15.521132279441	15.5153079310369	15.5147436016057	15.4450776723564	15.5739558681722
Q16718	14.6303059070684	14.7060225915482	14.632825404956	14.7057165291177	14.6572326333886	14.5626424482105
Q16740	14.8657425625654	14.7717683854642	14.8046349421947	14.7389274182297	14.9050679003362	14.8412762293778
Q16760	7.88311342723837	8.28144260675303	8.02183363872809	8.07869427329861	8.48789883822488	8.03938135013142
Q16762	14.807836351809	14.8585265316957	14.8384172847822	14.8346193948902	14.828575344236	14.7795656783047
Q16763	14.9557907043911	14.9603266645793	14.9865295351765	14.8967248089848	14.8643017214604	14.8485939479427
Q16773	13.4501903441614	13.4149729244622	13.437153799995	13.5617760150149	13.6558352445123	13.5176244245903
Q16774	13.5413249099902	13.5900772808696	13.5684006019079	13.4515991129724	13.637255747097	13.5442846591906
Q16775	14.5147895196511	14.4665821132167	14.3628906537138	14.5902287331457	14.4390901815399	14.4424458912071
Q16795	15.7574649637394	15.6818095486538	15.7203158838245	15.6657948928856	15.6828269096539	15.698123742048
Q16799	15.0042100969774	14.9480555825867	14.9456997029781	14.6579979600977	14.5640542476218	14.714794135392
Q16822	15.49832417269	15.5716449677683	15.4541816624604	15.550051447362	15.6252209429155	15.5037453029913
Q16825	8.48202603466376	8.30809758150495	7.4977496996123	8.0776696682764	8.23059818812313	8.15195954919251
Q16831	14.2887217534985	14.2267650647128	14.269361165223	14.1798916744699	14.3063653143058	14.253908821681
Q16836	15.4671574933556	15.5364415613385	15.374111303096	15.5134056811376	15.5181044599074	15.5165436802258
Q16850	14.4088056074339	14.3882038983798	14.3138018644134	15.1973214077082	15.2048664267551	15.063022888065
Q16851	17.3447986211372	17.2956814831029	17.2806209648311	17.2672895698684	17.2927452591041	17.2789954291446
Q16854	13.0677480645338	12.9621863780336	13.0658363412294	13.1087023565955	13.1825183324343	13.0464497601448
Q16864	10.5109061857909	10.1583510127032	10.6499008814408	10.7064355161172	10.4259524712636	10.1709066275944
Q16875	12.2907769489547	12.3440080074404	12.2602958883438	12.3575752172747	12.3165783243369	12.3747851363651
Q16877	12.4416947752993	12.5608006081244	12.3259441299905	12.3981107921514	12.5541655230924	12.4138745470138
Q16878	14.1774879921746	14.0732176212946	14.1431660572043	14.3295459949252	14.2321418570056	13.9218392889913
Q16880	13.5528971325146	13.6794066995248	13.6189856864566	13.6292163909374	13.5942116771565	13.4952124065905
Q16881	16.4383188638953	16.4645669315617	16.378743280323	16.4121097891916	16.4172086268424	16.381111058779
Q16891	16.560918403859	16.5533394944814	16.6529409145441	16.5859320859017	16.631487458932	16.5459360496271
Q17R31	11.3849058825754	11.1264072448293	11.1986388698497	11.1925712113714	11.2064673951386	11.2904575288355
Q17R98	7.50400197542541	6.15513341561688	7.46479505064266	5.90463309543161	7.4836844469711	7.41542437624126
Q17RN3	13.2467561376141	13.351279333462	13.3283149326538	13.223017879778	13.3300671598157	13.2570875988349
Q17RS7	8.91413244650599	8.85168212885484	9.14258539185199	8.78241177652836	9.1032410868777	9.28984458912234
Q1ED39	13.2971568618362	13.1339958824971	13.0407201382974	13.1449386203216	13.3021247740659	13.1692127971091
Q1KMD3	16.335281399847	16.3667636286875	16.3057900817426	16.4349363408241	16.3597785735303	16.2946784898525
Q1MSJ5	8.36247761094425	7.90043481734661	7.04316308180556	8.21087590558899	8.41371527814671	7.96561958442328
Q1W6H9	8.67500714667025	8.20168114356883	7.92484452105595	7.90923650626779	8.31131220299726	8.59269963176475
Q24JP5	11.4669958099506	11.2039811860802	11.4338497203853	11.5402240600753	11.7286303495123	11.791220067343
Q27J81	15.4783815332951	15.3914218441911	15.4548401440745	15.5002168063829	15.4842669491455	15.4486760695602
Q29983	12.8389853556713	12.8117052954315	12.7099179460939	12.7607623812924	12.777843678064	12.8341489363781
Q29RF7	17.291846695025	17.273415711079	17.3410934604665	17.2911634012455	17.2488876536243	17.2660611668641
Q2KHR2	11.0297935958391	10.709489682245	11.1821704883217	11.0876731957843	10.8921108317438	10.9633742055291
Q2KHR3	14.8040286747718	14.8986917017341	14.8931253866405	14.9003576216526	14.8137831972143	14.8962575457133
Q2KHT3	12.834543816751	12.8103332147657	12.7511734571305	12.8910428641674	12.8211319687023	12.6539782263622
Q2LD37	11.0340975898192	11.1249274002297	11.3418566265426	11.3015676420565	11.0184712587564	11.3839793422257
Q2M1K9	11.1348779909881	10.8653835269994	10.6963139623476	10.6813356676859	10.8353973342144	10.7233752279912
Q2M1P5	13.6838612600306	13.6295956233886	13.793338904131	13.541238320688	13.5835824920406	13.7437130922721
Q2M1Z3	12.3206668069796	12.5193660333158	12.307429969263	12.4072850128652	12.5870307080208	12.377943477349
Q2M296	14.2010314499892	14.13865748435	14.2247326384257	14.2080065539831	14.0862002937193	14.1984814640852
Q2M2I8	15.7908157392136	15.7979337772255	15.7252658918603	15.8127456804018	15.8128724045722	15.7751396638676
Q2M389	14.7446241158637	14.7169620963854	14.6910561484329	14.6801553174072	14.665148292171	14.6867239965108
Q2M3D2	12.9297538451475	12.9596887767281	13.0521971761438	12.8584935030671	12.918571039674	12.837705335356
Q2M3G4	12.9117822907323	13.0411709948259	13.0572643943023	12.8581392478502	13.0626999372243	12.9199005417316
Q2NKJ3	11.6980004795323	11.9781251940148	11.9769167749476	11.9328327830169	11.9493350475477	11.8816655289501
Q2NKX8	15.8278374334025	15.8791784531395	15.8501575083896	15.83631168654	15.8385346492738	15.7879204421817
Q2NL68	8.3210494339652	7.51156914094417	8.67977392058651	7.44834267590118	8.7215752883549	8.20302611337242
Q2NL82	14.8210308922131	14.8790400574451	14.9137678138216	14.951385732526	14.8975136225396	14.9179257056419
Q2PPJ7	12.1007079163553	12.0879903577861	12.0194030706307	12.0732459173518	12.0804588263252	12.1497035030715
Q2PZI1	13.0802602433854	12.8921414619581	13.0766053439249	12.7787124151739	12.8980175842779	12.9878412461077
Q2QGD7	10.1942808589618	10.4899408511479	10.2978933957029	10.3135794047504	10.2779673920225	10.2416806705533
Q2T9J0	10.2321495083354	10.3277125759608	10.2246578224466	10.214469519033	10.34252827758	10.5826400262239
Q2TAA2	11.8522072399095	11.8779986984422	11.8784280234458	11.7808938247666	11.7547476338911	11.7821447555023
Q2TAA5	13.9008070348312	13.9469515988352	13.9636446533807	14.0083641581405	14.0199224195511	14.0104454280967
Q2TAL8	15.0483747617634	14.9823660032842	14.892402936048	14.8647090940808	14.7988285934509	14.8554769392407
Q2TAY7	16.4708823803976	16.206862513145	16.2631688517225	16.0865883014964	16.1329791068972	16.1806808696238
Q2TAZ0	8.74107910417782	8.66339673322908	8.7473194482504	8.89900601840491	8.9035765800277	8.65833177142279
Q2TB10	10.7713748832502	11.170834878439	10.9367182553244	11.1393792720323	10.8457141128406	11.0458619176227
Q2TBE0	13.8701601976124	13.8321038625209	13.8931572441374	13.8699060610314	13.8855898282516	13.7874802616157
Q2VPB7	13.265970318432	13.2204509773129	13.203562427322	13.2483503863515	13.129685284724	13.1486319442422
Q2VPK5	13.2762802685495	13.0710064336178	13.3097829223513	13.1447200205514	13.0834572909245	13.2009461161088
Q2VYF4	11.1730759761752	11.5970861110936	11.625407892295	11.547772647828	11.6139632754746	11.6967478130323
Q2YD98	9.4419272516852	9.29203071666287	9.05229426658971	8.92350682998605	9.3529125731214	9.18690944931257
Q32M88	11.6783894731039	11.7509049523388	11.8693495543937	11.6060698231672	11.6598228935851	11.5645186687898
Q32MZ4	16.1653418331807	16.2042820450162	16.1776606482069	16.2490463343618	16.2064503692097	16.27971111433
Q32NB8	10.1927135800304	10.1806857408223	10.3917209518544	10.0447018252806	10.1777014248387	10.4856929356301
Q32NC0	11.8016058173923	12.1195083629257	12.1513711160729	11.931546723231	11.6769487122652	12.1729820595358
Q32P28	16.7973857987421	16.833730099034	16.7978956084397	16.848817046086	16.9023386762781	16.7384800364593
Q32P41	16.0111573703615	16.0385691569773	16.0440387203773	15.9910520536455	15.9704619231129	15.9544935268519
Q32P44	14.8821621943634	14.893929196876	14.8271935674521	14.9808716432252	14.9471566277107	14.805337793924
Q3B726	13.9552488512246	14.089147960356	13.9894311189114	14.1239494294569	13.9569853507642	14.0370622414709
Q3B7J2	9.7105090202642	9.98100567606462	9.59629238816042	9.41757598008451	10.164197160489	10.1625176808345
Q3B7T1	10.5834506282532	10.5879705149425	10.4949852627754	10.3946180795803	10.4587898322926	10.4004185980271
Q3KP66	6.7065189113225	6.65921021771979	7.16521586831224	6.30847010695943	7.0897053718723	6.08891647651644
Q3KQU3	15.4011700210287	15.4951997543259	15.466047663736	15.4885743523356	15.1042891329423	15.4583375101878
Q3KQV9	14.1886527593684	14.1659594679469	14.1820482862868	14.2250762286618	14.3549609945343	14.3329120924497
Q3KRA9	12.778482322568	12.9454540731832	12.872146643891	12.6326760798471	12.8163987553672	12.691005775041
Q3L8U1	11.3230565624388	11.5383366506795	11.6006176839796	11.4951921773488	11.4088771957532	11.6804083199961
Q3LXA3	16.8978073814831	16.9709507875219	16.9368552660948	16.9655135185542	16.992626226103	16.9422005073919
Q3MHD2	14.4680381374824	14.4685879142981	14.4423499030031	14.404775444437	14.2355975071005	14.3171819128458
Q3MII6	12.501827822039	12.4140589672573	12.279906800591	12.4034695082736	12.4687274391954	12.7189161804012
Q3MIP1	12.6964898232495	12.7584222612484	12.6102850919131	12.7927080987406	13.0428963881409	12.806101411496
Q3MIT2	10.0840614736452	10.3249167556347	10.3957002094007	10.0150364061823	10.2291760052188	10.2027589723586
Q3MIX3	12.8810249838654	12.9126963242734	13.0468108674778	12.9864142658824	13.0741241734365	12.952703696538
Q3SXM5	12.5622446053305	12.6262094749915	12.5641041122283	12.4558022989081	12.6833722708296	12.6071920227981
Q3SY17	11.9488467517166	11.9621061185485	11.9888376528602	12.0360572976055	12.0377656498061	11.960414425292
Q3T8J9	11.107152243525	11.3101344783321	11.3037259271219	11.6253321023224	11.4297006374052	11.3656711725146
Q3V6T2	15.4385565685203	15.4340193485809	15.4738780427885	15.4250719852169	15.4514277926239	15.4583552852002
Q3YEC7	13.5645590570355	13.5011925136663	13.5476991411162	13.4619983201809	13.6369917667188	13.5279972353291
Q3ZAQ7	12.5021472243514	12.5655407094016	12.3359470698543	12.4650221004383	12.469438792449	12.4079216844219
Q3ZCQ8	14.6681482549712	14.5025169426895	14.5625048719774	14.6552323800223	14.5550919624462	14.4882513853848
Q3ZCW2	12.6867253967929	12.7484871346506	12.8026009218167	12.7109463816882	12.8730791275155	12.9078562890935
Q460N5	16.1409058306479	16.1798467347086	16.1704434651081	16.0573727054766	16.1030813879641	16.018266208778
Q495W5	12.2201399310256	12.3325027425819	12.3048301319592	12.2507003969003	12.0994499791744	12.1084616757297
Q49A26	15.0450304761524	15.0903191514306	15.0418481977273	15.1122021045388	15.0201505636711	15.0342785254576
Q49A88	10.9272786852132	10.6309276661834	10.9333632006241	10.6749643520714	10.9345360592353	10.9505972142153
Q49AR2	13.0548799643761	13.2490249028692	13.1062577320394	12.9921302637884	13.0493439254686	13.0222300477346
Q49B96	14.0701685578529	14.0294951803619	13.9006370875453	13.997451273373	14.2315956143786	14.0946251665022
Q4AC94	8.11854084766912	8.34928119291273	9.12050434154359	8.82418703210177	8.19549029346517	8.38443089304539
Q4ADV7	12.9267669813935	13.0888180442224	12.9632289165678	13.0676430611054	12.9672045399603	13.2168262949647
Q4AE62	9.55275750560509	9.94072957041923	9.52359373082009	10.1085471723905	9.86999497344782	9.65020755951334
Q4G0F5	12.7660275037425	12.8738217607521	12.8545458946064	12.5826022586276	12.8005573825278	12.7996738747745
Q4G0I0	11.108743997351	11.1804226386589	10.8750384740808	11.2049467449144	11.0300273132455	11.0094012764512
Q4G0J3	16.2407509787672	16.331924883211	16.1424829913522	16.2794072063431	16.299256487293	16.33764143054
Q4G0N4	14.8412784167446	14.7382864016028	14.8126803278623	14.7873120848333	14.8349433872774	14.7660197537434
Q4G0X4	11.6677942726962	11.604997351834	11.728648239155	11.4848190052543	11.7562599367949	11.6280292792937
Q4G148	14.3101484829691	14.4059512846179	14.2663834200092	14.4428089562408	14.5275941501676	14.4016192925614
Q4G176	15.2736532957088	15.1850276102324	15.1993485496904	15.1195694827752	15.2042954891805	15.1843829807237
Q4J6C6	14.5813987544294	14.6543673041217	14.7284670382394	14.5794874139815	14.7124395219356	14.7103627672576
Q4KMP7	14.1457826122237	14.1481055726187	14.1628608230612	14.2262036385437	14.0873857004609	14.0937700316059
Q4KMQ1	10.4449899265375	10.2291418344793	10.6239875334262	10.4373812402845	10.5385943109133	10.4419419979364
Q4KMQ2	14.2891801717463	14.2449917552233	14.3008577715207	14.3111601114357	14.3609142994749	14.3052285358292
Q4LDG9	14.1852616151496	14.1648789380185	14.2186432427595	14.2311617214065	14.3145770892482	14.2619732246933
Q4LE39	14.6555943537408	14.810569069227	14.7608965697891	14.6481730194392	14.6384513032438	14.7750591841659
Q4V328	15.7509551861044	15.7446018770146	15.7848822589441	15.7537080198122	15.8658849953184	15.8252521580559
Q4VC05	13.0912234873182	13.0810595453734	13.0872164189042	13.0258856363926	13.0958229688815	13.0560138419889
Q4VC31	14.1583252106554	14.1152401788155	14.1084268128337	14.0987951572666	14.0912161286723	14.0054867409475
Q4VC44	9.17729365639662	9.4710087776197	9.30830314873304	9.38481396953793	9.40416826670692	9.17606410569321
Q4VCS5	12.3152715672518	12.3045952682617	12.2786231979594	12.169217552534	12.3757924685261	12.3276410431224
Q4W5G0	12.8184725192228	12.9147674276488	12.5889090236085	12.8514573881351	12.920129581672	12.7014629259747
Q504Q3	13.2467453484605	13.35503279731	13.1677840620509	13.376094430346	13.3210398484815	13.3641353671143
Q52LA3	12.2721977841416	12.3773675866302	12.1456348732359	12.3313605452906	12.2904887570861	12.2805769172677
Q52LJ0	15.0416504363753	15.111981314611	14.8631056309418	15.0324234044725	15.0254919400704	14.9392653023021
Q52LR7	12.7799689554588	12.8721916965246	12.8316279420728	12.5785811860372	12.7563225985598	12.8742760141557
Q52LW3	15.1155691879375	15.1052702094797	15.1898666168495	15.0535785733188	15.2133657947205	15.0889910839302
Q53EL6	15.3361506287975	15.2780728406929	15.2490155004971	15.4229219493748	15.3758301644511	15.3416062375463
Q53EP0	13.8952368895145	13.9245001099878	13.9208545318889	14.144989825969	14.2578804913839	14.1511117819685
Q53ET0	13.4926419289135	13.5604961288225	13.4380184018229	13.5869429973614	13.6114609101692	13.5799148633038
Q53EU6	10.9348611155219	11.2301900320534	11.0385206980758	11.0204320614738	11.1605803113024	11.0983009696637
Q53EZ4	15.3658981015394	15.4813217205662	15.4864772481735	15.4023618890642	15.2814754495327	15.4575992166582
Q53F19	15.1187019941197	15.1720069835654	15.1513754892188	15.176473002515	15.2394283787433	15.1953281058662
Q53FA7	15.4709335662244	15.4419983504131	15.4885359503177	15.5036653435383	15.5088137246314	15.433421115652
Q53FT3	8.60652592396063	9.02494194936075	8.98473098277708	9.3215428629096	9.29458969853287	9.00963037061536
Q53GG5	14.6727697099326	14.4953255160566	14.5095973788462	14.5201212129764	14.3968372105767	14.404386178569
Q53GL0	9.32091279311943	9.66697396055377	9.90087547041906	9.84904995217067	9.96546283346494	9.89495469640481
Q53GL7	14.4759716690361	14.4822243189259	14.4693736221396	14.3419215116713	14.3576238132873	14.3833342874566
Q53GQ0	14.6209292767729	14.5503891234526	14.4556127581295	14.5681919690852	14.5697368696206	14.472654468287
Q53GS7	13.9570864757181	13.9206066521328	13.9122070187957	13.8633640726983	13.9151240628071	13.9878364010582
Q53GS9	16.4022262791087	16.4297858226051	16.4814766858456	16.5030364018484	16.4049133781493	16.3626340457161
Q53GT1	13.1995021497122	13.2719271240174	13.0691313848622	13.067970398643	13.1603937777412	13.1590164441525
Q53H12	14.4693980484634	14.59750733847	14.5469591424532	14.5029559609987	14.4947341636694	14.5646764353061
Q53H47	12.8884642709358	13.0964160037651	13.0321388390362	12.9640420809976	12.8943468174221	13.0511377146051
Q53H82	14.8763218769633	14.8860567707143	14.8816797494939	14.8918040888779	14.7931180552788	14.9052583348321
Q53H96	15.058117602742	15.1087542757445	15.054563724487	15.110757755592	15.1928262249122	15.0459689569201
Q53HC9	11.5852663809821	11.6865052734721	11.3680172589375	11.4816706673614	11.5256052832699	11.5186230365175
Q53HL2	11.9006961852698	12.0088734434915	11.7817677939685	12.0000731719043	11.5558365041255	12.0167586292458
Q53LP3	15.13034959588	15.1712515611147	15.1206388544134	15.1005417961367	15.1127088711188	15.1773076391688
Q53QV2	11.9826330592383	12.1493692348575	12.1647968442702	12.1800736828059	12.0487626395545	12.0677337856751
Q53R41	13.2341625837519	13.1735263961726	13.1098546904868	13.0562253579129	13.2912294124592	12.9948687923723
Q53S08	11.859427013871	11.5738902067776	11.2536567617178	11.6824271196477	11.9012600721763	11.6320442991416
Q53S33	13.031393649866	12.9776119311793	13.0651865572731	13.0216296554213	13.0165367466794	12.9912142937258
Q53SF7	13.2992373649382	13.3043626560104	13.2326134020893	13.2927369604195	13.3005617895948	13.2947473584307
Q53T59	14.6900485219416	14.6429012005524	14.6406270329136	14.7064417305811	14.7317346119979	14.6357802222325
Q53TN4	10.6985475048274	11.1132421249279	11.1990143320525	11.4244128597281	11.1572075065219	11.3187293345589
Q53TQ3	11.2770305833451	11.3127307247064	11.0749261954581	11.2050112597333	11.0096538581382	11.1858511028558
Q562E7	14.2150404487615	14.1167316652196	14.2010648773279	14.1813322684631	14.2873934250444	14.1326756569623
Q567U6	15.6835962663418	15.6603778600965	15.7360685529035	15.7296840500573	15.6263304131804	15.7106421757738
Q56NI9	13.0909670961556	12.962546557482	12.9137818758118	12.9657045632834	12.8671948952567	12.9753077491947
Q56P03	12.205522685734	12.3624822712592	12.4015683714979	12.386986937197	12.1617047411402	12.2074268134015
Q56VL3	15.8057137740586	15.7379727489339	15.8229047766087	15.7410381218162	15.5724536107596	15.6623137956966
Q587I9	12.9966679481017	13.0290925348091	12.8076096711257	13.0616718567857	13.1250501973167	13.1091433484976
Q58A45	11.394020791525	11.626864263721	11.3874066692108	11.5396753883673	11.7691713567143	11.5786179083836
Q58EX2	12.0475409651985	12.3068958142671	12.0480741761915	12.35343528981	12.2905412053734	12.2418188178307
Q58EX7	11.5363860069887	11.9173843821933	11.6943812270815	11.8012603906034	11.9284820224001	11.7503656983881
Q58FF8	11.0241730960187	11.2629304351858	11.2378738829884	11.2841461697399	11.1286118923245	11.0537213373901
Q58WW2	12.4803079835482	12.2320612481822	12.2897157746457	12.2374718359118	12.3485637959613	12.3747036188899
Q5BJD5	11.7660249944655	11.9138297193481	11.8667213801059	12.0239171433457	11.6246245424518	11.9255724054025
Q5BJF2	10.2551150163333	10.2027937099062	10.5636739976637	10.5904403326208	10.665750922532	10.4214253490032
Q5BJF6	13.5692458763227	13.6497299086295	13.7997357644653	13.705035543948	13.551151163967	13.6444387634393
Q5BJH7	12.4073351320209	12.3724462681171	12.5507298607576	12.525671989995	12.5555999685533	12.4490520996186
Q5BKU9	10.5074401996705	10.8234224516506	10.6964011579622	10.3601661983524	10.8338146427771	10.8365345938146
Q5BKY9	10.9270004126658	10.8538325744767	11.2301852576947	11.0400342967726	11.2381233182222	10.9445322097272
Q5BKZ1	13.6492123271476	13.6865922599511	13.7460216057079	13.7433819473755	13.5583360852572	13.7347227847936
Q5C9Z4	11.8921684288362	11.77451001684	11.7757971666119	11.8343914575117	11.6293556817366	12.2375789888355
Q5D0E6	12.0384702210022	12.0076369158459	11.9811172956091	11.945690386852	12.0753536354746	11.8955815193768
Q5D1E8	7.01828625294181	5.69823107166685	6.94641428774082	6.69964994624823	6.56342821374744	6.39305776398522
Q5DJT8	14.7591003568724	14.8128421799903	14.7614504251722	14.812327076698	14.8229997021024	14.8019683820411
Q5EBL4	12.9902014851787	12.9670830832272	12.9184410274651	12.8642649160701	12.7158648944072	12.9678680242163
Q5EBL8	14.848103811329	14.7824934589641	14.8484723693144	14.6870062115082	14.7294566137431	14.6630505274073
Q5EG05	7.67786942586202	8.2448897270917	8.5907115007935	7.96099615790177	8.65547588614948	7.79895793315062
Q5F1R6	13.1712391730531	13.4625020900265	13.2331980133329	13.4773832621289	13.2437956941684	13.5487921922767
Q5GLZ8	14.6444865492259	14.6500080169541	14.5543989902565	14.660000083485	14.6896331288888	14.6275981389597
Q5H8A4	10.0111393742602	9.95009539872784	9.90223690315944	9.77737200880465	9.86985457200341	9.67250026678562
Q5H943	11.4038656614616	11.6074864009704	11.3642078027273	11.6513777876763	11.743442678145	11.7241122171525
Q5H9R7	15.5330504417074	15.6631140179537	15.5370393758557	15.6211868244857	15.4703266228911	15.992297246182
Q5HYC2	10.7593247397688	10.5368536128751	10.6959651271791	10.6040964628736	10.7663267880833	10.8355298315327
Q5HYI7	14.0734541279677	14.2337677000489	14.1329970924233	14.0179846476953	14.0806180728096	14.0581642800055
Q5HYI8	13.7508534404623	13.7749622985161	13.6234098263433	13.7670576169946	13.6552213289037	13.6831447847632
Q5HYJ3	11.418032342025	11.4370583225222	11.128746854496	11.2428378133874	11.3008833743692	11.2860774167213
Q5HYK3	13.7233107217496	13.8634441265088	13.8221293006761	13.6147897760488	13.7005412041395	13.5861656722904
Q5HYK7	13.0132655942975	13.0500546206419	13.0028957995614	13.132135365418	13.1241940805155	13.1233316460694
Q5I7T1	10.9061941023517	10.7910803651338	11.1361134947962	11.0341769196492	10.8102294044365	10.9648846404232
Q5J8M3	13.6972585080839	13.7877109240163	13.7024049637271	13.8339895176024	13.801013993356	13.6786785067862
Q5JPH6	15.5801883484747	15.5419636009027	15.6819099002002	15.6021112139965	15.5449446581205	15.631039006038
Q5JPI3	13.3485849519977	13.4476889276675	13.4215518121447	13.4419047169772	13.3120667911772	13.3441534116961
Q5JPI9	10.441851858043	10.177345275258	9.93185309864447	10.4199023370888	10.1232623660468	10.2468292180956
Q5JRA6	15.780415528721	15.7867205822639	15.7463059046613	15.819580101119	15.8082846117545	15.825609807472
Q5JRX3	15.7372895615712	15.7613518582602	15.7208118639281	15.7847693470896	15.8066203055321	15.7180229580582
Q5JS54	12.271533332083	12.0368867076518	12.1595946045697	12.203133285205	12.3039913681436	12.0064420577895
Q5JSH3	13.6891191781637	13.742437844432	13.7199891565628	13.7293415618098	13.5775642119265	13.7300708909506
Q5JSZ5	14.8789427943935	14.9005093778587	14.8780864477185	14.8408945965082	14.9368144501153	14.9443116822942
Q5JTC6	10.0449043198948	10.4486417844234	10.5554965900224	10.485746236848	10.4412367188739	10.7745855731224
Q5JTD0	14.0926378271138	14.0748929947862	13.9835033087315	14.1212521256072	14.1411988159775	14.2338619537359
Q5JTH9	16.2773919513983	16.2639888242863	16.176019141112	16.4327259973366	16.2711327459161	16.4674826122655
Q5JTJ3	13.5114900261839	13.6492083109785	13.5403986030797	13.6287092917312	13.7343271693106	13.5206304687168
Q5JTV8	15.2780629491318	15.2050091740363	15.2110266456312	15.1786009198805	15.2083057078378	15.1038482150066
Q5JTW2	13.4796455901728	13.5320797667013	13.5107109905418	13.5603807475017	13.4317292133872	13.4912326090338
Q5JTZ9	15.6811209745904	15.7012131664587	15.6712539689387	15.6796431277485	15.7762796390751	15.6882414579861
Q5JUX0	9.3163689541873	9.34905282081644	9.15494789286971	9.20579693598006	9.28063141527748	9.76683599284438
Q5JVF3	15.0529510206318	15.0826232572995	15.2118351046274	15.1769588477695	15.1800531450706	15.1372332463445
Q5JVS0	11.7109157672485	11.507650999559	11.6298980139469	11.6943078839679	11.7942901775016	11.6655424579377
Q5JWF2	15.2708880259254	15.2466216923162	15.2685091750688	15.2892268408437	15.2828483421279	15.1685899212167
Q5K651	15.6316743512883	15.5910779137279	15.5896638502914	15.5501431270387	15.6074381812167	15.5994203038368
Q5M775	15.0595356331772	15.1388768402183	15.123130596679	14.9909597924956	14.8104360847064	15.1675526582591
Q5MIZ7	14.7388728638137	14.7635736732623	14.6913914075187	14.547384127819	14.7002199561097	14.8428601631227
Q5MNZ6	12.8579021302949	12.6991389070065	12.7430288583447	12.8357670643541	12.9365953611709	12.7572530812984
Q5NDL2	13.8481049965808	13.6978639217317	13.82067509631	13.7211250395192	13.7122838967345	13.7228765770851
Q5PRF9	12.8777914312836	13.0368654403085	13.0049653869651	12.9991856430325	12.9521212199243	12.9180727574122
Q5PSV4	11.2332317266814	11.2467235980402	11.1607989750143	11.0903198162544	10.9929455533568	10.9005863228986
Q5QJ74	13.7048744832642	13.6816075038796	13.7429043335182	13.7071903775877	13.6202336517504	13.7529727526817
Q5QJE6	14.867131457805	14.9795933541244	14.8671305325639	15.0435478370392	14.9071799283889	15.0228997114392
Q5QP82	12.0150720043887	11.8966115355346	12.0759888777303	11.986881658188	12.0686377725483	12.2240193351875
Q5R372	12.9868959906412	12.9357405386466	12.9547996292449	13.0148105910814	12.9580506536517	12.8254218435959
Q5R3F8	12.5437990123838	12.4181032699805	12.3191961835609	12.3743170605621	12.6294697186953	12.3712682904761
Q5R3I4	12.7075545796311	12.6207594443383	12.7243358844998	12.673097912564	12.7782495596993	12.6585955697969
Q5RI15	13.680029726949	13.7193471497827	13.7248435755805	13.8370136404969	13.8079713694694	13.6631637984659
Q5RIA9	9.80775225214252	9.90513369774853	9.64026956720799	9.88743125886924	10.0697475415467	9.85754525998358
Q5RKV6	14.287409435651	14.2377482708109	14.1660692927299	14.2843772455959	14.2368106116405	14.1991184240189
Q5RL73	9.4346714356824	9.50321943004258	9.75597967249984	9.39422719173004	8.7305414552275	8.90056573429336
Q5SGD2	8.1800383443874	8.42034672517327	8.52502802650848	7.89144562075375	8.54120635490893	7.97394028186275
Q5SNT2	13.6515178100503	13.3848560892403	13.5523482216093	13.3598712247037	13.4680296479123	13.2550452389244
Q5SQI0	13.657653674008	13.6991389070065	13.5682874494024	13.6633462674725	13.7404451272232	13.610679223672
Q5SRE5	15.6860782590011	15.6390413126975	15.6668567169822	15.6316982220219	15.6466417356553	15.6454109619512
Q5SSJ5	16.2788785060884	16.4260857950984	16.1774857471906	16.5118645889168	16.2194323337201	16.3940857087371
Q5ST30	15.0385242342169	15.0637515673968	15.0524854475332	14.9774135053368	15.0202434716487	15.0856974586731
Q5SVZ6	9.57012996830929	9.16494380885828	8.85794294962941	9.44067244743233	9.59631881439337	9.48680874447984
Q5SW79	15.4661624092992	15.4747270046685	15.6125376519395	15.4888872083904	15.5360065630047	15.4993900043578
Q5SW96	10.299755722264	10.3065694894949	10.6179330572111	10.190048944144	10.5705729196624	10.2754258917927
Q5SWX8	13.2936623678767	13.4583807224382	13.4907658073467	13.3907534132522	13.4406448488237	13.4627764943365
Q5SXM8	11.402103573226	11.4943255686423	11.5824598988926	11.3481606385099	11.4372057845976	11.0041220449583
Q5SY16	14.8114273396183	14.7298444569396	14.7052669992657	14.7626558302913	14.8213656810976	14.7930576900874
Q5SYE7	11.5997332418087	11.4906087259816	11.4013758246039	11.5315371026145	11.4081087494662	11.5438002843605
Q5T011	9.29924256677286	9.23629658864029	9.18940629162888	9.37779677471868	9.45130258854833	9.29693247275666
Q5T0D9	9.16872445475259	9.26403311201914	8.68568906656343	9.04394134583106	9.07762281351589	9.04371324758812
Q5T0F9	15.3680554585997	15.4122146264422	15.3765879854706	15.3616191165848	15.4180379595494	15.4883033300976
Q5T0N5	15.5014744385077	15.5171727283134	15.5230404460097	15.4968648069989	15.5132391937243	15.4211766035297
Q5T160	12.9191054460667	12.6575278699838	12.7911819279406	12.6604374940625	12.473819661815	12.6890601842742
Q5T1C6	12.8426115783762	12.8902769611494	12.9514060384954	12.8938779930944	12.9132654984809	12.952558064046
Q5T1M5	15.9109961627919	15.875184606924	15.8599126869258	15.9477194164402	15.9566170602513	15.935655827909
Q5T1V6	13.4707603737732	13.554119370541	13.5006137130059	13.3944380785947	13.5803362540713	13.5192556176105
Q5T200	15.2418775126009	15.2815218886565	15.3017392351381	15.2862629810129	15.2493217350898	15.2531746754506
Q5T280	12.7868440986851	12.8653116698952	12.672514161354	12.5697038310904	12.539592034525	12.7789190212903
Q5T2D3	8.04089466794038	7.21833022779239	7.90512191658321	7.83168188518916	8.46647985458997	8.3782540030571
Q5T2E6	12.7733809809425	12.6075770913275	12.7621076896763	12.5792442251629	12.5499215272204	12.6429155220045
Q5T2T1	13.1296003868587	13.1957800173023	13.2651700243456	13.0589633457301	13.1193995685186	13.1083383758889
Q5T3F8	12.7197912636263	12.7079233152699	12.7657271701577	12.8345184624064	12.6021940267572	12.8033785748238
Q5T3I0	12.8567055688107	12.9794057084868	13.0259749641633	12.9543495102837	12.8877036738721	13.0041412075209
Q5T440	15.0274723495571	15.0777233205447	15.0279931092097	14.9774375398463	15.1027572887237	14.9516417315918
Q5T447	13.2775798622236	13.4081027202906	13.3867773242188	13.3858568850908	13.3690879628252	13.3625269266119
Q5T4F4	8.84800306136461	9.33302245581292	9.52494947187936	9.19128102459669	8.7316853594654	8.71390836419048
Q5T4S7	16.3008159109353	16.3005471781151	16.3029119290287	16.338772423343	16.2927208753881	16.3189864349987
Q5T5C0	11.766110307437	11.7996457111472	11.7619077296338	11.6476800925571	11.7688815050913	11.717718927076
Q5T5P2	15.4353890371157	15.3465994313475	15.4248857888401	15.235980775367	15.3673326764489	15.3157081037169
Q5T5U3	14.5270170002453	14.4976955246428	14.583171540654	14.5294151292333	14.6268009657801	14.5601084163667
Q5T5X7	13.8163767512791	13.9476983651857	13.8523572830232	13.8618397166545	13.9483505531669	13.8017763937569
Q5T5Y3	13.4053356480896	13.3890260143015	13.5786699679	13.4189229428551	13.4041306980542	13.7399102502864
Q5T653	14.4299310761072	14.5363961187932	14.412531801307	14.5777598850008	14.4578566328653	14.4403324865316
Q5T6F2	15.6629565940755	15.6093271336244	15.7712004784282	15.5695213410374	15.4501999130603	15.6379260637755
Q5T6S3	11.375969794307	11.5114620061465	11.6514129141119	11.4422654855966	11.637823759803	11.6508523284876
Q5T6V5	15.2397649630482	15.1700226453034	15.2119997916645	15.0987797694055	15.1576838114365	15.1044129034091
Q5T7V8	12.9191192116605	13.0958853110105	12.9551093983725	13.1158805537484	13.2171408829934	13.1897737836897
Q5T7W0	13.3798955734726	13.3503683192443	13.4237140950445	13.306624331578	13.3424157080876	13.4143192419857
Q5T7W7	10.7764957665002	10.4499733964882	10.7340269899631	10.6185495104853	10.751436315673	10.741565349758
Q5T8D3	12.789594290413	12.8119476574356	12.8547900624568	12.4534196109349	12.6147908482682	12.5871243618985
Q5T8I9	9.16869408446322	9.32475417620256	9.38279772705146	8.78618008229072	9.48936183243405	9.73202466244214
Q5T8P6	15.6846615907695	15.777474780192	15.7196864858893	15.7504773132017	15.7068038129732	15.7881186882942
Q5T9A4	12.7639835067228	12.6736734056881	12.6350840128679	12.5841971834075	12.8172254135102	12.6921183467313
Q5T9L3	14.7220882951591	14.7434834793619	14.7045638084642	14.6530806875437	14.5489270874788	14.6470433036017
Q5TA45	13.7126535791379	13.6371580510551	13.733481093463	13.4485371301441	13.5507242494984	13.5558317194171
Q5TA50	11.0502717101762	10.91064545557	10.9403379790108	10.7947788384699	11.2249065141945	11.0771673695087
Q5TAQ9	10.55315308009	10.9061508093049	10.725113914978	10.0240002564207	10.4638590531379	10.491135764785
Q5TAT6	10.7116559610574	11.0109211439833	10.9037934124125	11.2904613982958	11.3957771176354	11.2408244041493
Q5TAX3	15.5063947976764	15.5358463072831	15.5025675862656	15.555387754803	15.5157943194098	15.5253322952
Q5TBB1	13.9011669514829	14.0864217527383	14.0068764565181	14.0126794984514	14.0193710870924	14.0702955106551
Q5TC12	12.4559446110574	12.5009034557661	12.577757907077	12.5801262962324	12.495983867696	12.5274406976559
Q5TC82	8.26607183170665	8.59336001858133	8.62009500492811	8.17391143410475	8.21644538746926	8.37691284171509
Q5TC84	12.6857592900193	12.8527134541	12.862231973572	12.9291522375295	12.8510227947852	12.9649502756472
Q5TCQ9	14.4103965182193	14.4123625200748	14.4666833077443	14.4427393238409	14.4601287561712	14.3974957664146
Q5TCZ1	12.1922206548011	12.2282015302712	12.3175899957298	12.159117891848	12.1727161530167	12.3929153153839
Q5TDH0	14.536821391924	14.5706815643464	14.5757560957047	14.5987400249852	14.632062662099	14.5253203337021
Q5TEA3	10.4810235772817	10.3851846699911	10.1854109006881	10.3007062119953	10.4080604058274	10.3094753785401
Q5TEU4	12.3641826538777	12.5376053428309	12.4395181628351	12.3698509536076	12.4901612803212	12.3773271569729
Q5TFE4	14.8467389404986	14.7913272671175	14.8864612381041	14.8540038819156	14.9542578134116	14.7873025743002
Q5TGL8	12.4305992741839	12.6546248856434	12.55527545418	12.4975524102608	12.7390891024205	12.659899648288
Q5TGY3	13.1186231918239	13.1877348674395	13.0766137180107	13.1507508399386	13.0781743596628	13.2624379149682
Q5TGZ0	12.1996266342561	11.9162903866169	12.174591533587	11.7545287176333	12.1547202594909	12.1151604546222
Q5TH69	10.9585144887063	11.0923150745105	11.2531470718128	11.4101114160711	11.5745585535889	11.2066498879462
Q5THJ4	13.1125118630606	13.3015182218975	13.2428779636441	13.0798892598647	12.9877194533974	13.228128248124
Q5TKA1	12.8303645687799	13.0293045612977	12.9285034005533	12.9239861422119	12.7712513092024	13.0466854502903
Q5TZA2	12.8032764468359	12.8532570202627	12.4327738052262	12.8649035239667	12.8002373005643	12.6493317630121
Q5U5Q3	11.3747526215537	11.379281101708	11.269977948566	11.538004840162	11.5400818143648	11.2990478999582
Q5U5X0	11.874890382002	11.9306693349045	11.7466290950492	12.0141664056674	12.005809582866	11.765144631775
Q5UCC4	14.5496677134581	14.4593450594265	14.5152415117068	14.6331539994207	14.2687827590202	14.3997517204084
Q5UIP0	16.3404422790101	16.3335405390222	16.3172485920738	16.2412622862614	16.2669226677583	16.2572326532914
Q5VIR6	15.0833769437528	15.0750819998464	15.0693716874769	15.0020782438324	15.0044192951675	15.0800813598359
Q5VSL9	14.9894005389778	15.01668700921	14.9693383200727	14.9830579024017	15.0592501486776	14.9247488606137
Q5VST6	12.8518857311193	13.0264458191698	12.9060948734049	13.0293327438772	13.0568239036128	13.0180750550975
Q5VSY0	11.250516632846	11.5156343791844	11.5480168747746	11.3557246823546	11.3847057264378	11.6056857529403
Q5VT06	10.9412221050854	10.8251064757191	10.8789006193501	11.0515216380977	10.9340123803461	10.9082932356293
Q5VT25	14.7818982484762	14.7344399277482	14.7897763742733	14.6625825212099	14.6714835292311	14.702854782913
Q5VT52	15.0027959629021	14.9051974823982	14.9187274045375	14.9133607909181	14.9460048756718	14.8855715338293
Q5VT79	11.8842096913313	11.6512553683946	11.8202980632377	11.3538426760981	11.7457933986376	11.4974477873511
Q5VTB9	13.567255766234	13.7188954196848	13.5722413282904	13.6919014629846	13.7738254672551	13.5902774620904
Q5VTE0	16.9268984136293	16.8288137003393	16.8221041643871	16.8508460662471	16.8757087278225	16.804148962074
Q5VTL8	14.8088776235565	14.7792193599172	14.7926574849816	14.706592940952	14.7106218692405	14.6417448342792
Q5VTR2	16.3276975802875	16.3840217705634	16.362409378223	16.2639708095759	16.2931024578485	16.3507254563326
Q5VTU8	12.0504447856147	11.6713234602933	12.0006325903307	11.6465102003314	11.6255354227703	11.7749262892499
Q5VU43	12.965111107206	12.9614489427397	12.9471399692075	12.9735253775026	13.0322982894941	12.8870686340371
Q5VU92	11.0720642817628	11.1597383918126	11.0554724974431	11.4272662694127	11.163641752537	11.3268011217943
Q5VU97	11.0998520683132	11.2472322528042	11.2460996657379	11.0713265610531	11.0320677452284	11.2692415472957
Q5VUA4	14.7317109923305	14.7210478758106	14.7719583022501	14.7232032691664	14.7538548973275	14.7047764675185
Q5VUB5	13.9469653929566	13.8445717396917	13.8232736429855	13.8324129083386	13.895743843617	13.8637558111112
Q5VV41	12.8898812157133	12.8018625608725	12.851949300536	12.6680309015887	12.9909006365154	12.8886351130866
Q5VV42	14.9014473957065	14.9161367178083	14.9684301237722	14.8767696943651	14.8453116026757	14.9038780049691
Q5VV67	13.5143728274893	13.4973426542741	13.1285303784308	13.4269595596072	13.050875847761	13.3948995476016
Q5VVQ6	10.9558946509195	11.1946509061972	11.1173816801108	10.9345917293561	10.7104141036235	10.9813245045002
Q5VW32	15.5510601766751	15.5875519381588	15.5339184328046	15.6724952001243	15.711731977093	15.4758099984344
Q5VW36	13.6188036243388	13.5103263984828	13.6681893873186	13.5729898234461	13.6698947660599	13.5742930971892
Q5VW38	12.7801232746061	12.8697242369279	12.7520483155821	13.0751659321332	13.0449498033245	12.9245839264875
Q5VWG9	11.5611228618442	11.8161710562382	11.6619887218508	11.8168372643523	11.7800269857377	12.0327713525851
Q5VWJ9	13.2227641548976	13.1523039394525	13.1675167550775	13.153685947779	12.9220267282109	13.1474150056733
Q5VWN6	14.6628999957625	14.6697162219344	14.6395736430087	14.6604524642045	14.6508021922087	14.7638106748599
Q5VWQ0	13.5706499102688	13.6172659462237	13.7151054376851	13.6674851263802	13.5495720447048	13.6865524607626
Q5VWQ8	13.1793074404712	13.3586128919203	13.166110376629	13.0972102718014	13.291626587921	13.2004638358756
Q5VWZ2	10.1055111369591	9.77203352030716	10.1482445045544	9.74138163601395	10.1744878263674	10.2920855309811
Q5VXU3	10.1161647971871	10.1799155503738	9.98712796072937	10.258266030633	9.90645416049053	10.1637190924578
Q5VYK3	17.1266490496441	17.1011865465336	17.1263237822776	17.1493101510572	17.1855791866027	17.1178133863237
Q5VYS8	13.9620356352336	14.2002132667231	14.136869458186	14.0950973553674	14.0402677996092	14.238517951945
Q5VYV7	12.956163007327	13.1638324927863	13.2125653789666	13.107385111774	13.1404700847655	13.0068597104547
Q5VZ89	13.894285583923	13.8013514429331	13.7466238319421	13.8507612570815	13.8979788573402	13.7232277849699
Q5VZE5	15.5804063250433	15.5423519442092	15.5805944633227	15.5521014350549	15.5188114722493	15.509065437441
Q5VZF2	13.0009706950679	12.93272814953	13.0538808543949	13.1026409172949	13.1148304943879	13.0180276086888
Q5VZK9	14.4034602652126	14.4398027504698	14.5485899473294	14.4679288525279	14.5260914812537	14.4529714033238
Q5VZL5	14.7660456958707	14.7423672027995	14.5803004214308	14.6820110746391	14.5742187592089	14.5849143654709
Q5W0V3	11.5239991373827	11.4122703018061	11.672549620386	11.4853792789315	11.7288858259937	11.6704248976186
Q5W0Z9	11.4943529362999	11.5107526751381	11.5750336723866	11.5377487356281	11.0814958878514	11.4926298604913
Q5W111	13.7697727494871	13.7115052110205	13.883910977521	14.0340308403713	14.0945821480884	13.997623254459
Q5XG87	9.87543012123709	9.49360259441472	9.60903967499006	9.43636243718918	9.44217187468133	9.36993053023602
Q5XKK7	8.97246516563511	8.88460790211206	9.24852200818191	9.17393540451408	9.12878791303045	8.82027224000758
Q5XKP0	12.397309885025	12.6054419692446	12.529087401511	12.4592607937338	12.6827409914785	12.5015326750191
Q5XPI4	12.9478118102739	12.93890219816	12.9699457209756	12.9815077542363	12.9788237899171	12.9187167269239
Q5XUX0	7.93816983577466	8.08129672360749	8.40748733122584	7.52521405679816	7.93757367305714	8.44022449240288
Q5XUX1	12.6609554389883	12.7577342295015	12.6401471814165	12.5247207353598	12.6667614821346	12.6276147236629
Q5ZPR3	15.0707832045036	15.1124750074859	14.9055849071325	15.1343293743398	15.1074298272146	14.9979700994799
Q63HK5	8.43487347966297	8.80964668477632	8.75885489994197	8.14157494061199	8.66298240820188	8.96144117022527
Q63HN8	16.1632205638652	16.2103361781003	16.2761249414641	16.2250397176544	16.2044673856899	16.2526145790004
Q63HQ0	11.7131195924007	11.6384504294928	11.7121189530447	11.9769211389697	12.0001794432439	11.9845557999726
Q63HR2	11.8431064390962	11.9379344978255	11.8748612752568	11.8910191691016	12.0910610590183	11.9101283308434
Q63ZY3	14.7247845302931	14.7571045004248	14.7685239614918	14.6235703882839	14.7377370912711	14.5084660854712
Q641Q2	11.982006682326	12.2140542742063	12.0872214065421	12.1986721098021	12.205299437116	12.1219842731452
Q643R3	13.0034525455021	13.0064916404317	12.9451985032875	12.8710098397005	12.9955812810902	13.0057371940202
Q658P3	15.6951344137107	15.7218222501399	15.6457684675527	15.7070226647239	15.6814028550187	15.7289620950448
Q658Y4	14.8279873775723	14.900545560964	14.7988066207215	14.8231724475275	14.8385328556505	14.877095988899
Q659A1	12.8625799128374	12.8590202991649	13.0999286227705	13.0084112065256	13.1579364588129	12.9645071799259
Q659C4	8.59187823285729	8.12628731396205	7.18225143174146	8.78282048536951	7.1053416359516	9.05011255870014
Q66GS9	13.1318570708307	13.4276781626031	13.2841322839333	13.2178841903329	13.2859921016654	13.3628744119658
Q66K14	15.1983144545299	15.2042968397388	15.197173016668	15.1777263270121	15.1989331112042	15.0650848420593
Q66K64	9.47324926749523	9.31119581172306	9.00125740030832	9.23990402335404	9.23701337696887	9.28667620447896
Q66K74	15.9844002973038	16.009622482377	15.9880823434382	16.0427280923544	16.0351719021255	15.9705396324736
Q66K79	6.90991621188686	6.12416422057397	6.7571505147709	7.14812976609736	6.89184258465889	6.81267732940535
Q66K89	8.98824534067847	9.49725506723657	9.186727375684	8.7011144086496	9.57318811666565	9.44324292076735
Q66LE6	10.7796411278093	10.6006491409879	11.0566684746918	10.8214505573587	10.4960816595667	10.7101307828237
Q66PJ3	14.3372880707028	14.4734884418681	14.4292237200813	14.4869502653023	14.4320816923841	14.4146112238577
Q674X7	7.68170536282248	7.69669550330615	7.90988239573625	8.22223283576761	8.1690321905642	7.75372042429168
Q676U5	14.4740467122355	14.3805840000468	14.3933980143561	14.4096865361458	14.4632525470663	14.3864874644843
Q684P5	11.9594057309485	12.2592041855274	12.3117165992456	12.4289444763378	12.4098480424491	12.267598189617
Q68BL7	8.61319192732619	8.66468188688633	8.4101267457109	8.05337955913205	8.65840515110204	8.9085594350467
Q68CP9	14.8001612977517	14.8697481165452	14.8268963952674	14.8847500189541	14.8659270132567	14.7510818949
Q68CQ4	16.107231971979	16.0765890547141	16.0236808113	16.1119255100525	16.0802094944421	16.1057576179966
Q68CQ7	13.122991300119	13.0694227085361	13.1954558288262	13.3768248103125	13.3866537794145	13.4592280311523
Q68CR1	9.30126639058131	9.72789118069953	9.61600757798073	9.4974015667322	9.32557208251999	9.49002329881331
Q68CZ1	10.1581779903399	9.79240956493049	9.62681153470116	9.37103804065048	9.42730789434559	10.0597938291426
Q68CZ2	15.4371803775647	15.4404118378091	15.4586165114136	15.5038632097156	15.613167729663	15.5230812312916
Q68CZ6	14.6523563038283	14.7963941244687	14.6620076975057	14.6654773872396	14.7503942483019	14.7296720929969
Q68D06	7.10888287720534	5.73795557918244	6.52079570055655	5.66952737254265	6.21689584187391	6.14901386861461
Q68D10	10.8974973086761	11.1548538531749	11.1318708296239	10.8765289891062	10.6914009349784	11.0177903532368
Q68D91	12.1474536955614	11.9450688247237	12.0561079838016	11.9923358694568	12.1593688478113	12.3523806564817
Q68DH5	10.254070564855	10.0322145475257	10.3094209599889	10.1179845509509	10.7380460555502	10.5687054864556
Q68DK2	14.7847693398389	14.8263189874876	14.781093733426	14.7070107584399	14.6519753528955	14.8223839174335
Q68DK7	12.9710182483032	12.9969615327971	13.0168968332507	13.0188365018358	12.9964336013013	13.0995211696898
Q68DQ2	14.5863069890922	14.4613748060615	14.454658121817	14.404871826125	14.4655231633104	14.5508209706751
Q68E01	14.2918309003285	14.2560675030821	14.263183200335	14.2203176807641	14.2037908163287	14.2647317980017
Q68EM7	14.5875946262265	14.7477299227943	14.7226319434699	14.7674826122503	14.7348538912684	14.5940142324194
Q69YH5	13.536027009773	13.5623306604165	13.4028046055216	13.7861938029133	13.4417788760913	13.661975020708
Q69YL0	12.8233520429665	12.844494788288	12.7302034989246	12.8339478004431	12.8424085997117	12.7708886891938
Q69YN2	15.532428759795	15.5188081056901	15.4772249314593	15.4886165120633	15.5448012041877	15.4590439711339
Q69YN4	14.2007539378641	14.2382570165695	14.2752311493526	14.2735855312786	14.2157205562568	14.274826386445
Q69YQ0	15.3238525386278	15.4259709360354	15.3936951481969	15.4164242152436	15.4434664543065	15.364000050835
Q6AHZ1	9.96585628570382	10.0046569441293	9.74721844158465	9.57169520115877	9.69308424877375	9.6470693815185
Q6AI08	14.8976536418005	14.7999052502397	14.8127265807534	14.810729011165	14.8467658209574	14.8298338847207
Q6AI12	9.53606821071252	9.95749958896539	9.96258560176216	10.1146916080379	9.8542270404702	9.51074510952043
Q6AWC2	12.6260175476857	12.7094718921698	12.5502812667993	12.5364442253944	12.6293473877879	12.6399587579128
Q6AZY7	12.2339213081029	12.4165539304091	12.4165189886426	12.1254096895973	12.0955528265642	12.0982351452307
Q6AZZ1	12.9321666225054	12.8735558345952	12.9279762320253	12.8391380033853	12.706124709184	12.7542825852971
Q6BDS2	12.6436851213628	12.8174220499946	12.8470287806199	12.7784562572812	12.9757479439223	12.8331892531085
Q6DD87	12.8151440209188	12.886749193846	12.8373506306942	13.1149756710259	12.9201211066718	12.9802761014492
Q6DD88	16.4326077440759	16.423447482067	16.3203441348452	16.3946712720011	16.3906764240352	16.2997343561598
Q6DHV7	12.942239575364	13.0031791602069	12.9953940289309	12.9850863186906	12.9244892949338	12.9547691014992
Q6DKI1	13.9351534981348	13.8573342766018	13.8074381217367	13.7827242134231	13.9189366595908	13.8678290153855
Q6DKJ4	14.6313572412876	14.5609109197859	14.4224442618779	14.4864635872214	14.5287445815106	14.3369437773471
Q6DKK2	11.5327389152532	11.4612004868265	11.8115698133822	11.4421609963808	11.6317506370188	11.4944452897362
Q6DN90	10.0649666063598	9.79399426539352	9.66236372381301	9.71983777194185	9.61290664473073	9.68230572809795
Q6DT37	12.5111966384941	12.6392514499604	12.5495646742297	12.6985881137891	12.7484076143175	12.6896361937014
Q6EEV4	10.7400370856355	10.9028172886378	10.7646048545755	11.0632612040554	10.8886169513597	10.5511592786072
Q6EMB2	8.33670446764162	7.74872953165774	8.10574244453718	7.86133744185946	7.99179120895601	7.5864675309461
Q6EMK4	13.7742769524617	13.7550466887285	13.8580978799473	13.6164035506516	13.7696464744663	13.7028557667781
Q6F5E8	7.89277988543371	8.20733620434187	7.29884702340421	7.64646701272225	7.70470256819267	7.95914973527819
Q6FI81	14.4318037821339	14.4391630948687	14.3515719459821	14.4658826023371	14.5221040561485	14.3186054221053
Q6FIF0	13.7845284423623	13.8299534888426	13.7867415732513	13.7607534040449	13.7494697186852	13.7864880873989
Q6GMV2	14.6814333208008	14.7450903780535	14.6434298684285	14.8610564637662	14.7623703998755	14.705681117723
Q6GMV3	15.0970929825013	15.1076059767769	15.0832899591625	15.1578125745409	15.1152895340595	15.0831663620888
Q6GQQ9	12.2239118953414	12.3245102726967	12.4797766325513	12.2405021313124	12.2628364409257	12.3175938214341
Q6GYQ0	10.8909585444489	11.1744675645526	10.8310244401947	11.0572896656281	10.6803151892479	11.0197820874236
Q6I9Y2	13.1035028015618	13.1523382951578	13.1996849967188	13.1153860588674	13.100534810781	13.0103190249604
Q6IA69	13.5400077606006	13.5185113233597	13.5265810567597	13.445962266025	13.4874665138441	13.3769523054377
Q6IA86	15.2981927166193	15.3394316351588	15.3465747525478	15.3039205777211	15.3226991111372	15.3414514123103
Q6IAA8	15.6061706491322	15.6661079847418	15.6477989551496	15.8395663730792	15.8582462511233	15.6894450436553
Q6IAN0	10.1795410685836	10.2174297627423	10.1479002270105	9.78104333132834	10.2228137448795	10.1589074313854
Q6IBS0	15.1223754721607	15.1659752686444	15.161620673071	15.2563496859136	15.1824529737765	15.08369197804
Q6IBW4	13.9361038901592	14.0150375352043	13.91592800292	13.9019422397015	13.8847458539339	13.8117114627805
Q6IC98	11.9617869916845	11.9115813690057	12.0789782889739	11.862765676146	11.8063830457071	12.0045371768388
Q6ICG6	11.1563335959543	11.2091240399779	11.3104923331241	11.0954960358812	11.3810603376785	11.2100264693695
Q6ICH7	13.0616115404673	12.6577053670551	12.8371806046108	12.4874976573162	12.6613568726933	12.6232733964061
Q6ICL3	10.8268156553826	10.9291958609282	10.8388187431744	11.0270953003026	11.2451764839126	10.9637026954872
Q6IE81	14.1322727496315	14.0023180839954	14.0761430189761	14.001900606247	13.9757357121682	14.1041004151749
Q6IN84	14.2892325531296	14.1860528064605	14.2162416227422	14.3166393874554	14.3592724948611	14.2815772516974
Q6IN85	14.953079401149	14.8338032914224	14.9171125784685	14.88044523658	14.9340963160366	14.8680071477137
Q6IPR3	12.8441479468426	12.8215986145616	13.0728925145077	12.7834588612273	12.7579508498817	12.9061909243821
Q6IQ22	11.9579083050822	12.299161793291	12.2517652622738	12.1074494337932	12.2093498703816	12.2568463674457
Q6IQ23	8.06106148859844	6.62753476082911	7.94535809902744	7.14226116800822	7.69598573275838	7.79612749972567
Q6IQ26	9.67271751070232	9.91122563873442	9.46774049608657	10.0013232385261	9.6841050873433	9.58645046641671
Q6IQ32	11.6640288472603	11.6066460507691	11.5273042521207	11.5314014645991	11.445378913033	11.5837517322468
Q6IQ49	13.513564489901	13.5977470406523	13.559537161941	13.4811585945063	13.4871999636264	13.582184406902
Q6JQN1	13.3346925643493	13.3624964133179	13.3214056630336	13.363848289273	13.2501067475426	13.3404775282702
Q6KC79	15.8553122561021	15.899375164378	15.9157779902351	15.8209184730101	15.8130917135718	15.9928751323614
Q6L8Q7	15.0768303494654	15.0746215263917	15.0728664876371	15.00403755657	15.0676862992538	15.0482583159948
Q6MZP7	14.6263119903392	14.6603744089688	14.6266575675326	14.6264793290569	14.7033455069565	14.6290506504896
Q6MZQ0	9.26831276862396	8.77701622291594	8.56328200383327	8.88311248880987	8.72964424716998	8.87063708410626
Q6N021	7.2938503470685	7.96008883314749	7.44134547632162	6.64259214601447	7.16706812805642	7.47349092796653
Q6N043	11.6568094578386	11.8667800375539	11.7403629467471	11.7194354576207	11.8055024362802	11.9151407597918
Q6N069	8.5099116161932	8.93279672611006	8.26189935460645	8.47072146519289	8.73572812391834	8.09672035376716
Q6N075	10.9189070715333	10.7764898560918	11.1095911634658	11.222557333794	11.0239201920803	11.0082679981469
Q6NSJ0	11.8481547762782	11.8357034632282	11.8352872167808	11.7315703549081	11.9514728657169	11.9721683078578
Q6NSJ2	10.663759511865	10.9726693654821	10.4537989245113	10.7098039703277	10.4595364239599	10.6475438150315
Q6NSJ5	12.5827669945138	12.543255820207	12.4146387378528	12.357609512918	12.4916676063566	12.481409185289
Q6NSZ9	9.93174165772159	10.4273293749956	10.3762376413333	10.287916474068	10.3326393251629	10.3980871261722
Q6NT76	11.9671490545901	12.0809289088244	12.1208941994166	12.0897964705886	12.1358929255435	12.0838797325701
Q6NTF9	13.1379837347006	13.1206626996988	13.0921772385091	13.1839054415157	12.9424986985422	13.084511194251
Q6NUK1	15.8014264792281	15.836132795906	15.5724762096237	15.7102508166631	15.600624617859	15.8085944388639
Q6NUK4	12.9621659642926	12.977285046365	13.0157372943809	12.8761330958006	12.9447016547187	12.9284344970839
Q6NUM9	14.4222212868979	14.4262168822656	14.3018130243262	14.5978899234881	14.5763423722498	14.5073973269111
Q6NUQ1	14.9907335918642	15.0314386801904	15.1359085693197	15.1012172899248	14.8981113852186	14.9630185308243
Q6NUQ4	16.0124818492187	16.0144800911782	15.9436688368096	16.1928314761601	16.1332601893039	16.1543061515484
Q6NUS6	9.79961654842569	10.0730793592751	10.0774726409868	10.0505885158472	9.97437081262249	9.8527291895916
Q6NVV7	8.52232443675651	8.24336688627858	8.41958040321386	8.59300624095987	9.1744309846068	8.91629187205971
Q6NVY1	14.5529276740997	14.4630100038995	14.4991349325993	14.4505303224071	14.455597297713	14.4444567640501
Q6NW29	7.29685468783291	7.34200119804616	7.38039003534842	7.56070047228281	7.69699908372213	6.72287851769503
Q6NW34	14.2861510411016	14.2922957625808	14.2251263030396	14.3574307709062	14.0218113299731	14.2374567360984
Q6NWY9	13.8146916344381	13.9742064822221	13.9372975790582	14.0046424788824	14.0306381759012	13.9773670970749
Q6NXE6	14.3685785947558	14.3723760424498	14.4307536111845	14.2616026830716	14.3980973419009	14.4011627825361
Q6NXR4	13.42255562294	13.2931603497706	13.4476633397268	13.3525500185453	13.3661844196528	13.1076919934844
Q6NXT1	12.575053709848	12.7455665141401	12.732310011729	12.4644024171017	12.1661479817615	12.6894793035784
Q6NY19	11.1624393854843	11.071958948303	11.1312452854692	11.1271749089808	10.8570488347515	10.9232806635962
Q6NYC1	13.4703523271443	13.4439981699681	13.3829805799367	13.3764316748896	13.4931803368475	13.4908839393096
Q6NYC8	15.6198748253668	15.6637253021814	15.5301665076039	15.5160375290382	15.4610587399932	15.5419403562364
Q6NZ36	9.67485746843613	9.54933159276143	9.70104976572305	9.46853432050128	9.78449544280523	9.76704680310019
Q6NZ67	11.8945484318957	11.8172734738456	11.8592676026072	11.9373902941629	12.0780300359993	11.8696943648844
Q6NZI2	15.7230658668843	15.8971856741252	15.7846469848184	15.8826870038259	15.8492502110552	15.8667386822383
Q6NZY4	14.721917551379	14.7348147126254	14.7470306135145	14.6390118455571	14.7050533161682	14.6839579346012
Q6P087	12.8546870678342	12.8036344245998	12.8064568709346	12.8857601840514	12.9068716178663	12.7932342079778
Q6P0N0	7.74009840168208	7.95187106065889	8.23535556674625	7.54499520673232	7.63443918487061	7.88083087747126
Q6P0Q8	8.9676553644598	9.43911428133311	8.86773218744004	8.76220997954536	9.42304643203276	9.44024337720533
Q6P158	13.5476139010362	13.6167384047052	13.6173471636177	13.6643650336841	13.5662643496641	13.6683556077705
Q6P161	11.1736435864595	11.3229006374072	11.233974623763	11.4566720105019	11.269376311178	11.3959953116416
Q6P1A2	13.2106648037507	13.1306865765189	12.9105214533263	13.0733182049922	12.783860333686	12.8630340023223
Q6P1J9	14.9364584535563	14.9866700805812	14.9845091859227	14.9586013947024	14.9955776616761	15.0057854451106
Q6P1K2	12.686207550663	12.8195293575007	12.6199502096792	12.678525279455	12.7862633353463	12.7320478023945
Q6P1K8	12.9426348178564	13.067971672081	13.3967603880308	13.1824570652354	13.2077510578068	13.1387657532669
Q6P1L5	11.1219015416981	11.1345789930652	10.8273105279896	10.6084484874133	11.0177744362083	11.0518624606433
Q6P1L8	15.0532985648319	15.1223799477814	15.0528043099308	15.1424832029562	15.1632236240545	15.0860999554642
Q6P1M0	15.216205230151	15.2686112537026	15.2606241692222	15.262481961889	15.3228266923745	15.2115361647106
Q6P1N0	14.4783499146502	14.503120525117	14.4889132336318	14.4464307989081	14.5540530214775	14.5531270629756
Q6P1N9	15.1300747198659	15.0701888112621	15.1363497256952	15.1840936385513	15.1546406630099	15.073228347093
Q6P1Q0	11.1289195708017	11.2426786244727	11.233013187572	11.0697106512779	11.1968341272391	11.2497953416849
Q6P1Q9	13.3900405100202	13.3925164693004	13.3430100181666	13.4943765803833	13.4394071622334	13.337755640498
Q6P1R3	11.7762615809589	11.5945742218522	11.7182210267494	11.757023016054	11.8927549741135	11.7903276942804
Q6P1R4	11.9590194472343	11.9777891936634	11.893912108508	11.7495794190398	11.7696793976221	11.9813796625093
Q6P1X5	13.6169878850544	13.7791102364773	13.7136738165993	13.5355525198352	13.4752335477471	13.6878418621476
Q6P1X6	14.5212886535994	14.417939973435	14.3891346050728	14.4721050250458	14.3971124636323	14.3478985996458
Q6P2C8	13.0073191234461	13.1329135215811	13.077494400424	13.0316989982526	13.0884917047738	13.1588643977623
Q6P2E9	15.8430319531875	15.8406325843487	15.7891561270406	15.8319833584456	15.876225332023	15.8160170764046
Q6P2H3	11.667987657692	11.7808647456755	11.7534507581201	11.7619947262958	11.6998848147288	11.8356411075256
Q6P2I3	12.3799431230188	12.3302774089913	12.4542372886476	12.2581812435247	12.2211362402826	12.4091282135377
Q6P2P2	14.479313514162	14.4593034038661	14.4351846698196	14.3987256354004	14.4840198731073	14.443741061501
Q6P2Q9	16.6230812529766	16.6127510410159	16.6450458271684	16.6123795435279	16.6122998329716	16.5780128446108
Q6P3W7	15.262627856842	15.1982883707824	15.2924817723057	15.2158682999989	15.2039972314591	15.2941032598772
Q6P3X3	12.9511439669531	12.7731084674744	13.0541802717822	12.9508459308875	12.9345796905636	13.0073983357324
Q6P4A7	11.9926525921667	12.0012167182811	11.9878049561548	11.9362884772047	12.1517495246578	11.9872564926286
Q6P4E1	12.6507800757784	12.6873636118131	12.6065989680454	12.7534684363298	12.8153111789275	12.7696564155823
Q6P4F2	11.7637045553479	11.9587049887827	11.7608991754392	11.8476681753539	11.878603507493	11.7704005628171
Q6P4F7	12.8016743639755	12.8717704792336	12.7994232411154	12.8916187168643	12.8622648819443	12.9757638266178
Q6P4I2	11.5816268845755	11.8189358288401	11.8839856273502	11.938618251939	11.6659935214016	11.8415479354789
Q6P4Q7	13.3654965499261	13.253749203012	13.3783588121588	13.2377441926313	13.3038666572109	13.2695126012019
Q6P4R8	14.187817006198	14.2184053974572	14.3457185321434	14.1613622584063	14.2174414016617	14.277933040285
Q6P582	11.7363533456759	11.789406621869	11.8022011063981	11.735286851095	11.6500164887638	11.7434873659987
Q6P587	14.2630648598081	14.1856731890922	14.090464704859	14.2465280230888	14.3182430447913	14.1323198631154
Q6P597	12.8959364847967	12.9656128367593	12.9484657771649	12.9464728745774	12.9655186794915	12.8468805223708
Q6P5R6	14.2149249161623	14.2102403132134	14.0790978369928	14.2854772974447	14.2853560021568	14.1631986035867
Q6P5Z2	10.1989873756991	10.4311101660801	10.5960306815558	10.2723280453587	9.75877945156729	10.6193818968109
Q6P6B7	7.98693689858411	7.99833630250445	8.38238588456995	8.08161041171699	7.92308601174829	8.30398570417262
Q6P6C2	13.6754560882213	13.6548316106373	13.7081114762387	13.5900496631923	13.7052849696813	13.6826080841815
Q6P996	14.8281802687944	14.8791033256956	14.8521078110343	15.0829190779253	15.1834739970411	14.9765054589378
Q6P9B6	14.136330467229	14.2013767767748	14.1463718226063	14.1472044498185	14.2041617854678	14.2237437111528
Q6P9B9	13.6457349065075	13.6500844873456	13.7320399542224	13.5717065725216	13.6696155191188	13.6990037175012
Q6PCB5	14.7847049393116	14.8431885197074	14.9314151325457	14.8125657438082	14.7746450040199	14.8487678018455
Q6PCB7	15.0709873514858	15.1287745040307	15.0727208124514	15.1561747152622	15.2538559613391	15.2021319706628
Q6PCB8	9.7716148624649	9.27055918636005	9.54410739197151	9.68398069778348	9.67167482843695	9.8777663507904
Q6PCD5	12.5471905223325	12.63920242067	12.8970376416861	12.4263560056837	12.8011833445012	13.1098425081055
Q6PCE3	15.1547571049558	15.1677661080266	15.0924969735532	15.2026531291133	15.1748455228039	15.1240166173649
Q6PCT2	9.95386937052901	9.44187956468123	9.64300467228119	9.48744461519589	9.90337081877214	9.53699528305282
Q6PD62	14.8444408840092	14.8352143878073	14.8586234472147	14.9903831329324	14.8579184543092	14.8570550924265
Q6PD74	15.0439246824524	14.9630237034203	14.9849299907679	14.9364695225353	14.8833720377231	14.8571607422548
Q6PFW1	10.378256615989	10.5985373551408	10.6555449119481	10.642306308602	10.769724548157	10.4568042470931
Q6PGP7	16.5595956869872	16.4714289624817	16.5528088152083	16.4817407152059	16.5374826480668	16.5104890957039
Q6PI48	15.5770552681896	15.5612541261464	15.5485377220091	15.4819792759755	15.460145659722	15.3928037126897
Q6PI78	13.9878731580283	13.9420777633032	14.047557330893	13.9266915354928	13.8801509141554	13.8825431309161
Q6PI98	9.74460819840568	10.1806857408223	9.8714440182414	9.80321817508633	10.2236929679072	9.97886296043179
Q6PID6	10.0138299442225	10.2804609453452	10.1198283382321	9.82143525520137	9.77117613712245	10.4006127173816
Q6PII3	10.0709751644171	10.0475094526784	10.958890504723	10.5751388986607	10.445416600499	10.5494445131022
Q6PII5	12.9948404730804	13.0132830409754	13.1309807986349	12.9315449510079	13.1285722847058	12.9970015315981
Q6PIU2	13.6446708010306	13.6945086249648	13.7463732858299	13.7657938075333	13.761408105527	13.7667964624918
Q6PJ69	13.8098690966458	13.8923452150112	13.8444186094963	13.9799850719983	13.9225099324309	13.9303794643812
Q6PJF5	12.1854745810159	12.2840790099781	12.1452516448885	12.2105137144211	12.3070719409916	12.0165243314444
Q6PJG2	16.0059691775475	16.0695606717049	16.0293944418927	16.0163226688903	16.0862269194349	16.0586800545944
Q6PJG6	15.5635401739873	15.5696256403594	15.5492931446766	15.4908320780937	15.5326643882835	15.4671450974192
Q6PJG9	7.77865645144296	7.16057798726031	7.34344995844834	7.44230528902156	6.95578532388548	7.6308285552758
Q6PJI9	11.3504119190149	11.3430508208732	11.5630190214521	11.5123467736621	11.4399226984721	11.3265406213197
Q6PJT7	16.200581974218	16.2592964717682	16.2002002814366	16.2034281642607	16.2211720107296	16.1958927099503
Q6PJW8	11.3878897140063	11.4741220905849	11.5791204622197	11.0204853830432	11.3763534798767	11.4825787428527
Q6PK04	13.883453496995	13.9278269689274	13.9669355216579	13.9380185180861	13.631106710288	13.7518186589504
Q6PK18	12.1034114471277	12.2848851099753	12.19846033715	12.0731912976212	12.1574836027923	12.0768029912341
Q6PKC3	11.7710748530856	11.8069721193917	11.7744679159916	11.9065919171107	12.0247717024417	11.8736118945114
Q6PKG0	16.4792660684916	16.5450223615458	16.5297909919525	16.6327109618877	16.5225759455436	16.5831889045189
Q6PL18	16.5147273595069	16.5620477476768	16.5065488443702	16.4573171800136	16.4815718504063	16.5205153430961
Q6PL24	12.1395147336317	11.9831190406049	12.1227997375423	12.046293600357	12.0215048465154	12.0672539107513
Q6PML9	12.6750076812075	12.5207150788374	12.8026446638917	12.7214454793974	12.7813936092452	12.8403892533716
Q6Q0C0	12.9332888222811	12.9263324102774	12.6901752435786	12.896368015578	12.8715560186582	12.8243043989961
Q6QNY0	13.8471446234169	13.8970587583946	13.9204160131124	14.004477372054	13.9957839537888	13.9462644657075
Q6QNY1	11.6735845760732	11.7587618559582	11.7645133681592	11.7022907260676	11.6147301059037	11.6445432607534
Q6R327	14.9500526936017	15.0625642580008	14.9386167939355	15.0004271858321	15.0807014806202	15.0601325749692
Q6RFH5	14.6140139549476	14.6827751755052	14.6222978916579	14.6908040701055	14.6863984728921	14.7031218776572
Q6RW13	11.1486475173517	11.2275277342609	11.1055192055566	11.376453807875	11.3675151069877	11.0309542376981
Q6SJ93	14.9827140363994	15.0952710350232	15.0571638183017	14.9708503856987	14.97883436811	15.0135604267071
Q6SPF0	12.4368466556405	12.5923693488953	12.5084766991821	12.5376604854435	12.5940746332144	12.3700941008215
Q6STE5	9.67023546701221	10.0905061464323	10.0556696301119	9.96486663458423	9.87166470272126	10.0356114890889
Q6T4R5	10.9926440141168	10.865080105988	10.8091446345474	10.9082909199001	10.7685464092165	10.6883050650223
Q6UB35	17.2175777866494	17.1723445338354	17.1548973286849	17.2951036419095	17.26973003064	17.1564665631596
Q6ULP2	14.6109059169476	14.8065698828784	14.746163235708	14.7484123769085	14.772385462309	14.7434577128892
Q6UN15	15.5734896037027	15.5799377233632	15.4961862775546	15.5843978340521	15.6352210251019	15.6096300648822
Q6UUV7	11.928099725175	12.001910504172	11.9346795485498	11.8909280306062	11.9180771784554	11.8800305497668
Q6UUV9	9.69823193862474	9.79627425245308	9.78744369881922	10.3922196519852	10.0125311520131	9.93379467510025
Q6UVJ0	11.4602065277895	11.4804745938408	11.6419366059617	11.3561578305217	11.7439024035854	11.4890742893785
Q6UVK1	15.2496975633467	15.1451010616899	15.1745985753813	15.1206597513335	15.2827115730561	15.1617974270079
Q6UVY6	13.7816730055281	13.8480808140493	13.8499576296923	13.7803969976116	13.4799821292557	13.6370484414166
Q6UW02	13.4282956942648	13.192523681872	13.1717798952337	13.2224950474226	13.2655978975036	13.270767554636
Q6UW63	12.5709833577537	12.640091693068	12.6490947165755	12.5526272540521	12.5036709768474	12.5030092673644
Q6UW68	13.4199632871218	13.4295585400034	13.3110362633018	13.1900519071378	13.2519260098605	13.3036873170924
Q6UW78	12.238804264991	12.2068290378086	12.1522136957226	12.279976286957	12.4893389845552	12.2450195862463
Q6UWB1	10.1974847464492	10.4212051132915	10.3452083792326	10.3019680044872	10.5879016119709	10.6065653026481
Q6UWE0	14.9564192191159	14.8855911653797	14.7686146755934	14.9447928984276	14.9632523055942	14.8503430922686
Q6UWP2	13.568373328689	13.5648088074113	13.5104794102643	13.6490566303274	13.599430364362	13.5342653019367
Q6UWP7	14.8712972536423	14.940571378148	14.9393966006039	14.9078959018834	14.9153234779265	14.87540824471
Q6UWU4	11.2508107376085	10.9902462660954	11.1405872699162	11.2157973562559	11.4539603278993	11.0418538678315
Q6UWZ7	11.7214407846823	11.6933802110956	11.8047997480794	11.8252595671272	11.7788123678258	11.5329012490904
Q6UX04	13.912943116132	14.0276012332827	13.8568755246055	14.0489745194731	13.9263064616051	13.895675347182
Q6UX07	13.0314395782152	13.1858562170936	13.1762665120144	13.1704315022699	13.2617480332211	13.252196128724
Q6UX15	9.36412297823874	9.36614890432175	9.44053362271789	9.16689498203461	9.53923010836596	9.46714712477115
Q6UX53	13.0117828600161	13.0382330011007	13.1179091035004	13.0541578707783	13.1373867249929	13.0765144598179
Q6UX71	11.7022187738889	11.8705597884457	11.6944816360038	11.810113194514	11.8652206853125	12.0321011662614
Q6UXD5	10.9790785456484	11.0497314504317	10.9116259793781	11.3853833965336	11.4685118785806	11.1037599159018
Q6UXH1	13.2482909713398	13.2177252897935	13.2028142300186	13.2149297413618	13.3656069921856	13.4225967461528
Q6UXH8	10.6602319669284	10.7528526934013	10.7796459050543	10.65206198522	10.7107041831904	10.837108429666
Q6UXK5	11.8045112924231	11.6805869296285	11.935041703266	12.0103422265117	12.2328516633622	11.9730790414795
Q6UXN9	15.4561001499786	15.5090464928779	15.4530395302749	15.4809430579659	15.4283686146513	15.3725386332606
Q6UXT9	11.3299984993243	11.4348810749468	11.2090722705415	11.532850728198	11.3758938127117	11.2609578631869
Q6UXV4	14.6070247026892	14.5111616036628	14.4790874970353	14.6008070910416	14.5717947980499	14.5580991917654
Q6UY14	8.98435095947826	8.46254695195728	8.86382445954352	8.17970069021748	8.2302919902448	8.39409545802693
Q6V0I7	11.5365684139676	11.3787666044479	11.7575141187843	11.5408236404925	11.7173872765271	11.4804131674652
Q6V1X1	9.07253427304239	8.6848730223809	9.17483562906768	9.10852209054798	8.4175625697968	8.51607649661085
Q6VMQ6	12.9356198485112	12.9899423716283	12.8104604575507	12.914337227621	12.96526899813	12.8640532320965
Q6VN20	13.1943088306179	13.2370017856966	13.1651040354556	13.271471376301	13.1258132133974	13.1175331266001
Q6VY07	15.5720843903595	15.5603805454599	15.5640178307757	15.4630117535685	15.4941567841604	15.474654271353
Q6W2J9	11.3880201565959	11.3554790899759	11.2146839782665	11.5993297223092	11.3260020074674	11.3161281512461
Q6WCQ1	15.5716837942158	15.463276587118	15.5586700084202	15.5550852553883	15.5695574175691	15.4294918473407
Q6WKZ4	14.3523850720659	14.4566329558948	14.4202761140674	14.337656780397	14.4898341312724	14.4158691940268
Q6XE24	13.6547753582645	13.453190820618	13.7751801668446	13.5189292298659	13.4316757098904	13.5990360352851
Q6XUX3	10.3587952805861	10.694189521706	10.8818939706713	10.3967044514175	10.7305027939711	10.6690557727945
Q6XZF7	16.0162895264034	16.0507957506093	16.0270259912734	16.1023788171107	16.0614331676234	16.0947886345827
Q6Y2X3	10.7940949597502	10.4781270087763	10.7396057919202	10.6670157861097	10.4993799557967	10.4988990996806
Q6Y7W6	15.8886990846057	15.9123546347169	15.9528892077057	15.9349886997143	15.9556381444453	15.9480888598743
Q6YHK3	16.2772238230768	16.3948693517437	16.3359738304909	16.4185433278114	16.3954257138251	16.264938062024
Q6YHU6	15.4201482668335	15.4561936953171	15.4519991402305	15.4159240766492	15.4988392439015	15.4720874189846
Q6YN16	15.497405465508	15.4518349262915	15.4023396385253	15.4167532717083	15.3698631993904	15.3665660975383
Q6YP21	13.9792950072672	14.0188843653561	13.913919676063	13.8556349850136	13.9606357972162	14.0405651996676
Q6ZMI0	15.5279158762657	15.6196318779941	15.5481080743627	15.5449161450075	15.6059550796266	15.6040022245965
Q6ZMK1	13.454992347339	13.2049673745395	13.2436747409242	13.0596802749055	13.1575813742189	13.0957495723148
Q6ZMZ3	12.822099918103	12.9070062581523	12.9918282998125	13.024168130229	12.8786732854931	12.9002431411123
Q6ZN04	11.9147935166658	12.0892727276251	12.2157063721222	11.9741604335653	12.2149041674539	12.090756519647
Q6ZN17	10.8160750297028	11.0392242035037	11.0615981969602	11.3691916200579	11.0046750808233	11.2223895090649
Q6ZN18	8.49763287660624	8.56987828746329	8.73402698996312	8.8817923200022	8.69627080966682	8.64992997528423
Q6ZN30	13.2628337048419	13.4031863226497	13.440938305579	13.4932627859009	13.4431996105227	13.5381206526316
Q6ZN55	12.2350384561261	12.4277727803587	12.3098370663922	12.0571304756357	12.2291283925416	12.2099323205456
Q6ZNE5	8.03424261336246	8.86768106664453	8.40620845955191	8.36105075760865	8.76259586695132	8.84772614376759
Q6ZNJ1	14.045322041026	14.0421831366351	14.1355195326543	14.1407182301326	14.1064205583612	14.0635194970402
Q6ZNW5	12.7821229599763	12.8155389539117	12.8958003909096	12.7362037264758	13.0024235697199	12.8322643700016
Q6ZPD9	11.7419315692735	11.8032135434804	11.9809526591423	11.8563760008569	11.7653081620789	11.8569441296744
Q6ZRI6	8.50221953203939	8.74397805863029	8.88258386295028	8.79459177510265	8.76980732046783	8.58000271394666
Q6ZRP7	13.8484226089755	13.9041644454808	13.8915901629564	13.8431899067339	13.8054097575719	13.8697302976332
Q6ZRQ5	13.6339863545218	13.5531159978425	13.6833615518914	13.5308634641237	13.4882304278596	13.6085832934761
Q6ZRS2	14.923727245713	15.0539642450904	14.9111419141004	14.9270040196328	14.9520996680727	15.0381934091157
Q6ZRV2	12.223990083917	12.3021447736787	12.4578353461608	12.4392045491943	12.4242014231642	12.3739623395886
Q6ZRY4	12.1469990133639	12.0429316293913	11.8936839795644	12.1260355056838	12.1675365485242	12.1255500088278
Q6ZS17	14.6904638541541	14.7457383834415	14.6838250464701	14.6590328177088	14.7637151177254	14.736119951782
Q6ZS30	12.7068692710434	12.6009440649816	12.6348770214332	12.5812292568666	12.6594675732318	12.5605346837949
Q6ZSJ8	12.4966412089084	12.4616415265429	12.4913564202073	12.3442625167725	12.5960047966645	12.680198453239
Q6ZSR9	15.0174744032606	15.0681195296016	15.0364337163252	15.1580454830648	15.110240218064	14.9810566742758
Q6ZSZ5	16.0550889411141	16.0415075710342	16.0800279666898	16.129901910984	16.1946318946352	16.1207704134007
Q6ZT12	13.1880988905817	13.2037949180223	13.3033538543375	13.2519683520533	13.2421898801161	13.2964148672192
Q6ZT21	11.6765991893513	11.2993538770145	11.3052361294843	11.2702666999994	11.1409574009008	11.7702578485231
Q6ZU35	9.78074436027771	9.42910217936292	9.77684484252513	9.74716081823719	9.44283273032134	9.8693753129391
Q6ZU80	12.7676927008797	12.8033927455014	12.8014676208927	12.7658206451812	12.5838992249907	12.8465403537843
Q6ZUJ8	11.6930837322579	11.6285116972508	11.4802071751464	11.5920701235003	11.7860289815412	11.9332848793804
Q6ZUT1	12.0070346381403	12.1211943876238	11.9334482818758	11.8539019588007	11.9304591039476	12.0103873953275
Q6ZUT6	14.4908704377181	14.6120805652548	14.6113612335697	14.6918491503711	14.6683501658442	14.756312896191
Q6ZUT9	10.9625316989352	11.0834192788472	10.7168935058585	10.7184250720189	10.9164875290085	10.8646830693741
Q6ZVL6	8.30179267394931	8.75505207527346	8.77245106208412	8.87174891771838	8.69094006335349	8.73444463278887
Q6ZVM7	13.6901959712936	13.5410170283464	13.6138164487616	13.5369265657182	13.6109548756184	13.6030227948809
Q6ZW31	13.7250845325915	13.763939360568	13.8333621997665	13.718524704484	13.814847949325	13.8173188687208
Q6ZW76	9.95328767774206	10.2199296681346	10.2093167122637	10.2307613804028	10.0562379123531	10.0931696341438
Q6ZWB6	10.7137389747616	10.7851926480794	10.5133155665047	10.4722037129725	10.8250786671311	10.7284102771384
Q6ZWJ1	10.4609383597486	9.89603326032453	9.92222241360528	10.5096379318533	10.3973170424996	10.3982426749038
Q6ZWT7	11.9286154402757	11.753452465239	11.7731539747017	11.9652752721853	11.5590590354776	11.7782730080504
Q6ZXV5	14.9092363159158	14.8384946406495	14.8515597995406	14.9312808654366	14.9266819378869	14.9000268946642
Q6ZYL4	12.6537043402882	12.5391326535226	12.4869675468574	12.6341578233132	12.6485645194025	12.5667692960163
Q709C8	16.2378596629737	16.2367462494537	16.2557375463012	16.2581233028014	16.2327209896709	16.2624968251346
Q70CQ2	15.0335905243006	14.9979125745787	15.0358597081469	14.886234507109	14.9578294409212	14.948232454236
Q70E73	15.0478604033749	15.0751445645597	15.0473881412997	15.053070886263	15.1499149993798	15.0500870364779
Q70EL1	12.7535249732088	12.9910057223225	12.830136595443	12.8802175396578	12.9841340417937	12.9991102909722
Q70EL2	10.2880185624868	10.8493750940399	10.7851333807078	10.2998497589925	10.4602639790328	10.5412097997277
Q70IA6	13.6365852958905	13.6114309314628	13.7402614518461	13.6851878807629	13.6565933700417	13.4448227181116
Q70J99	15.8870868884493	15.7672624349662	15.7855781177051	15.7952081643441	15.8382231980128	15.8275293865001
Q70JA7	10.0825470191046	9.51409725251321	9.87762463944502	9.51964147272039	9.66694734801998	9.84333420101784
Q70UQ0	15.9930835735143	15.9303726616096	15.8773602705762	16.0344993558642	16.0438635685565	15.9541077578832
Q712K3	12.6419961603347	12.7961821169728	12.7292577598795	12.8558269953169	12.7760541934481	12.7788555530352
Q71DI3	15.4276204795013	15.549538440423	15.4969139160336	15.7194272459561	15.5140903758098	15.6506518892543
Q71F23	12.8037096919705	12.9902389440898	12.7692546958548	12.9543338103191	12.9817144452735	12.8940415273659
Q71RC2	14.8042388471129	14.7354242130125	14.9154692567059	14.9904877652792	15.000346198398	14.7958655514211
Q71RG4	11.0313560710382	10.9845017285695	10.8435429089004	11.0880675728867	10.9650882807163	11.1078495294489
Q71SY5	11.1830484753427	11.3793985155837	11.3987471302757	10.9129825076313	11.3927314172116	11.2357359488982
Q71UI9	14.9383980894301	15.1604844518768	14.96046198674	15.0548470912405	15.0734947232343	15.0902985339901
Q75N03	11.5272657366859	11.528155231773	11.5146167114235	11.5004441180996	11.3282723420165	11.2055226023452
Q75QN2	10.9727087142553	11.1770879957137	11.0786772850581	11.241837678137	11.1123610215292	11.2469911639947
Q765P7	12.1914398452536	12.3970871740728	12.2910328560374	12.282382390272	12.2736994718801	12.3590961576364
Q76EJ3	9.17312139321703	9.57734520436629	8.55079737895305	9.4486201058235	8.96406926806563	8.86316254592532
Q76FK4	14.2952854916284	14.3231150201255	14.3191239859899	14.4709452407978	14.3727054776624	14.4560783017088
Q76I76	13.3956208633524	13.3706375701313	13.3343524295236	13.2020993562605	13.3799922810047	13.3153265456845
Q76L83	9.47867363149982	9.51472858880131	9.65554491194806	9.55382742004669	9.4807638061572	9.81369812831646
Q76N32	10.51808744387	10.6770888245925	10.8892968939447	10.7524836211311	10.6352654233909	10.1972940006502
Q7KYR7	10.8223629786153	10.7548279780166	10.8630478567144	10.6971836293627	10.3552813991737	10.6074905655111
Q7KZ85	15.6546352446982	15.6803143708726	15.6478586984389	15.6165096567738	15.6301504354796	15.6121126881605
Q7KZF4	17.1397063332318	17.1140268947208	16.989733874946	17.2491127821494	17.2362806846325	17.1776855832401
Q7KZI7	14.2525060505764	14.3071530002475	14.2313975840905	14.2263957884923	14.2716969374855	14.2627189265383
Q7KZN9	13.3608835313291	13.3400591039962	13.313326492995	13.2995394438221	13.3031428611786	13.3590874175299
Q7L014	16.9682202521713	16.988846681938	16.9957470509262	16.9775936471149	16.9763237077552	16.9706603760005
Q7L099	13.5831444573606	13.6266923515666	13.5963940203378	13.5900395582691	13.6548220926914	13.6365859950861
Q7L0J3	12.8991205151943	12.9969030455333	12.9143742298214	13.0199970838197	13.1967403794616	13.1147878004727
Q7L0Y3	15.8549926182134	15.9184347422977	15.9289239299017	15.9188137733952	15.8992326516866	15.902059789597
Q7L1Q6	16.2649815740369	16.1981968525097	16.2271529949262	16.1559011153937	16.0778323271253	16.1292125671023
Q7L1T6	13.2274298377053	13.231032999316	13.2653478374011	13.0020491313324	13.1518505724237	13.3135274241284
Q7L1V2	12.5869662210612	12.7944639691388	12.7741540010932	12.6381487737543	12.6038580228847	12.8241524464834
Q7L266	12.043298483295	12.0080709058994	12.0397754771498	12.0058717620354	11.9341332461934	11.9355306534721
Q7L273	13.4729925778326	13.3603721375579	13.3742332624525	13.4720952777238	13.5227616721498	13.5013663789174
Q7L2E3	16.5363386917021	16.4949270716911	16.6143199807823	16.4412661531063	16.4943536906174	16.5855108859425
Q7L2H7	15.7103421165269	15.5869404889426	15.6952047558103	15.6809878309442	15.6315213616547	15.6254039089809
Q7L2J0	16.1283104168316	16.2250263880162	16.1787997187752	16.2119958590526	16.1796363838531	16.181084209466
Q7L2Z9	10.7181035384677	11.3561610540826	10.7466964611252	11.3342858982933	10.8379834535879	11.1228287348114
Q7L311	14.8538054459825	14.9142504128554	14.82945643875	14.9104221142606	14.9566949399479	15.0658362780257
Q7L3B6	13.0571273148084	13.1713693860775	13.1301128122072	13.1558220404864	13.13129534159	13.0113521849714
Q7L3T8	14.8487685846936	14.8623169383564	14.7008661514225	14.8062992077254	14.8195176389222	14.7578938946274
Q7L4E1	6.91742573516457	7.44200805360419	5.98927045340307	6.58981161730858	5.8971429627573	7.06091192599524
Q7L4I2	13.3064804067907	13.3875368479748	13.3163522666868	13.3186966901597	13.327044299408	13.3502641722878
Q7L4S7	11.1414697232863	11.3649973764209	11.2634657285562	11.1517855541188	11.2556919969655	11.2099766266399
Q7L523	13.4940318035258	13.6595585608432	13.6114138346398	13.7521936645453	13.6588734851974	13.6418331050265
Q7L576	15.7702131696391	15.7254055856097	15.6980272077683	15.7391916782396	15.724053631768	15.67372909828
Q7L590	8.02098036211107	7.92405364886331	8.07205270122568	8.81126944110236	7.73227241747589	8.45622538767578
Q7L592	13.5960298883313	13.5918456513994	13.559006185388	13.4652865482515	13.5082075070728	13.6199040797525
Q7L5D6	14.6056281081203	14.5710016484047	14.5804250377844	14.6406242430032	14.6180446787309	14.5538454353141
Q7L5N1	15.0092890242989	14.8596401516195	14.9786882999679	14.9770331917698	14.9964464626552	14.8490800637625
Q7L5Y1	14.0582998826801	13.8833281052196	14.0357761500314	14.0572701739197	13.9555645490943	14.0521397458136
Q7L5Y9	13.4928344996254	13.521228247021	13.4418474520173	13.3954869113084	13.3158724745835	13.5786586569374
Q7L775	13.1126367827685	13.2790411437399	13.1683059540787	13.1085644159043	13.2622816427932	13.0465133382527
Q7L7V1	13.2432129611287	13.3856161666176	13.2780465148759	13.4251733140041	13.513963474541	13.5471973616375
Q7L7X3	15.0083928683468	14.9363040682033	15.0102925670291	14.9553417502395	14.9768988956103	15.0297938468545
Q7L804	12.4137591274427	12.4206184222254	12.1888516931249	12.4282890020839	12.4573328663343	12.4044775303282
Q7L8J4	13.1142974039259	13.0945236676817	13.1845486417867	13.1921245112205	13.2187541347448	13.2247294072443
Q7L8L6	13.4608375998439	13.3877982578754	13.3926906971948	13.1676336760879	13.3038913404386	13.2624966582537
Q7L8W6	13.8022776782153	13.8221684257444	13.8952345454872	13.8386901336921	13.8737018895951	13.8012113039075
Q7LBC6	15.9588748385858	15.9927808780146	16.0511500578705	15.916823997417	15.9408923066778	15.964988055569
Q7LBR1	15.1161667657356	15.0868147059133	15.0747660547988	15.0200641722605	14.6853801391107	14.9598954272275
Q7LG56	15.4519106903295	15.5004450196599	15.3916913351622	15.6033348975852	15.5185951509462	15.4180981197324
Q7LGA3	14.2774196774855	14.4208758079822	14.3518595518362	14.5337808789731	14.5005978726819	14.4391494216173
Q7LGC8	10.5414847048882	10.5078811715534	10.4814271919036	10.512541083365	10.7003981070936	10.5623773159354
Q7RTP6	14.6960964377998	14.6803753536298	14.6325098630804	14.6264390409884	14.7608625992139	14.7427726520518
Q7RTS9	11.2514202760662	11.4282538832239	11.4846317781592	11.3131985756056	11.2001435751402	11.5922153105938
Q7RTV0	13.0937409101578	12.9615628497659	13.052113707204	13.1791111653074	13.030256613356	13.0584857236128
Q7RTV5	8.83278876114019	8.72850580713138	8.59629238816042	9.32510889020323	8.73554320647891	8.88713444306911
Q7Z2E3	14.0376556227424	14.1014588879646	13.8857129787955	13.952256419878	13.8842211601565	13.9906840976096
Q7Z2K6	14.9306228987248	14.9387665694829	15.0000331185475	15.0883990524961	15.1061199866895	15.0829834285155
Q7Z2K8	15.1013052163415	15.1215675389198	15.1303322781754	15.1767285991215	15.2240548048515	15.2646521502046
Q7Z2T5	14.8711217072893	14.8853256282807	14.8918138639835	14.8795856761251	14.9377829858385	14.9351843786404
Q7Z2W4	16.0475489649177	16.1181912495147	16.0959548583852	16.0911350220262	16.092246805293	16.0341111829843
Q7Z2W9	12.6659289258833	12.4885860314705	12.4884563274695	12.5055127266066	12.4934662891842	12.5533762644168
Q7Z2Z2	15.9949269237165	15.9976435269547	16.0329294855076	15.9884556476834	16.0126698586842	15.9359253975063
Q7Z309	9.73481567362121	9.9554908486629	10.1087331395994	9.62753047183515	9.9382701483861	9.72765227070875
Q7Z333	13.8689761004385	13.9039817879757	13.919743981064	13.9939626890422	13.7712738600626	14.1329742933326
Q7Z392	13.59467417491	13.6485461899403	13.5781873927576	13.5843786719936	13.5877885095469	13.5501599755757
Q7Z3B1	14.9499273402736	14.9760608789751	15.0937772743505	14.9139793822054	14.9547046938189	15.1034171002281
Q7Z3B3	11.4577354041214	11.6038397478014	11.5761239836396	11.6106151589661	11.5096534406523	11.4981237362938
Q7Z3B4	15.6443084167772	15.6991512256205	15.6104704814352	15.7293583823275	15.6430799338783	15.5521057367052
Q7Z3C6	12.9186000901671	12.9403904303913	12.9236551069259	12.7370056414689	12.8513463842199	12.7824371388875
Q7Z3D4	11.5889250895178	11.2515333202727	11.3698061479525	11.3697777092028	11.5643178166638	11.4594155618288
Q7Z3D6	14.4092370590461	14.310608803215	14.3358924976061	14.3171983809539	14.4418519590295	14.4117338875571
Q7Z3E2	12.7500100383706	12.8148879709235	12.8259083680056	12.8895055240984	12.7599599081615	12.975799655164
Q7Z3E5	15.0353476264745	14.9940427505964	14.9461943121811	14.8798117736302	14.9471262678397	14.9142691746766
Q7Z3J2	12.7321362112029	12.827399336277	12.9116015687234	12.7651048036603	12.906659482492	12.6887542098909
Q7Z3K3	16.424330326177	16.4266879704179	16.41386672844	16.4062102913224	16.3778221663158	16.3376412721287
Q7Z3K6	11.9135798130026	11.7796960160291	11.8089510892055	11.6929243164721	11.9552759198575	11.8084625401451
Q7Z3T8	14.6020323715739	14.4736089089167	14.519574905159	14.414847850489	14.4798073435465	14.4924687957792
Q7Z3U7	15.1947735469437	15.2211783881987	15.2403347345941	15.3085965454409	15.2647551988552	15.3153641912251
Q7Z401	12.754721694115	12.7236651268366	12.78995871915	12.6759696606772	12.976180066016	12.6877046619341
Q7Z406	15.2987484821661	15.3141730132899	15.4153967604888	15.1809660491305	15.3255982464494	15.3450707633973
Q7Z417	14.8213581429294	14.854531584127	14.7944049824832	14.8450224472186	14.8540387836165	14.9164700595534
Q7Z422	13.9232260942227	13.9470374211922	13.9036442567383	13.9559230008939	13.8817776057602	13.9058123195577
Q7Z434	12.8152458792723	12.9185294921107	12.7132117348835	12.6370798033148	12.7540536479411	12.6652476120539
Q7Z460	16.2893109033986	16.2726597102026	16.3151468354144	16.3139866446826	16.3148510861153	16.2671173597061
Q7Z478	15.7717079686512	15.8221635411356	15.8159480633079	15.791839287436	15.7459079175317	15.828957648858
Q7Z494	12.4153086706712	12.4560326658604	12.5435258711281	12.5280063630829	12.4168443862324	12.4900415428782
Q7Z4F1	12.18999292336	12.0470132548951	12.2469809881938	12.1029840155347	11.9327594795337	12.3990323120882
Q7Z4G1	14.9412987735848	14.8808633441398	14.8927839442188	14.979536439281	14.979132966635	14.9219124062513
Q7Z4G4	12.8538680152254	12.8511480477843	12.9153653163771	12.914351575461	13.0339799908175	12.9947980753361
Q7Z4H3	12.5006852293458	12.6278694219274	12.5834715395626	12.4869936784188	12.5012483678093	12.4833968693746
Q7Z4H7	13.6132002963793	13.6393973606092	13.6024649272369	13.5070595746329	13.5453079010294	13.6952837846711
Q7Z4H8	14.9566731867528	15.0157566302274	15.0798153349239	15.2014490995987	15.2545534865391	15.0319175153186
Q7Z4N2	13.3683934940102	13.4173587599475	13.3887495241066	13.4416770131025	13.1664438070768	13.2593384868109
Q7Z4Q2	12.3166430848868	12.1025253019781	12.1905488978005	11.9767184773199	11.8946056280608	12.0660428160744
Q7Z4R8	11.1451788502337	11.1956228522465	10.9503827468033	10.9714323614491	11.1636245715622	11.2230976395367
Q7Z4S6	13.88477137731	14.0274942067739	13.9377651118428	14.0217212246098	13.7961200027681	14.1489786271808
Q7Z4V5	15.35726624836	15.3314360223141	15.3434395183818	15.314859885294	15.2939524740343	15.2334707206794
Q7Z4W1	12.9466964270298	13.034857809897	12.8999368465976	12.7953963650719	12.8373014555463	12.8907700538613
Q7Z553	10.998260285611	11.2844851018297	11.1549923085739	11.6303632638418	11.2524269147859	11.0996407416131
Q7Z569	15.1579346614956	15.1144963761624	15.2309762825978	15.2212183087508	15.1892400909725	15.138422063204
Q7Z589	15.2547042114697	15.355880138124	15.3247636117584	15.2465387077058	15.3653739023787	15.354896686013
Q7Z5G4	13.5043374426956	13.4544280164566	13.4829785647329	13.6145944122276	13.6183325201816	13.5105202919146
Q7Z5K2	15.9900913881533	16.0487742487684	15.9840456230452	16.0559762290218	15.9991339784453	15.9500309453586
Q7Z5L2	10.5478526902168	10.539269781987	10.5832900152599	10.3425627678412	10.7243657342213	10.7336782343076
Q7Z5L9	14.392663559362	14.4018926776322	14.3392434603588	14.3588238444881	14.3316157244765	14.3158695759663
Q7Z5N4	12.1018933226263	12.0580335948855	11.9725059868734	11.9226226246566	11.968711445886	11.9499076337945
Q7Z5U6	8.97964993402918	9.15872892889155	8.85628932349724	9.1909257247449	9.12177744490676	9.07272783652978
Q7Z628	11.1124670629948	10.8599602459709	11.0541122278324	10.8548330253464	10.6991896047206	10.9817138100648
Q7Z6B0	13.3705702299289	13.393296056353	13.3763587407729	13.4628753418252	13.4752889207905	13.4179414008617
Q7Z6B7	10.5184449743434	10.1606560643279	10.0294123960888	10.578520071532	10.0025634916698	10.281288688839
Q7Z6E9	14.6368240756645	14.8322453027858	14.7488531438379	14.783598775114	14.6426546729434	14.9137677321981
Q7Z6I8	13.3937155052924	13.4175071481781	13.3310694019977	13.4557480785593	13.4907434563812	13.4278920086791
Q7Z6J0	13.314143141464	13.2429167879179	13.3389132523841	13.3639073890719	13.3975021126714	13.1791325093717
Q7Z6J6	13.63425305769	13.6019291056365	13.5639141607728	13.6030909671172	13.5461703052122	13.5551550329199
Q7Z6J9	7.83510220924863	8.26541329921823	8.3392120484767	8.16327732929005	7.80039164123966	7.79583234330964
Q7Z6K3	14.9241405225136	14.8584723824426	14.9229603631425	14.7833881627347	14.7771527620585	14.7830412722183
Q7Z6K5	15.3311530962184	15.3690997293196	15.4003089969564	15.4445412233963	15.3000275009611	15.3924002243715
Q7Z6L1	13.8073609414004	13.7217337791255	13.8747784466032	13.5962441150871	13.5084803505894	13.64262729881
Q7Z6M1	12.3666206129141	12.2694162354083	12.3827895997186	12.3410691730962	12.4552008043095	12.5047620298869
Q7Z6M4	12.1718870551167	12.0650721654659	12.1393691077267	12.1424357362874	12.1545531378281	12.1719731470639
Q7Z6Z7	16.8233830910213	16.8071064324102	16.8331619878598	16.8038166951883	16.6674967750247	16.777026099815
Q7Z739	15.3297863127012	15.352787158931	15.3485600516477	15.3888491383811	15.2412454627411	15.2152502584161
Q7Z7A3	12.0844406439339	11.8766637105345	11.9233738970652	11.9130866239566	12.0423109407096	12.138768662463
Q7Z7A4	10.4265663860453	10.6260728269159	10.8690943011777	10.6863856525664	10.53363963155	10.4217123097283
Q7Z7B1	10.2403222903671	9.93933460726601	9.62867398981689	9.83394400791423	9.76490806036881	9.66238488027517
Q7Z7C8	13.1844610702062	13.1543916071846	13.2941129014723	13.0599234957158	13.2716550915802	13.2652149226136
Q7Z7E8	14.6385526775912	14.5869795253597	14.5534654336174	14.5471476112865	14.4349269001845	14.4911824787049
Q7Z7F0	13.0768333839019	13.0782999137826	13.0068861241562	12.9891192895153	12.9629294223818	12.9002894754202
Q7Z7F7	14.1533266206865	14.1690490595228	14.1393787288258	14.0160145300578	13.9582008888985	14.0591652872102
Q7Z7G8	10.7472341123461	11.2447645218101	10.9285609319378	10.5973801805825	10.658397022487	10.916136406708
Q7Z7H5	14.458468490356	14.4539555647283	14.4189352177753	14.6624479831331	14.5830633704634	14.5897061345789
Q7Z7H8	11.6788133729246	11.5375051347985	11.5867233174651	11.6032378309941	11.7376875623652	11.6284312844728
Q7Z7K0	12.8078351330082	12.8721738171579	12.4566587829281	12.5997535752579	12.7344679043412	12.818704156197
Q7Z7K6	12.2215679251677	12.143672783586	12.03359417386	12.0878322317808	12.1285238739174	12.2124666560945
Q7Z7M0	8.75546756107984	8.62652512968088	8.90188910364997	9.00024216313579	9.1407770403845	8.62259745790129
Q7Z7N9	12.1916154708376	12.3376051431176	12.1950084695648	12.3775470150595	12.3968981117946	12.2102535089056
Q86SF2	15.8400317785205	15.8908563956844	15.8964922055962	15.9617614090493	15.7914367061751	16.0128605806349
Q86SJ2	13.8142330390295	13.7199433494772	13.5281777318367	13.8324261962405	13.8907410735389	13.8627081898361
Q86SK9	12.5408835495665	12.3118960986414	12.4101985171533	12.425757231922	12.4806350885038	12.5153887420773
Q86SQ0	15.2776942690055	15.3305614384605	15.3398593440833	15.1862201204096	15.2366806363248	15.273636894934
Q86SQ7	9.26081040785606	9.17778254521324	9.44585438898789	9.30874084781402	9.19936162053474	9.35090974030807
Q86SR1	12.0115712187464	11.6917962460251	12.0228214096615	11.9184796148097	11.8244992133465	11.9287289752979
Q86SX6	14.1564953617718	14.2499066324778	14.2192661600628	14.2529302887697	14.2281406223962	14.137776286385
Q86SZ2	9.2738293408545	8.64215521285591	8.59508814450016	7.8621231456837	7.60204400387551	8.65094208359525
Q86T03	13.9919018197124	14.0827859302911	14.0945280376409	14.2285055867786	14.2987715832693	14.1514506602678
Q86T24	12.0070091591073	12.0022336726846	12.1139976801039	11.978884451987	12.0805649926012	12.059262122026
Q86T65	12.4428567827964	12.5185920450604	12.6724432406753	12.5800358522207	12.963210766709	12.976699962372
Q86TB9	14.9888840662608	14.9798100152858	14.9707542900913	15.0077738225656	15.1146309146565	14.9784899527311
Q86TI0	15.4053296068023	15.3964074360489	15.3012874627322	15.2681845119621	15.3115550968385	15.3391420712137
Q86TI2	15.4897928613706	15.4331900985872	15.3930059998582	15.4937330728832	15.5495068497254	15.480607720374
Q86TJ2	6.87428712839585	7.71651736406522	6.74168595604334	7.06547237009199	7.29730675723093	7.06258131431037
Q86TM6	12.4161020070922	12.2438890087601	12.3959901584212	12.3961929015013	12.2964947883512	12.4937777342438
Q86TN4	13.6378802706263	13.5753905847043	13.6183484485737	13.7246966997916	13.6765474174333	13.6710466149481
Q86TP1	13.3544336098249	13.22183293944	13.1274119399637	13.2110306853705	13.1717554687833	13.2101469155242
Q86TS9	8.68310932148149	9.11467354679987	9.22097722887232	9.37325271827087	9.09735282061044	9.61859774632671
Q86TU7	15.1679853989219	15.0941894431605	15.0625104153819	15.0665258455654	15.1468228106568	15.0256324118944
Q86TV6	9.71502893450397	10.5078914005676	10.3712214630463	10.1690852784825	10.4345976609807	10.4017768853213
Q86TW2	9.37184699654104	9.45704757996532	9.40980771831693	9.14245717304091	9.51246227295984	9.57357766914863
Q86TX2	16.5590735375308	16.5601989838284	16.5973133493574	16.6378651772659	16.6856977290215	16.528510537068
Q86U06	10.1867423436588	10.2856012653839	10.3429821693303	10.2210501182005	10.2592874001817	10.4135595719817
Q86U28	12.8634925440032	12.8604770559386	12.8120990238181	12.8957758888153	12.8840204403902	12.9221148329742
Q86U38	11.223601291393	11.2279686870503	11.2288596388027	10.930170823069	11.1014065736856	11.3120214954227
Q86U42	14.3673187794982	14.4381188760334	14.4589586562268	14.4340850096616	14.2779091937683	14.3458190000689
Q86U44	14.7573513697296	14.6177589342374	14.6937011001008	14.6635255371381	14.7113253060781	14.6672260645318
Q86U70	12.3923636752238	12.452951754926	12.3759137524365	12.2295971682812	12.4347875017653	12.4756093267982
Q86U86	16.489028930923	16.6555507917975	16.60867791488	16.5573837528206	16.4596579272743	16.6599669244027
Q86U90	13.7673893969869	13.9864429765233	13.5864175246864	13.8146038724271	13.8326760098961	13.866884458862
Q86UA1	14.2424132832482	14.1385055333947	14.3574121842088	14.1904748120859	14.2377833534165	14.1356080009842
Q86UD0	12.2246468467848	12.4433244056992	12.443887368613	12.1639865009511	12.2479476098683	12.1949399216454
Q86UE4	15.8272946193869	15.8892996358048	15.9112637673593	16.235596195994	16.0563096319604	16.1501634010104
Q86UE8	13.7827225983465	13.9355532802762	13.8665383133885	13.7360440205631	13.7800335232208	13.902793603509
Q86UK7	14.3740045378427	14.4375383531259	14.451066462386	14.4706623143422	14.383041600473	14.5235695477542
Q86UL3	13.1071779948118	13.2475921862139	13.1594538710351	13.3232108077027	13.2763157661513	13.238109988825
Q86UN3	12.6868041313065	12.7557112365415	12.9479897984804	12.8713480148802	12.7532318411832	12.7786483284095
Q86UP2	17.0010311943267	17.0076503392807	17.0092537105439	17.034343613523	16.9472874173844	16.9858916171058
Q86US8	15.1382978188314	15.0588681695961	15.1027151087267	15.0971658949572	15.1399946110706	15.12924276722
Q86UT6	12.7776661243328	12.8280733755737	12.5892588990747	12.6808486727622	12.840591811724	12.7092181445303
Q86UT8	12.781022519957	12.8607734370313	12.9885403832013	12.8739417499252	12.8444267566065	12.9565394559754
Q86UU0	14.7581605319543	14.8606943412772	14.8321850638264	14.7556532872296	14.7252250018609	14.8363072378974
Q86UU1	16.0001706403093	15.9911454461709	16.049837531087	15.9315101706892	15.9573128706259	15.9916583240352
Q86UV5	15.5618132131471	15.5735167010078	15.5477903607913	15.5638749643559	15.6131509545415	15.541134137384
Q86UW6	13.2432562230529	13.3009250479049	13.2157474353103	13.2337468606384	13.4501831860337	13.4543343072029
Q86UW9	12.1991806697886	12.3595093634121	12.3380164926252	12.4564503207932	12.5678404599895	12.3738461713138
Q86UY6	14.3552052771192	14.3551216404547	14.4379173627384	14.5242683758053	14.4730919805648	14.4268225967045
Q86UY8	14.4391838435054	14.4267647822474	14.4866045653902	14.3633622657819	14.5842891604254	14.5447913762305
Q86V21	16.3710796699138	16.3856537424729	16.29863595834	16.4368227668387	16.4078707924824	16.3645009686636
Q86V42	11.5255296092743	11.7969190361128	11.5925351544658	11.6016927866455	11.9158688586596	11.8804481674392
Q86V48	16.1471305198724	16.1699123466679	16.1436399740272	16.1756570484315	16.1159419334659	16.0840517879514
Q86V81	15.1442799728357	15.2734893245283	15.1464947704731	15.3197670327389	15.1882650158195	15.3132055479272
Q86V85	10.1332603581355	9.98428852801882	10.0702235764928	10.295097098996	10.112859406878	9.93651501004894
Q86V87	11.0085235305684	11.0396983238215	10.9916258000927	11.2142947125914	11.0425818953832	10.9917539589347
Q86V88	13.2809519322904	13.4063217411774	13.425285348788	13.4085677657819	13.3477826968618	13.3501485926619
Q86VI3	17.3066665939542	17.3608206753964	17.3362361633878	17.2597632916184	17.3240507223998	17.2836605367298
Q86VK4	9.70197221450104	9.95444039351172	9.84122613617842	9.62807297984772	10.0429742222992	10.1260607773537
Q86VM9	15.7538998459072	15.7114699579115	15.7365975720301	15.7573330005937	15.5609425564992	15.637230186532
Q86VN1	14.7728173444353	14.8280626220997	14.7065213814261	14.7198808703943	14.7610812050011	14.7847740752063
Q86VP1	14.3445603186536	14.3113298887707	14.2950531962178	14.1588514728793	14.1502163394149	14.152476183327
Q86VP6	17.0556326778959	16.9798797317717	16.9519815495132	16.9601749265675	16.9491305190907	16.9222458389649
Q86VR2	12.1362531073276	11.9827805214499	11.8856690076838	12.1163951476021	12.1961931626802	11.9921791051557
Q86VS8	15.0609300790057	15.078611152513	15.0248352878169	14.9698027896421	14.9591341431197	15.1211002956379
Q86VW0	11.9392028129482	12.0530229928317	12.1450855476521	11.9038485324146	12.0686500060606	12.0079335746397
Q86VX2	14.1490256757687	14.1555616354943	14.0964125308238	14.0238149076963	14.0129102784847	14.105699760588
Q86VY4	15.1645177812728	15.1748594026858	15.0998730029215	15.1526661276895	14.9766495463235	15.200454219288
Q86VY9	11.8386322533301	11.8799601395025	11.9274247264076	11.8983460630385	12.0067835838824	11.9009705896076
Q86VZ2	10.9696962602532	10.8640256210942	10.9445948148987	10.6194914904205	10.8950472243424	10.9904519747679
Q86W42	14.9875100260645	15.0382874464068	14.9921506420436	15.1038826877165	15.1307069781919	14.9957841847181
Q86W50	13.0044419643978	12.9553239524373	12.9419900050398	12.7522809586453	12.8943991009134	12.8844841229195
Q86W56	14.6657601462474	14.7442288123154	14.702209038255	14.7537661554116	14.713122703894	14.6305404930433
Q86W74	11.012036788564	11.087182734906	11.0188523158951	11.1332283565505	11.1950644850165	11.3831838764244
Q86W92	16.0560297316439	16.1349424896182	16.0474060865911	16.152859014074	16.1448463891863	16.1348262332736
Q86WA6	11.7022817184698	11.7793062289878	11.6164776688507	11.7056730054354	11.8234773591233	11.6875773921003
Q86WA8	10.0677704574478	10.1534029164303	9.9506167060454	10.1857996809123	10.4111993776814	9.74602570744279
Q86WB0	13.7593965853424	13.7810890673223	13.7209099143605	13.8043586677288	13.8912288164338	13.7687500360502
Q86WC4	12.2483268963629	12.2263470564108	12.2622881624452	12.3096520414642	12.4478735821647	12.2001684798286
Q86WG5	13.705464704508	13.7252727938626	13.7165915284236	13.7255585941331	13.7310797055895	13.8327766087433
Q86WJ1	15.9997876513739	15.9897805583232	16.0109046631313	15.921955769769	15.9268616256662	15.9543458021284
Q86WQ0	14.008749191991	13.8620333781543	13.9828368023444	13.8125546774563	13.9433621045225	13.8906534483985
Q86WR0	14.7620227938119	14.7121140933506	14.7530562624437	14.7601153776912	14.7857238925715	14.7890552935619
Q86WR7	14.2568615304031	14.2024350641908	14.2599861904817	14.2062225761941	14.2645149095403	14.1088107205438
Q86WW8	9.51968372777767	9.77791569578799	9.11623500865465	9.44520797691552	8.64904321724401	10.0099866670216
Q86WX3	13.0104490013851	13.0917112130106	12.9668135371433	13.1980888146767	13.0085861453546	13.2295043955454
Q86X02	11.6672677043945	11.7929914395156	11.8193535479377	11.7667189213286	11.9187661616002	12.072959272882
Q86X10	13.0101926746027	12.8823292919208	13.0167013137107	12.8221275153781	12.8541791357783	12.9592337529743
Q86X27	12.2637065652117	12.3620664327731	12.1925130552022	12.2198722350104	12.5645737470988	12.2887647628264
Q86X29	14.5713093514255	14.5492334384509	14.5033730028619	14.5038104679205	14.5616837597512	14.4677169873159
Q86X51	15.6186069716866	15.6349468731273	15.6288613145376	15.4874669172341	15.4418939888972	15.4566356315799
Q86X52	9.75643787501008	10.0116571723999	9.67963278775939	10.0390542340403	10.0550034679885	9.90798602140894
Q86X53	11.3337820594022	11.4371281550827	11.3943033422352	11.4606566110508	11.4904581053142	11.2543512783366
Q86X55	15.0662163788251	15.1099062946623	15.0092623970957	15.0551716512909	15.1245519608888	15.0714397937427
Q86X76	13.4696822644389	13.6421284176754	13.5725881434036	13.6412805089756	13.570728410416	13.4643164853573
Q86X83	13.1339935727599	12.9814864255249	12.8771631640793	12.8326862348303	12.7423329871254	12.7363819202214
Q86X95	11.0551510634965	11.4042033678439	11.0785501756575	11.2556862731552	11.1559586614905	11.3267602620851
Q86XA9	12.3023602907698	12.1091180153192	12.2557795196915	12.2663122206542	12.3441361768341	12.4299000743732
Q86XI2	14.9893070394143	14.974968414447	15.0439663418402	14.9649540858391	14.9587583560449	14.9156964813795
Q86XI8	7.73797125651601	7.68494540504358	7.34273707638769	7.79742630040041	7.66673723699279	7.23411931292957
Q86XJ1	9.74062969828534	9.87954118456234	9.92939209718669	10.1214191555877	9.63572791035616	9.76811543826971
Q86XK2	12.077173200414	11.9099760211296	12.0275872802027	11.8408412834484	11.72024423439	11.8838090650092
Q86XL3	15.0875073725161	15.2038245173082	15.1745657133805	15.1696991981499	15.2947057352957	15.1788711635221
Q86XN8	10.5393957130867	10.5748475035607	10.6026615013261	10.3156341468149	10.434550196881	10.4968396163572
Q86XP3	16.5253005867081	16.5886932115444	16.5143920014521	16.5748891607171	16.5903815001383	16.4664476641334
Q86XX4	11.632238641573	11.7378727254463	11.5682648178362	11.7000536538931	11.8459246942534	11.7520402328931
Q86XZ4	14.4221846644328	14.4620764920319	14.4063823727629	14.542037724622	14.3680482810475	14.4288868739718
Q86Y07	14.7646749981265	14.8667281913271	14.8752854567818	14.8925009109966	14.843199485148	14.8651438375491
Q86Y37	14.5928956947072	14.5956009196061	14.7561239883315	14.5864377005248	14.3647466446705	14.6628128315437
Q86Y39	13.2010063925583	13.1639866680513	13.0169806192285	13.132796808771	13.1138526973418	13.0626426520813
Q86Y56	15.8624672602271	15.7700544819355	15.8201867846473	15.8745509703069	15.8092625981696	15.7845012247279
Q86Y79	12.7910820997609	12.8390756050869	12.9653778630444	12.9871204133374	12.970331376012	12.9428536890258
Q86Y82	13.7203028945926	13.7119093111106	13.6551266365949	13.8001135625664	13.7163393472933	13.7467454927386
Q86Y91	12.948422250166	13.0128560223461	13.0830857274299	13.0099595861731	12.8639189040337	12.9966773272179
Q86YA3	6.93973682140882	7.18678139191756	6.62930257371459	7.84865958416505	7.17527201404652	7.14052184023069
Q86YD1	9.29716033473273	9.91156590429593	10.0877333789603	9.6124160252618	9.30681785454868	9.77536423464035
Q86YD5	11.625934595244	11.4027297935994	11.5936450946594	11.6843257102917	11.8795103583573	11.6561871277399
Q86YH6	10.7901520902808	11.0407097313929	10.9896917397372	10.8116084310632	10.8776960862409	10.9025134874278
Q86YM7	12.4989119674439	12.7125685062014	12.3543304877216	12.6492779873173	12.7142138322314	12.3201251502739
Q86YP4	15.3709928509571	15.4309038285657	15.4184440362674	15.4306483201075	15.4723422583537	15.4176701740643
Q86YQ8	15.0383845228103	15.1282004376804	15.0787186768206	15.0238693511593	15.003941573962	15.1070259910507
Q86YR5	13.8213773223945	13.7381670526729	13.8426194038312	13.8546405046388	13.8414897520313	13.7061241991447
Q86YS6	15.0402635208902	15.0047072346737	15.0608504143345	15.0644060025528	15.0329857826917	15.0812988962808
Q86YS7	9.6908702112667	10.1160565769561	10.1325025473665	10.0692145709349	10.0050458894896	10.1647137904455
Q86YT6	13.3875309360595	13.562839086621	13.4130518601809	13.3407235590654	13.3365232868415	13.3441635043191
Q86YV5	14.9406753072167	14.9108649856398	14.9374195487161	14.9587196620801	15.0191147288028	14.9666602511846
Q86YV9	13.1060405383243	13.1539047003813	13.1599519111911	13.0383878716847	13.2063033819174	13.0832449710442
Q8IU60	13.883756484823	13.9085044956822	13.8842057261566	13.8176813271081	13.8221845102477	13.8818828068812
Q8IU81	15.5681475541299	15.6549185071338	15.7075737984544	15.5763556284655	15.5716952623179	15.6468065354564
Q8IU85	12.7833500042444	12.8051627320616	12.7823142094553	12.7781172707725	12.7695288856331	12.8056983524059
Q8IUC4	13.3086979095141	13.4545739674489	13.2883063795216	13.1643364316887	13.3936338392861	13.233616807052
Q8IUC6	11.0207280029884	11.2036654633432	11.2093778162234	11.1574943948176	11.0313460760795	11.179247076387
Q8IUD2	15.9656875069905	15.952089810538	15.880331391012	15.9267157632128	15.9112879337271	15.9561730123772
Q8IUE1	15.3511861327841	15.2693887059641	15.1037094490374	15.1493093890924	14.971380329729	15.1458149478341
Q8IUF1	11.8597139259475	11.8268295377369	11.8805745914611	11.8982009774278	12.0594733122907	11.9538483854584
Q8IUF8	13.5047239607146	13.4862165741783	13.5582891168811	13.4708080527863	13.7697734596419	13.5504814899282
Q8IUG5	12.3236697497626	12.3342946741262	12.3945935721021	12.2542830084913	12.1511286473481	12.4167978867407
Q8IUH3	14.1697225221917	14.2299137136427	14.265147979878	14.1273474439257	14.0221261221033	14.1627501748387
Q8IUH4	11.9741865203567	12.0846302770776	12.1526745216611	12.0034357526648	12.0322183089224	12.1936802266097
Q8IUI8	13.5877316319095	13.6929978787692	13.6202214015984	13.689391459573	13.4961100861926	13.5948908514369
Q8IUR0	11.7077526364212	11.7868712844873	12.0052152978473	11.9085416002668	11.9432528517433	11.8878442970297
Q8IUR7	13.9247779174342	13.9798869913113	13.9505289757757	13.8357414968525	13.8832824900581	13.8765413319244
Q8IUW5	11.9630746548089	11.9163219854464	12.0018290232149	12.0776856833273	12.0848506138827	12.0269516540299
Q8IUX4	13.3424573760621	13.2936884948546	13.3455475745623	13.2618930752339	13.0363761216882	13.279637896197
Q8IUX7	7.71594369059132	8.51828741123047	6.94383112672682	8.61485489144405	8.41093886152675	9.00414759498519
Q8IUZ0	11.6662892816449	11.4162542175599	11.5118299366331	11.2194832643588	11.219732237785	11.3952161871533
Q8IUZ5	12.9651788666129	13.092939140253	12.7747982789518	12.9993970089594	13.223445740584	12.9294522951417
Q8IV08	14.6197425742124	14.6487566869294	14.6291685201112	14.8051133368081	14.9165712160936	14.7177500877215
Q8IV38	13.6723333198053	13.6603962659714	13.6360810224947	13.7194867794657	13.6480529145258	13.7220040085064
Q8IV48	14.1135836893903	14.1658743842933	14.3724375791001	14.3340519541409	14.2892740459286	14.2663484639707
Q8IV50	7.67291023693503	8.13081112393913	8.15072851713206	7.48806171194524	6.81131186094474	7.81890752249486
Q8IV63	13.2539077483098	13.2232852240442	13.3659836031403	12.7903275631626	12.714804914688	13.0937625281795
Q8IVB5	13.1125973148353	13.187437762369	13.2726880822346	13.3015031897763	13.2407912986104	13.2720280486727
Q8IVD9	15.3808957512202	15.2916935851162	15.2884246047789	15.1772802373537	15.2791364811245	15.2400303456051
Q8IVF2	16.745601268325	16.7562709909142	16.71261381149	16.8890560285828	16.8031541096164	16.8618606711256
Q8IVF5	8.33573098916953	7.9491012780101	9.1642327024286	8.61820601900395	9.11017558743004	8.4988809672844
Q8IVF7	14.9405224557119	14.8900655578201	14.8795223466105	14.9312954888885	14.8781825873545	14.9406130364504
Q8IVH2	12.7408518652858	12.7138017457892	12.5426822493354	12.5064315163558	12.6612128778946	12.6860034889041
Q8IVH4	10.7233960137642	10.9849133370432	10.8802675860781	10.529660424352	10.9442833351435	11.0178536251725
Q8IVH8	12.1433447969964	12.1699010335105	12.2845397972554	12.2224762161298	12.3546494235305	12.3225275730424
Q8IVL0	10.821706444515	10.8446851342794	11.0109373097274	10.5984637829864	10.7570041068108	10.8890865663632
Q8IVL6	14.1591520419753	14.2032438657705	14.2564624603886	14.259857690028	14.3323914855237	14.2152705368112
Q8IVM0	15.5096850460395	15.5783266972403	15.5688197843732	15.6750860845979	15.7125789830884	15.596003226119
Q8IVP5	8.47379016443061	8.44905737931778	8.38878864385126	8.18065535875475	8.55045161493845	8.69955900744638
Q8IVS2	14.2932462897916	14.3016266489842	14.3352773675966	14.3430132098281	14.3612614130214	14.3589812834401
Q8IVS8	9.66559000176946	8.97614868404359	9.47828647013371	9.65177801808183	9.42107387553509	9.37201095495869
Q8IVT2	15.7224659293186	15.7502500763407	15.7301907227987	15.7764665299694	15.7751747827165	15.7060888106481
Q8IVT5	8.90428019366732	8.57332334401182	8.48375299450448	8.84131301202507	8.92238216561827	8.86271171252671
Q8IW35	13.2419920796145	13.1390934286925	13.270327976677	13.0351949372434	13.1711217787404	13.375316122336
Q8IW41	9.96962653368253	10.0864294587313	9.48181171360037	10.1319333257573	9.32356407035081	9.61133665728148
Q8IW45	14.2748454823402	14.2869803546991	14.353118363617	14.4256263743159	14.4904238593931	14.3451875384514
Q8IW52	10.2251134853952	10.5128949131741	10.0751944541128	10.4574107302645	10.3921156389915	10.4617058943378
Q8IW93	9.7612998198997	9.76205049643488	9.78357469467486	9.70677520088174	9.96204225270305	9.95619447335193
Q8IWA0	15.1326620356747	15.0764323632986	15.1314073403336	15.1429198995836	15.2161171875927	15.1543566960628
Q8IWA4	14.852717133564	14.9061663321696	14.7918135470408	14.9081548463337	14.9117851896238	14.8752877718662
Q8IWA5	12.4753134201797	12.5604948959821	12.6037357881405	12.6228801686748	12.5365658345199	12.454454690694
Q8IWB1	13.531648596098	13.4478448927536	13.5402735169854	13.2819987953216	13.3113445136609	13.2144638714381
Q8IWB7	14.1033608025034	14.1361151557991	14.1438607888806	14.2287868525435	14.1721113523525	14.1739050935667
Q8IWB9	8.82848908141213	8.59540237738141	8.57273658329689	8.64532639199538	9.17563555065948	9.43293541315527
Q8IWC1	12.2422789082949	12.2887898064357	12.3195953284507	12.3791073040189	12.3782153630517	12.4856243126586
Q8IWD4	12.3152890579377	12.3497874791106	12.355846627292	12.2275462745256	12.3173095707346	12.1679332777395
Q8IWE2	15.2682507641991	15.1817140259809	15.1307069875568	15.4730218926219	15.4953947019932	15.2982849322733
Q8IWE4	9.0555535106585	9.50124774925159	9.6552937370059	9.59049420975801	9.33969239301115	9.67346453847936
Q8IWE5	10.642660502272	10.6374783322708	10.775863184403	10.3618821699331	10.7700706553217	10.5938715259226
Q8IWF2	8.4380015484714	9.3215685706951	9.18372007712408	9.13808975329917	9.1419867695831	8.96695727115879
Q8IWF6	12.8475027632212	12.9074715954935	12.9240442407542	12.9656110994872	13.0979163569752	13.0631792463653
Q8IWI9	12.8599537594705	13.0479527191158	12.9923237713617	12.9671161685258	12.8993938669098	13.32338278417
Q8IWJ2	16.0283967984442	16.0372944926227	15.9773620018741	16.2266341344439	16.1775964998099	16.3135994256414
Q8IWL3	13.6563519677315	13.6642712211684	13.6460134056597	13.631217910309	13.6241553603036	13.5770428457043
Q8IWR0	14.285387949292	14.3857713346589	14.2829076011965	14.4027857353405	14.4179461350996	14.3230685401956
Q8IWR1	10.6659127884451	10.2484939227922	10.2067480061835	10.4402739128881	10.2966384174004	10.1385679141729
Q8IWS0	13.9488500676433	14.0123441541669	13.8070677073115	14.0949668110191	13.9422291433148	13.9700312138522
Q8IWT0	12.2742457631524	12.3433202729305	12.1315806624545	12.168032666384	12.312273458805	12.3472787480873
Q8IWT3	12.389718094958	12.3546631510968	12.4631099671959	12.24939009485	12.2702914466369	12.3819284071417
Q8IWT6	13.5651374507972	13.5769820381015	13.6289435469763	13.5685430172324	13.5612191937477	13.745351418318
Q8IWU2	12.3163038404909	12.538193924496	12.2585075731777	12.4453221756568	12.348258965662	12.4585207862783
Q8IWV7	15.3083856517962	15.2991133989351	15.1530796090903	15.2971549312811	15.2067481202612	15.1694652185291
Q8IWV8	15.1034462022137	15.1291550099823	15.0286291258449	15.0152789089647	15.0658465862101	15.0819662879938
Q8IWW6	14.794026667353	14.8768392654676	14.8634929983474	14.8339795624808	14.8819007520805	14.8634508469431
Q8IWX8	15.8974692470912	15.868923792366	15.9175303630911	15.9412035124987	15.9434161023639	15.8314794718003
Q8IWY9	12.7202808787681	12.8693222040311	12.8565097864673	12.5418688243166	12.6168357445858	12.7315849328136
Q8IWZ3	14.3346438066198	14.4598124449161	14.3452674661222	14.4008521640188	14.4639991587442	14.4363182914741
Q8IWZ8	14.7846956505367	14.873619839959	14.8480971359457	14.8347876000061	14.9147838454636	14.8568179489081
Q8IX01	15.6576428538493	15.7659679637315	15.7115380623634	15.7289073206911	15.6555743877502	15.7807155077572
Q8IX03	10.4071324120841	10.6012628987087	10.5954697217765	10.6128758371129	10.6239878325945	10.6875495503274
Q8IX04	13.4124211480163	13.4695638376173	13.4340000700973	13.2841656009669	13.3833600714506	13.4607270126413
Q8IX07	11.5896681955973	12.0166155665864	11.941633268709	11.7208881864615	11.7712926521769	11.7627416766966
Q8IX12	15.7894631391097	15.7621011519726	15.7137621230652	15.7169994203224	15.7224770409935	15.7005181790227
Q8IX18	14.5888002555306	14.609049415147	14.5614251596902	14.5892792405164	14.6484806286387	14.4944492684314
Q8IX90	15.06633660978	15.1123291039249	15.0112716209363	15.0296245986463	15.1030402706107	14.9402408554311
Q8IXB1	16.2689043339776	16.2280649334713	16.2291760903449	16.2619476934421	16.3971905540786	16.3553680708009
Q8IXH6	9.43855582071159	9.55809132086643	9.5429829067793	9.33309500252418	9.57109979272807	9.83114375337091
Q8IXH7	15.9127235491692	15.8004497650258	15.8402589752348	15.8516077195792	15.8660473405819	15.7866073885814
Q8IXI1	14.6420269236605	14.7560304768302	14.668916638282	14.6434255151412	14.7632120583895	14.6424621343029
Q8IXI2	14.7145609372764	14.7756956975967	14.7088134806867	14.6983449274671	14.6150892865268	14.7410303096051
Q8IXJ6	13.5878508801513	13.5409745413767	13.552089261289	13.5481518164654	13.4864091751932	13.5737003391548
Q8IXK0	15.2564168389826	15.2777118091328	15.3567416855525	15.3237240492782	15.3653941319585	15.4109294925561
Q8IXL7	9.200978550458	9.52525755335314	9.09564911179248	9.37225026655186	9.50662241599098	9.47240170437423
Q8IXM2	14.0847859161602	14.1178337701097	14.1890732482674	14.0308489171788	14.0944597346734	14.0281465282364
Q8IXM3	14.1080562346548	14.2691077247463	14.1961805648884	14.3950808361596	14.3373371604462	14.2630299111632
Q8IXM6	11.9009247317435	11.9763778763042	12.1104683090906	12.0891737976554	12.0450492885995	11.9825472195655
Q8IXQ3	13.9587516216782	13.8870195813947	13.8502398033343	13.7613098877821	13.970684930801	13.8465118543453
Q8IXQ4	14.0777727408846	14.1279196832229	14.0955631605422	14.0727020375281	14.1049263934968	14.0632520544967
Q8IXQ6	15.716724477523	15.7151851126729	15.7879736489311	15.6953538222208	15.7772187337985	15.7096081917829
Q8IXS6	15.2064771354201	15.2789748372101	15.273374684636	15.2246586466509	15.2558185919171	15.2161250741055
Q8IXT5	14.7098875971461	14.7231905171554	14.6602966531305	14.6351408173732	14.5827775062653	14.685479302531
Q8IXU6	12.192097397174	12.407472293943	12.221601411474	12.4264231635417	12.5096309118836	12.519166223685
Q8IXW5	12.6779894534036	12.7978814884259	12.696248562178	12.7209989277962	12.5542812922942	12.7836525949221
Q8IXZ2	11.0679740134528	11.3620239935344	11.110952474468	11.2601244424233	11.1424517800757	11.1810563113033
Q8IY17	14.5100524553646	14.4758468492445	14.4972805693418	14.4350504179187	14.3854689351762	14.5389326902463
Q8IY18	14.631643710693	14.5362977072717	14.694868472445	14.4448380102232	14.5183636820157	14.5841673330203
Q8IY22	12.0999675379085	11.7946903788164	11.8952573354979	12.0153173711779	11.9000952658339	12.0713933082543
Q8IY26	7.00976677488007	7.94487616190924	7.96541042564449	7.8147480046214	7.70325341484709	7.95280960184477
Q8IY31	8.97694682939047	9.29925931591592	9.20939003670482	9.05600915064066	9.3842536280638	9.23820910528344
Q8IY33	14.4781368603214	14.5367896977631	14.4135001278298	14.4767913344295	14.5928799937167	14.5169922468478
Q8IY37	13.0725582974267	12.8274466727211	13.0397069222071	12.9499779785518	12.856669135656	12.9055857928707
Q8IY45	11.6375017753595	11.7926430146711	11.985558961074	11.6316728603257	11.7799896281231	12.1038493326821
Q8IY47	11.6187160875178	11.8625784444821	12.0060491941153	11.7568749999419	11.7041396190124	12.0790000107483
Q8IY57	9.91932229532118	9.75796217636355	9.86214647339312	9.90544466186565	9.85829490557074	10.1392660487332
Q8IY63	13.0290953661867	13.0566095132607	13.1669426639005	13.0260101342294	13.0779692638213	13.0293200136389
Q8IY67	14.2259264561534	14.2271946013321	14.2776808716065	14.2459694635924	14.3535089099376	14.150125698144
Q8IY81	16.3295666666763	16.4628152697492	16.3429099339056	16.4547497211539	16.3714097895338	16.4638522512779
Q8IY92	9.17783697615231	8.83638381738694	9.20098237060942	9.38355007416136	8.94447001065765	9.68893303396922
Q8IY95	12.2190478436158	12.2048459125255	12.2245399227264	12.3231648771876	12.287758815327	12.1841352705223
Q8IYA6	13.5819305268663	13.7062850437551	13.6538834301035	13.7060180499997	13.5130714816871	13.6276893524682
Q8IYB1	13.671998575349	13.6529838939332	13.6202420836356	13.7136273898286	13.737455763721	13.7238620709342
Q8IYB3	15.1013216249241	15.1095309572005	15.1681279503779	15.1478494876751	15.1032929660908	15.1581491344491
Q8IYB5	12.1619779604151	12.2705622008644	12.0899785917135	12.1625255285391	12.1793451989557	12.1383147569423
Q8IYB7	15.9118423954418	15.8245657999315	15.8432170913422	15.8634878559072	15.960184054262	15.91781360568
Q8IYB8	15.6657957866198	15.5998194938359	15.6698794455706	15.6977039585677	15.7020822983032	15.5823905764261
Q8IYD1	14.6344393082401	14.4877972929672	14.3842808757605	14.6261097971355	14.6414646526339	14.4011063907964
Q8IYH5	8.03330887330063	8.51478967120199	8.7388440062609	8.07879669378998	8.72896323417832	8.57140662196717
Q8IYI6	15.7888146135714	15.7340593067328	15.8252346873638	15.6932068329665	15.7394277478384	15.6565270104233
Q8IYJ3	12.4483401178184	12.614457681083	12.7079082148831	12.6530683276579	12.7569490665632	12.8320436268054
Q8IYL3	12.4195326390243	12.4896197469987	12.695419903315	12.3412933109078	12.5432459297995	12.5598113122309
Q8IYM2	11.4417890269979	11.6279094254435	11.451734244315	11.1277937726832	11.363282501364	11.5947370971488
Q8IYM9	14.478952275582	14.4087150664401	14.2971418262358	14.5036167668189	14.4278885706551	14.3821661948243
Q8IYN2	9.97783109402273	10.2731011898622	9.85355512586869	10.2241092789651	10.2070843626121	10.3586440998246
Q8IYQ7	11.8236703292002	11.9426681476833	11.9768019132648	11.8275165366565	11.8586274811211	11.942357085447
Q8IYR2	12.3622651687349	12.2035802063568	12.1631132206311	12.2101134458425	12.3743654789093	12.2449060709964
Q8IYS0	11.1247770369571	11.1629119671062	11.196550502505	11.5001000002307	11.3154524073766	11.416341475197
Q8IYS1	14.101221181584	14.1965854179177	14.2015745628232	14.1878183061549	14.3037023081118	14.0265979511619
Q8IYS2	10.6847667858087	10.9150490070188	10.6239783652791	10.6458622504065	10.7629210068878	11.0664099218354
Q8IYT2	13.2676217115393	13.2450063300817	13.187617798935	13.1942148233523	13.3149419771106	13.2570406958904
Q8IYT4	12.3767587630406	12.2767437387617	12.233433894746	12.3579260495966	12.4876014861579	12.437715337756
Q8IYU2	12.35886848698	12.2118832790324	12.3222534760106	12.2063009506318	12.2726245421	12.3376542617905
Q8IYU8	11.0040250017399	10.5898562330692	11.2480580904108	10.9926858414655	10.6572585641091	11.100053188692
Q8IYW5	7.02846408161543	6.56714772268185	13.1311936820894	6.53678723952143	7.16697671120495	6.87245769644626
Q8IZ07	10.5700609854969	10.7376590280597	10.4743865234025	10.4359826990746	10.688697173224	10.5577891622732
Q8IZ21	14.0925391786105	14.1193627505237	14.1079065635642	14.2540023475932	14.1825105602085	14.2053420437598
Q8IZ40	10.1935645998506	10.9137447938512	10.7996870639807	10.2439514336981	10.2702861277592	10.690648618281
Q8IZ41	10.3685191006775	10.2522845378701	10.5334673255771	10.5290608705543	10.7852103044602	10.238817232549
Q8IZ52	14.1129347308193	14.1152661965712	14.150231260907	14.1068264877993	14.2192501571883	14.3008242068924
Q8IZ69	14.8655584933061	14.9255089289188	14.9187409511475	14.7955952517065	14.8383803895224	14.8809115380522
Q8IZ73	12.7892856801317	12.7113120023033	12.8534651999598	12.8440196375027	12.9763235345419	12.5374455362307
Q8IZ81	12.7954281670862	12.9810941017812	12.8702580440397	12.8992797025285	12.7754265995465	12.8162888063365
Q8IZ83	15.482413994283	15.5586043291542	15.5184727407858	15.6744132515805	15.5335748204894	15.4744730047121
Q8IZA0	12.6500215688796	12.850464538727	12.8915206657884	12.5772202094918	12.8180115737749	12.8247294192415
Q8IZD2	11.6731511085265	11.7801619275594	11.9545080210596	11.9377362041004	12.0161070312429	11.8879100706899
Q8IZD4	15.4700907701549	15.512504000768	15.4057959148779	15.4991610251984	15.5444936370524	15.4588036675741
Q8IZE3	8.49560043432473	8.74105698878105	8.49510556589337	8.6610425917449	8.62907366073059	8.91699770484693
Q8IZH2	14.0557043994057	14.1412291376218	14.1227973044735	14.0893572917159	14.1513842501331	14.1784194434465
Q8IZL8	15.7839458491847	15.8024953660195	15.7925272295014	15.822958458127	15.8456621319781	15.7079789949027
Q8IZN3	7.31540908633519	7.80682246309215	8.38099776006246	7.20093529980622	8.29976858795115	8.11519594047379
Q8IZP0	13.6374551422605	13.5062000709524	13.5564492497871	13.3239670999951	13.3511686003213	13.3575533331488
Q8IZQ1	14.6044757584728	14.6135298834087	14.6231031120164	14.6259252694718	14.5827625155683	14.6472002753131
Q8IZQ5	14.5132162123173	14.8658475179525	14.8062791245064	14.7021058209665	14.6565857398903	14.8672198647918
Q8IZR5	9.83598600846038	9.75367246289848	9.92651065698644	10.2370847142098	9.49144403916694	10.0713872116857
Q8IZT6	12.0251127657615	11.6859900252378	11.736297570966	11.7545407390401	11.7128700953835	11.9692886989159
Q8IZV5	8.50212312098342	8.77092580640138	8.94837791599573	8.21512194266873	9.06460423827073	8.3785299698094
Q8N0S2	12.2295241183377	12.3615174555901	12.3625328459337	12.2737435137295	12.3257819428453	12.3016332591031
Q8N0S6	13.6215590123437	13.6746874904553	13.5666988044637	13.6855031802945	13.5841816578861	13.6144425681493
Q8N0T1	14.5105947076117	14.5624722498785	14.5445349025649	14.485784858568	14.2726046284379	14.6532472834187
Q8N0U8	11.8664236019443	12.1764445960505	11.8480004914177	12.1786438516498	12.1016337735217	11.831431773943
Q8N0V3	11.5861193939128	11.5073389299928	11.5423184670536	11.4534171423441	11.4412130959795	11.5177329299041
Q8N0W3	10.7048967354516	10.8793198007513	10.6563340343391	10.7310898461217	10.8578065174212	10.8877992922712
Q8N0X4	12.2225191366203	12.2715777302524	12.1701656236844	12.0950372273168	12.1658163566446	12.2424010580235
Q8N0X7	13.6606261422155	13.5218273457884	13.6189592363316	13.8199951698963	13.7124160324149	13.7720970299975
Q8N0Z3	11.1354685969986	11.1754016792735	11.4237154117186	11.163874867256	11.3587273125064	11.2530134222185
Q8N0Z6	12.7932949360327	12.5633830150376	12.8721138365733	12.5379606071724	12.6908566139559	12.61227772331
Q8N108	14.7936586941219	14.8516463616775	14.9216398004767	14.7962827451761	14.7263469558363	14.8692929089392
Q8N122	13.2118621260905	13.1946483782456	13.2897630197348	13.2895711853798	13.3468952584042	13.4288404780445
Q8N126	15.1518610613126	15.0765414240484	15.1147432981608	15.2188680267181	15.1731802545093	15.1282833758045
Q8N128	9.10670053083306	9.31881911470805	9.38201729424648	9.1845153190521	9.19696844179602	9.26205869620667
Q8N129	14.5429220630686	14.6332323414705	14.5421583737852	14.4663536412925	14.5844544099016	14.6001932879553
Q8N137	8.340430061801	9.10567166544566	8.76095754076796	8.64016505868527	8.97919479402842	9.20762652662527
Q8N163	17.256225133238	17.2423104309299	17.1649300669416	17.1951069770196	17.2018976221129	17.1109256012126
Q8N183	13.5159648688126	13.623340684739	13.4910297280809	13.5195895993522	13.3629595668348	13.5102560864534
Q8N196	9.44308279443091	8.99993724342653	9.08092326626368	9.2279241303733	9.61240321510637	9.45113637901265
Q8N1B3	9.30674141570739	9.95853285045785	9.59619892696561	9.29293562553656	9.69883397010353	9.75349245876333
Q8N1B4	14.2392991540911	14.2696387143777	14.1614623716889	14.2268623318484	14.2845069940747	14.2280995359383
Q8N1F7	16.5354370083441	16.582727735072	16.6405502787279	16.5894186714648	16.6150730572615	16.5072677607445
Q8N1F8	11.7363021163365	11.8433886647037	11.8166606884566	11.7697038552218	11.9810938816591	11.971341948123
Q8N1G0	13.7136687220663	13.8198013098865	13.8543407616721	13.8333826036896	13.9168570749529	13.8279302273902
Q8N1G2	15.0522340748044	14.9118147693367	15.0566447007129	15.0502937309686	14.9338285441244	14.9272774571862
Q8N1G4	15.0237334644527	15.0580912274854	15.0875368396073	15.0688472327231	15.1211254677941	14.9711569322138
Q8N1I0	13.4085561582945	13.2546608162908	13.2677835790935	13.3927012014155	13.3684644921212	13.443194628478
Q8N1Q1	13.9866246770317	13.9768232184288	14.0226562485849	14.036238607999	14.0845768965895	13.9266242395954
Q8N1S5	13.2033024436787	13.2223052481635	13.1872827912589	13.3824341808976	13.3688495357282	13.4339848947725
Q8N1W1	14.9517656842826	14.9336041606435	14.964050854721	15.1063108240009	15.140841405495	15.0937992945958
Q8N201	14.8058474229888	14.8802048359011	14.8807193889823	14.7986088849516	14.8240863916593	14.8844203616776
Q8N2F6	15.852106480617	15.8852333481089	15.859771089955	15.8935534739134	15.921512881747	15.7990557289045
Q8N2G6	11.3977698898696	11.6177553796383	11.4630535930027	11.459772094836	11.6372052233405	11.7796468398798
Q8N2G8	15.0012623474233	15.1221982919387	15.0606268083458	15.0273366139073	14.965363865711	15.2281118412307
Q8N2H3	11.6908702112667	11.6698385126534	11.6057194874561	11.6107524048038	11.6894929234046	11.494904472385
Q8N2H4	10.5038334601898	10.6094850398181	10.2654066137569	10.8168372643523	10.4580428540656	10.8068156487082
Q8N2K0	14.9811357826092	14.9588167741402	14.9656654739206	15.0191997009472	14.9999597459739	14.9761521931751
Q8N2K1	10.2212531556055	10.3530896737699	10.518749824702	9.90756528611703	10.48817326267	10.6163764549814
Q8N2M8	13.2887104003412	13.4196115281423	13.5736838637634	13.3027396226757	13.3605733476823	13.3438493383227
Q8N2N9	8.9235219690142	9.15167557654071	9.06499240918292	9.12612223104944	8.96196322040738	9.20986585885289
Q8N2S1	13.8650265276136	13.871877185999	13.810019296897	13.7500558197265	13.7998620623029	13.7069556035487
Q8N2W9	13.3857001059934	13.4453567726839	13.4013998943711	13.2632596707372	13.3501410822569	13.2956583336996
Q8N2Z9	13.5672492863387	13.4586757801048	13.4886589951675	13.3042994152814	13.5476039408047	13.4955838854749
Q8N300	11.8763462849495	11.8646368369214	12.0284776156694	11.8653507524462	11.801956216863	11.8836285332761
Q8N335	11.9257654918427	11.9235667912985	12.1713643419792	11.9545989423556	11.9515989113451	11.832223534157
Q8N350	10.1146994522005	9.43602117978519	9.40123139756727	9.93229086452392	9.93572370285743	9.91384593469923
Q8N357	9.12205839217944	9.16629246142343	8.84811823008339	9.00091793018215	9.17940184743084	8.9172962224867
Q8N392	14.9314088676434	14.9677344444176	14.9118109236113	15.1303186912852	15.1590108838668	15.0493536597849
Q8N398	10.8324916509821	11.0149214750261	11.0064149711708	10.6012650468467	10.540615529163	10.6865787297403
Q8N3C0	15.2657635192202	15.2848638436771	15.236813877835	15.1655341510024	15.1857997674536	15.2808817698447
Q8N3C7	9.34600047569498	9.6132743669857	9.9023276196785	9.64288658594628	9.77010827066311	10.1625749136042
Q8N3D4	15.5937703645558	15.5767035080721	15.6205238468568	15.609319811847	15.6199540158072	15.6152488436344
Q8N3E9	15.1277448468464	15.1138740073237	15.0925951163406	15.1650462136044	15.176497873636	15.0727811310854
Q8N3F0	8.16659698901363	8.36296302349967	8.34580886739965	8.45297272718591	8.53633142579342	8.23538229449592
Q8N3F8	14.327925372676	14.3689265668051	14.3347866151077	14.3551143566381	14.4641770325662	14.3109148998436
Q8N3J2	13.4740974019131	13.451809005071	13.2948732484744	13.2361092805339	13.3142095293809	13.4196544954787
Q8N3J3	9.34320450209652	9.15956260067936	9.50455803249995	9.52821732624782	9.55346197084125	8.8529561890478
Q8N3P4	14.6735063207336	14.7009614778836	14.7069493650083	14.7300014925915	14.7615816969668	14.6781351374739
Q8N3R9	14.3858206224679	14.3379935695919	14.3989386888197	14.3617841881664	14.4328552987553	14.3382731944902
Q8N3U4	14.6890589651431	14.7233160671547	14.7658840169575	14.6996379789626	14.7393883633782	14.7171915284459
Q8N3V7	15.3904279641042	15.3758337541079	15.2566586462338	15.3612232953296	15.3615441614305	15.3244661130046
Q8N3X1	13.8801048319329	13.9640115421413	13.8377005050505	13.8028152049593	13.8409087956534	14.0230742695544
Q8N3Y1	10.7599094839915	11.159627711004	10.9355441347475	11.1345653349061	11.0396329173475	10.9849474711944
Q8N3Z3	11.0992705981983	10.9244138943548	10.9900759139331	10.946083438221	11.0294554747701	10.8840694075342
Q8N427	8.71286447529457	8.83076843245115	8.76122432363422	8.28385744639204	8.30915997658537	8.90051082990955
Q8N428	12.9565720448259	12.9869769583587	13.0789950095724	13.0336321419887	13.0027555820823	12.8864727524851
Q8N442	13.2768703376047	13.4065110489123	13.4760229409612	13.237027354011	13.4379553402337	13.5010846499425
Q8N448	11.1603789918039	11.3010313059535	11.0523487706431	11.2462900917836	11.144252281377	11.1637190924578
Q8N488	13.0132338826951	13.0550632742942	12.8645269249252	12.9423609505968	12.8584930449176	12.9307970422682
Q8N490	8.94662557992385	9.28991454322119	9.40341231054403	9.4233949360962	9.21403616145175	9.6074064752222
Q8N4B1	11.2375669776494	11.2227992142824	11.2109045747219	11.2398925738932	11.2428798538402	11.2514106606275
Q8N4C6	12.4178726441047	12.4510431219628	12.6936738009933	12.2906620350334	12.5304632363663	12.5229293821614
Q8N4C8	11.8198220778908	12.0748757328161	11.8890565900338	12.0187113833796	12.0917655131999	12.1097089369119
Q8N4H5	13.722351485569	13.7315574978973	13.7891883210608	13.6948905914898	13.8201104508569	13.6357915597545
Q8N4J0	12.9974269321617	13.1144955364394	12.9337626690596	13.0076246248073	13.0629778363805	13.0351333113501
Q8N4P3	11.8715030997294	12.0443287180669	11.6859964836146	11.7649536361436	11.9706996603704	12.0023132311037
Q8N4Q0	11.7951871986826	11.939228413527	12.0723618093658	11.7513636050573	11.7105238703191	11.9659836367385
Q8N4T4	7.90872385379858	8.33043358331734	8.20718868074001	8.26485286664091	7.97444916815052	8.2171142653357
Q8N4T8	11.8542292110099	11.6634013251012	11.7930198952931	11.5685213641369	11.6799228381378	11.5818442028843
Q8N4V1	11.1445613242571	11.3670401427875	11.2794033919178	11.3393603121072	11.68131160164	11.2010102036279
Q8N511	8.78469317352001	8.61258959755228	8.84566728502961	8.31831504086545	8.29018976543358	8.65267081933905
Q8N531	13.8967056479766	13.904808420138	14.061247841135	13.8940671675124	14.045145658418	14.0216409281694
Q8N539	6.90610302139432	6.28440747545985	6.4844641435162	6.13864991445584	7.43106206126121	6.36679829593243
Q8N543	14.1067074660881	14.160205436406	14.190013317068	14.1317088897577	14.0950987234259	14.1442406464097
Q8N556	13.9432308075094	13.9476078686367	13.8726039388134	13.9390740592858	13.9187305326093	13.8963362729344
Q8N568	9.59588166921097	9.51222198106658	9.17846090120898	9.88177764467183	9.83546923349627	9.38437200312678
Q8N573	14.3266312377641	14.3450404978739	14.2867551768464	14.2162791230049	14.0931884996458	14.1864781824179
Q8N5A5	14.0470712264967	14.1586711076136	14.1329028680834	13.9810788595772	14.0152019903385	14.0874669269522
Q8N5B7	10.2769601478494	10.3398192111007	10.468578031196	10.4300739054611	10.4298435044314	10.4270584594597
Q8N5C6	14.6772637345977	14.6534041424797	14.7716081491785	14.5798911300073	14.6888891881301	14.8237978283684
Q8N5C7	10.033008614177	10.1412546908895	10.2655359133113	10.2980363544081	10.5862789172285	10.1394405295995
Q8N5C8	12.4275502834395	12.5103723505263	12.2591797793272	12.4653404113081	12.4339686348952	12.4620454105428
Q8N5D0	12.891192549902	13.0199342479366	12.8327270960215	12.9430133873547	12.9482920439149	12.8951451829591
Q8N5F7	12.9346066274618	13.0572824141172	13.111890899933	12.9969940678631	12.9348011831079	12.8912467426134
Q8N5G0	13.5001271705687	13.6168545989522	13.5145153335413	13.5625303635847	13.7065650328851	13.4355618315909
Q8N5G2	12.5016349411178	12.3566041579461	12.5286271289213	12.3523183556818	12.2934412485873	12.6101117234987
Q8N5H3	9.15982905615976	9.66089658573978	9.42392606411157	9.48056155201036	9.07409279123634	9.40049624890327
Q8N5I2	8.54627326237472	8.04926764495226	8.36388394635739	7.40333405750873	8.41228917588093	7.85794116195154
Q8N5J2	10.8494910745923	10.3165083186269	10.6365480271726	10.5138957845145	10.8873690651341	10.5009918596825
Q8N5K1	13.6689716394303	13.6906296601597	13.6517176038115	13.8590619940808	13.7668782436882	13.5518509506255
Q8N5L8	12.9235489659741	12.9943298111751	12.9599931278057	12.8301654929737	12.8303680859275	12.8310933438585
Q8N5M1	9.75093078048307	10.3272952871133	9.92283367137575	9.84285166161487	10.1931243459525	10.1423918727494
Q8N5M4	13.9803551999858	13.9033325837487	14.060458805886	13.9469446183519	14.0555590986677	13.881526453899
Q8N5M9	12.9030530455156	12.754051987837	12.7371242780896	12.7314400632553	12.7973958099529	12.9411331779568
Q8N5N7	14.0830345569697	14.2336641018739	14.0959085873864	14.1555003866028	14.1888029363912	14.0010287474079
Q8N5P1	12.9972926958791	13.0764302078647	13.0064395874495	13.1057133025778	13.031807358425	13.1803682213333
Q8N5S9	12.0975487099704	12.2157242180628	12.1077500424296	12.3390904474643	12.0563551296479	12.1114799759482
Q8N5W9	12.1238961930507	12.1355624580352	12.1442899322955	12.0544736348344	12.1602847161793	12.3088239252266
Q8N5Y2	6.97698151664726	6.5433276836745	7.74209149224865	7.03306733707666	6.51684463808015	7.92894432702291
Q8N5Z0	7.97587111055751	6.73753690105397	8.05501694996912	7.91590209444811	8.5421229785423	7.4730479531795
Q8N612	12.1769124558332	12.1625221496134	12.2517563622152	12.3636013572579	12.3362717946628	12.3397007314849
Q8N653	11.8553089539325	11.6832026887734	11.6362650090191	11.844761376266	11.6669126010004	11.838139684413
Q8N668	14.2636918145255	14.1729330156636	14.271611662382	14.2852117249125	14.3036353938271	14.1896109024798
Q8N680	11.1175342576817	10.9060654305637	11.0999797087425	11.0068107000536	11.2303794819845	10.9043970133555
Q8N684	15.3423658303022	15.3294235741035	15.2935841665348	15.1702982130387	15.1690236321397	15.1579388642515
Q8N6H7	14.1864048825353	14.1480986813544	14.1778849043108	14.2635708481117	14.2691673980217	14.1845235540822
Q8N6I1	11.5013455713763	11.3420413616029	11.3603332296589	11.3443051179748	10.9549119496836	11.3086273974295
Q8N6M0	13.1172588959134	13.1305603574974	13.1395230376141	13.0870607434679	13.1572822878126	13.1437014842414
Q8N6N3	13.4808248368459	13.4491213063692	13.4578770087001	13.4216017451868	13.5872612925878	13.4560502836338
Q8N6N7	13.9747620204247	14.034367893052	13.9867804318035	13.917620952921	14.029728854407	14.0239542251553
Q8N6R0	13.9461993168714	13.8838642014454	13.9250026634633	13.8427074829056	13.9464294787912	13.899871554791
Q8N6S5	10.401974397863	10.5425270022876	10.3037545441312	10.7653394797366	10.7611431845974	10.4584676415227
Q8N6T3	15.9251470729949	16.0343028689366	15.8678105825497	16.0067930375052	16.0176001779701	15.9446143787822
Q8N6T7	13.6794343345476	13.663006370672	13.7307634079654	13.5664000653561	13.7364704444158	13.7503457064083
Q8N766	15.8862537094146	15.9087439628351	15.9893119217631	15.8463931764055	15.9002836442298	15.965132766898
Q8N7H5	15.1018287072857	15.0704165282019	15.1866171980199	15.1202701421935	15.1622243503808	15.0988745623084
Q8N7R7	12.3277426316354	12.4970901830922	12.4092678696414	12.4158718204488	12.6031951884347	12.372842285558
Q8N7W2	10.4948980924046	10.1218829499003	10.4904666388037	10.3917353653446	10.1907994740098	10.2520024913785
Q8N806	14.1814708211498	14.2545084127023	14.1157412031841	14.1006830672743	14.1861208404633	14.1635532427628
Q8N884	12.3964640004216	12.459514314093	12.4759569103575	12.4950434852128	12.4733692357499	12.5014964761393
Q8N8A2	15.0461917329165	15.0568708458038	15.1194625794062	14.9725761446563	14.9556976795104	15.0720538712317
Q8N8A6	14.9232654726954	14.9480885665402	14.9178475367588	14.9391419331668	14.981123535077	14.9357780613593
Q8N8D1	11.1354929312847	11.3095066928404	11.0048597778059	11.0887097951402	11.169368781661	10.9020062275573
Q8N8E3	7.4107320807797	6.69920609816875	7.586615121276	7.72924777108523	7.56203846791134	7.45357086543927
Q8N8J7	12.1279826797608	12.1551477841852	11.9220285460762	12.0389226312999	11.9205193778711	12.1061424688415
Q8N8L6	12.1162199155291	12.1812951834589	12.2623470635839	12.1843070971718	12.0233837979728	12.1345762479938
Q8N8N7	14.179231126318	14.1785394162767	14.1625326401923	14.474220462695	14.0573665042953	14.0607445737849
Q8N8Q3	8.19937393798371	7.95877234166705	8.51671684483644	7.87272392131582	8.38098644918302	8.55031964812174
Q8N8R5	14.2409191234774	14.2017799501495	14.2364826069844	14.2639980796369	14.2044131047943	14.2061349443257
Q8N8R7	12.2518539671969	12.2451996248036	12.184142968829	12.1583820925166	12.2894393907271	12.313913967292
Q8N8S7	15.855889724706	15.7921863667729	15.8402762384413	15.777685292466	15.8640832328178	15.7447418036888
Q8N8U2	11.6911873916661	11.9568328174313	11.968258616686	11.9383360552994	11.6474797015948	11.7741511369693
Q8N8Y2	9.89173151540395	9.9393801164757	9.89132453243744	9.75620273570114	10.0304670348123	9.9650159078853
Q8N8Z6	11.493565124736	11.678225503116	11.5427113479556	11.7129418807602	11.7520001571374	11.6212571235112
Q8N954	13.6566375776819	13.687125361188	13.6904948389387	13.4743950379458	13.6846519611661	13.5372248414468
Q8N960	11.1664601159763	11.0440712756351	11.0846921252195	11.1462311977201	11.1539075206179	10.9736467349431
Q8N983	13.3393562284497	13.2730771160562	13.2629771552876	13.3474554495631	13.4602394999715	13.3365551128455
Q8N999	13.3857895961536	13.4605056418168	13.527204987444	13.3290213663118	13.3312620408258	13.475459596635
Q8N9B5	8.78710872057424	8.99358123462287	8.79672948854731	9.22216329097937	9.37112044356399	9.37841170480796
Q8N9F7	13.0360708262142	13.0608758048965	13.123996310028	12.9350885881929	13.0322747662568	13.1269791186399
Q8N9L9	9.92070250659381	9.64641745965049	9.98853860295898	9.65869776143447	9.20320029902168	10.1392311500276
Q8N9M1	12.1272717981991	12.1630808553146	12.2892533557113	12.0841029983157	12.224025284554	12.2593505285196
Q8N9N2	13.1756964702647	13.3544768703865	13.5144015840222	13.3756945827528	13.3834449032121	13.3648841987627
Q8N9N5	12.6116037184309	12.6876797130434	12.7849724628123	12.7151158327277	12.7051492281857	12.658033012252
Q8N9N7	14.9673744062488	14.9948353370312	14.8884275099289	14.8970987572289	14.8604649936276	14.8380605831338
Q8N9N8	14.5107504551073	14.5883569252813	14.6107304493878	14.6224833664996	14.700276710196	14.5748291667011
Q8N9R8	13.0799110601243	13.0438702269974	13.0858757818355	13.0505673015075	13.0225883054833	13.1134413029567
Q8N9T8	12.8142837586012	12.8201555951842	12.8853507702004	13.0114754547169	12.8163078669058	12.9228208643762
Q8N9V3	11.1218387967305	11.1217492741957	11.3981682814028	10.9063394549452	10.5502939232427	11.213682441461
Q8NAF0	10.7031678964232	10.7765917485306	10.5553716043633	10.9043687323539	10.7583775348982	11.0679629689627
Q8NAP3	11.5617590090275	11.4668577391822	11.4881516429506	11.9242978769584	11.1516051584282	11.987708808899
Q8NAT1	12.6069126326021	12.5321640075924	12.6330628702017	12.6066781758486	12.6765112954227	12.4824641222578
Q8NAV1	13.167001829068	13.1193895309189	13.0148268225207	12.9727798195648	13.2187238167321	13.2197708005423
Q8NB14	9.62550316564387	9.82108620947	9.82498347146157	9.53545573954493	9.31054687495304	9.73315037651911
Q8NB37	12.6983844709079	12.7094051774341	12.5889559916889	12.7629192907075	12.5422771608688	12.5486432992047
Q8NB46	13.4995945510374	13.3335015810162	13.4191485505191	13.3858620589708	13.3153828138825	13.1930541690328
Q8NB49	14.8987314783581	14.9933912900155	14.9913753005883	14.9488103522089	15.0005966957559	15.0222836638097
Q8NB78	14.5361962204102	14.4816104962933	14.4805008834212	14.4501889338517	14.5226338568554	14.4899691353865
Q8NB90	15.0639260025925	15.0928875712814	15.179435201591	15.0576481848742	15.1475812779259	15.0289484477887
Q8NBF2	16.1645546643265	16.2042668556099	16.1402708069345	16.2342925713263	16.2576720865491	16.1876160472958
Q8NBF6	13.0636647135781	12.9713364898373	12.9433591268887	12.7518614973288	12.8371488592196	12.9245839264875
Q8NBI5	13.5901133086539	13.5472303780038	13.5029462036483	13.7391396097591	13.6667210733385	13.6914719300018
Q8NBI6	11.7247290152827	12.008392697557	11.8780014015248	11.562862197806	11.962700686853	11.6804123171619
Q8NBJ4	14.4761956199792	14.4996045500092	14.4270243648478	14.7282722919812	14.6952579373015	14.7182425799729
Q8NBJ5	15.9375425925048	15.8130602910434	15.9036286794653	15.8155375934818	15.7128099206833	15.7157805322181
Q8NBJ7	13.6828798091715	13.6390121245457	13.7166402144689	13.7383009901836	13.6534473456131	13.7244175694404
Q8NBK3	10.3403491728413	10.3662391813764	10.4030917947414	10.0772339906958	10.4423607214701	10.5082972089723
Q8NBL1	14.9585946352286	14.965820437064	14.9563614632167	14.9527585845393	15.0766757287784	14.9748556015927
Q8NBM4	11.7132913805434	11.9530248213928	11.9246919437155	11.8619475899087	12.025559690096	11.9482253993555
Q8NBN3	14.3534829050696	14.3037573939813	14.3999483043734	14.4472305630069	14.305342361606	14.5246865106506
Q8NBN7	13.7816891398011	13.7662298906453	13.8159419435381	13.7058078209571	13.851947143537	13.929614571759
Q8NBQ5	14.2793846715012	14.3107458665241	14.286044134002	14.3269229630978	14.3409388431769	14.3860206256207
Q8NBS9	16.127875044721	16.1694462115194	16.1405410065595	16.366677600674	16.3883471345492	16.248117197377
Q8NBT2	15.55960401089	15.6213203855779	15.5353732758923	15.5405691978441	15.4879179924588	15.5024008931336
Q8NBU5	12.7344515179409	12.815433576593	12.7821581118613	12.9720407688349	12.8421724571577	12.7965701211585
Q8NBX0	14.9043936179506	14.8758498190401	14.7342993299458	14.92859561567	14.9995407049608	14.8641592504931
Q8NBZ0	10.6255474207717	10.6736278121022	10.0972878173134	10.461049555365	10.4649376897816	10.1996386667127
Q8NBZ7	13.771724839599	13.6992408123766	13.6857747107531	13.8809326442565	13.9269949007363	13.858818298643
Q8NC42	13.244420202704	13.2650199593349	13.2579227913918	13.4584812024915	13.5945632574948	13.6943151873124
Q8NC44	9.55680120961866	9.98913289456265	10.0600946204874	10.0354967395573	10.1251457802058	10.0099866670216
Q8NC51	15.837070887157	15.8836351038128	15.8429808029766	15.8983460630385	15.6496329325583	15.9200820926277
Q8NC54	13.4867264492167	13.5551307079531	13.5660905328386	14.0746043193217	14.1329840428089	13.9655572599529
Q8NC56	14.5205094686817	14.5036830767392	14.4715979265716	14.5941744146924	14.5100876139418	14.4533463156387
Q8NC60	14.4608127963265	14.4802035124719	14.4250762102223	14.5315692563087	14.4178877965308	14.4423015187271
Q8NC96	12.8765113185914	12.9168702305544	12.7722732122578	12.8123785666929	12.8732256942563	12.8745136248142
Q8NCA5	14.8123267292373	14.9165138756691	14.7618587768589	14.9525891780865	14.8813240929939	14.7681511711903
Q8NCC3	14.6697564641996	14.7507585495953	14.6441578389132	14.4223617905436	14.4859792667849	14.4575059193696
Q8NCD3	14.9492849406452	15.0458085615347	14.8224718997167	14.9982476502332	15.00089082433	15.0675240510652
Q8NCE0	9.14980188892866	9.41716950877533	9.19650118296993	9.0181373676627	9.12721469985502	9.57144110856382
Q8NCE2	13.2543675235373	13.2555733768937	13.2505380194857	13.1966236452275	13.3763843662358	13.214888924122
Q8NCF5	15.349474024439	15.3849688732719	15.2549472201485	15.3254852399791	15.3569008265122	15.2445837200789
Q8NCG7	14.8418487321846	14.7913818950389	14.907563906847	14.8644088131594	14.9365781845317	14.8355141265684
Q8NCH0	13.3021837997076	13.47574944911	13.3640211825088	13.4860986217213	13.5295236180369	13.4513425331898
Q8NCL4	12.6691554742888	12.8735776662012	12.7876933520815	12.7694084158189	12.683637884944	12.8921185373224
Q8NCN2	9.12803734845179	9.67539578744734	9.20466522244147	8.48160772730441	8.21516391484611	9.06774906569371
Q8NCN4	10.9310077396002	10.8770169769881	11.0980272681916	11.1810310862167	10.9165758888335	11.0503352789313
Q8NCN5	16.0682210409749	16.0129308047793	15.9949292984598	15.9960794337706	16.023675684207	16.0000245983159
Q8NCS4	9.82820069812997	9.34351516432916	10.4088714974413	10.3709857666288	10.4067254816291	10.5098276334829
Q8NCW5	15.3298256120185	15.4053628177874	15.2970329383431	15.461405568728	15.4406735028171	15.2611466275395
Q8NCY6	11.1190124450716	11.4387494685554	10.9871279607294	11.2827019748377	11.4761872821337	11.5217006274933
Q8ND04	15.8846324208397	15.8979318104427	15.8497018621492	15.908073565298	15.992507946274	15.862181010303
Q8ND24	14.2929955404498	14.3629156623783	14.307650454149	14.2736764082532	14.3336424750966	14.3696851395799
Q8ND56	12.7056661881791	12.7743548287938	12.6454839711027	12.8005735675679	12.8695386187866	12.780739744095
Q8ND76	10.8778471635618	11.1393542717788	11.0363867879954	11.1676415004877	10.9229912832295	11.16349032927
Q8ND82	12.8802671179692	13.2442697318939	13.152699783379	13.2363991105781	13.2163805126573	13.2116855261968
Q8ND90	11.6482692259602	11.4506653493334	11.4651533252445	11.5904672714409	11.3529226187299	11.416154261514
Q8NDA8	12.9653515294236	13.0714883929432	12.9866128751302	13.0453931203192	13.1969390615552	13.1098009539482
Q8NDC0	12.9564313138267	12.8071176036898	12.8209180654136	12.9237990690266	13.0081078087614	12.7938495412542
Q8NDF8	12.3163963696013	12.4153083515414	12.4074447204294	12.2839823818556	12.2852921793834	12.3721891375619
Q8NDH3	11.4877949442671	11.5530044688989	11.7138644225787	11.6453955462012	11.6413649258791	11.7060448805854
Q8NDI1	14.9207374457861	14.9102657928052	14.8984216492301	14.9074373436086	14.9439732670747	14.9952090696358
Q8NDT2	14.4733483958886	14.5203842737055	14.5084121374027	14.4926208834094	14.5128450254571	14.493023624981
Q8NDV3	11.5632788429994	11.6500462526565	11.690709322148	11.7378835243484	11.7497129479057	11.6214236924294
Q8NDV7	13.739308758296	13.6286151874018	13.791639088631	13.4730319380926	13.5130197876143	13.6147877217651
Q8NDX5	13.8380833416364	13.5731094909309	13.694775182879	13.3388739848831	13.2282398816348	13.4089690094875
Q8NDX6	9.31420148854374	9.47687339968292	9.36054233742995	9.10586093929865	9.15155895818354	9.06321909969241
Q8NE01	15.1739031937279	15.2103059263444	15.2196586646689	15.1612886585794	15.2414137737658	15.1445365926601
Q8NE22	12.4609386697682	12.344423354892	12.3198132545817	12.3663074209412	12.3750086645443	12.3962357813416
Q8NE62	10.4760376308022	10.3319135078359	10.5852219587005	10.6422110168782	10.5782410730326	10.5321926779783
Q8NE71	15.5645659096905	15.6882874488275	15.6025940410479	15.9628730838602	15.4658814163243	16.0375542133514
Q8NE86	14.3294976888027	14.3614551872556	14.3386856231798	14.2983009512515	14.2559028704602	14.362269683723
Q8NEB9	13.4504511227437	13.5366217504442	13.4385554198642	13.5098302327898	13.6842528036274	13.4989591616155
Q8NEC7	13.9374581206192	13.9540135213856	13.9374498435503	14.0561871582327	14.0755355141861	13.9253211328163
Q8NEF9	14.4276145308149	14.5504226437515	14.5394923944393	14.5220250451831	14.2476552031899	14.5058428922246
Q8NEJ9	14.7035924397098	14.7468439297437	14.6744160832616	14.763173242919	14.7718469094554	14.6171216159459
Q8NEM2	14.9102851025059	14.8797190576533	14.8387807254587	14.9715974151585	14.933128240952	14.8881065083753
Q8NEM7	11.7137910115897	11.7703460478465	11.3720950956766	11.6160551369716	11.5061256590503	11.4027463081779
Q8NEN9	13.9496666588323	14.0875729142717	14.0037090171164	13.9988592332115	13.8242881981509	13.9253641389469
Q8NEU8	14.8443184874781	14.8262569504988	14.8205995975769	14.7840133314726	14.9259695466756	14.8911919141521
Q8NEV4	9.98640285101348	9.89570494692892	10.1434299187611	9.91819345096057	10.3030999677911	10.0789272349628
Q8NEW0	12.3302191403121	12.4401652846579	12.3640870512248	12.325359800962	12.4086114273019	12.5511046300327
Q8NEY1	10.5473365290244	10.4047857843195	10.2393827654079	10.2789625755758	10.1085426664561	10.50248483182
Q8NEY8	14.595231442597	14.6529723310324	14.5942301623683	14.6362775553761	14.5803480523142	14.6744858629558
Q8NEZ2	11.6142739221654	11.5443533440644	11.5970118366322	11.5177256367698	11.7159781524832	11.9052523492677
Q8NEZ3	13.5378416782111	13.3817978149769	13.4486834373713	13.3054732824964	13.4989714853144	13.5456951195643
Q8NEZ4	13.8399201823318	13.8163569159928	13.8699159778568	13.9332293525154	13.8151232434071	13.950098295964
Q8NEZ5	15.2285583953051	15.0915772716243	15.143102083498	15.0689717031861	15.2234450537825	15.0783968463762
Q8NF37	14.7412303641589	14.6972691781987	14.6618352331154	14.7880943178025	14.6728583057896	14.6519091465787
Q8NF50	9.64362229900152	9.03536885016083	9.62044429237879	9.69574856009416	9.66547592782125	9.60125460761124
Q8NF64	6.49977834962762	7.0712127752794	7.2312208029097	6.3818617725535	7.27066903683908	6.90029119147708
Q8NF67	11.4655317312054	11.4585196584534	11.5188484401735	11.524509260236	11.4274128387837	11.5348038113326
Q8NF91	11.5530309289568	11.4685721469956	11.5333013655908	11.4648016902261	11.5285878343184	11.6520880102227
Q8NFA0	14.6185771292755	14.6251389149724	14.605226720819	14.5174659065631	14.5664500867626	14.6472386208553
Q8NFC6	15.0798448975293	15.0472367409768	15.0576581434145	15.1327983502428	14.9307910182695	15.2579419705643
Q8NFD5	15.7557496890237	15.6987034884295	15.75736210584	15.7554863595735	15.7992442816053	15.7512296108115
Q8NFF5	13.1859885717417	13.1229786237297	13.1362050991241	13.2018216553734	13.2072052239786	13.1482187049207
Q8NFG4	13.496772765026	13.5994604418445	13.5667488859931	13.4731476081701	13.6856384043483	13.5554819742386
Q8NFH3	15.3436816628289	15.2874411239166	15.2022405845815	15.2448381457216	15.3416888542704	15.1925627266202
Q8NFH4	15.1892015500401	15.276630048208	15.2054305354491	15.2026828681923	15.2709624652022	15.2010763779699
Q8NFH5	14.1485310669372	14.3469465258158	14.2723203470243	14.2534776536707	14.3973273924452	14.2471625369399
Q8NFH8	11.9796239667389	11.716769617134	11.9504960755492	11.9697971806336	12.1080671902592	12.1822226298706
Q8NFJ5	12.39234741956	12.3878384171342	12.2532537659964	12.3829591859389	12.3492236210965	12.3581294306823
Q8NFJ9	9.93150899239589	9.42434094812068	9.6723811822214	9.79076725222582	9.7527617551284	9.72901330386713
Q8NFQ8	12.9498853693247	13.1022763449371	13.0295352573622	12.9586222661206	13.0746000023717	12.9198006578368
Q8NFU3	13.2382454464098	13.3165039386056	13.4351761791848	13.3410344819898	13.1710334672454	13.2995177185299
Q8NFU5	11.1234849484404	11.4066852449536	11.0154315377806	10.9306603399927	11.1208456427722	11.2213953443057
Q8NFV4	14.173005009185	14.3592060657099	14.3012276218355	14.3037826383504	14.2996715243077	14.3033635621774
Q8NFW1	11.3951179894093	11.6186082323262	11.5929895370184	11.4867018206735	11.5799929902227	11.4668597916343
Q8NFW8	15.2292174507224	15.1811440496536	15.3068782526462	15.2027159108944	15.028843325045	15.1886472805809
Q8NFX7	9.39622732322293	9.19935209231965	9.2915697415415	8.71435995744642	8.96669751159818	9.62720004887606
Q8NFZ0	12.8902542282466	12.7983875644064	12.8679934879076	12.7309452549531	12.7396846810382	12.8050715550552
Q8NFZ4	13.2833539842199	13.3015403505362	13.3337849901235	13.1829380338212	13.344603547131	13.2674412015517
Q8NFZ8	13.720701711359	13.7790413679224	13.7066555795756	13.7838594205902	13.8430506404575	13.6929091192404
Q8NG06	12.0717346283098	11.750602406313	11.9437282916705	11.8368423829288	11.8214387368168	11.8490247648968
Q8NG08	13.4911839262389	13.5661866521464	13.6617487140864	13.5493892010675	13.3609867257427	13.6491479619931
Q8NG11	10.5609493184641	10.300440884402	9.89831552579474	9.66829254513064	10.2463666925112	10.0189920457627
Q8NG27	10.7248322973131	10.9046054485919	11.0941475342766	10.8117624910816	10.687805411633	10.9349946668625
Q8NG31	14.6837277730533	14.7858682388422	14.712616950383	14.6680468568218	14.5712563060539	14.6363171107014
Q8NG68	14.2647316349848	14.1819364240147	14.2734145041268	14.0995051877054	14.2339361734399	14.2060530360805
Q8NHG7	13.7089370127893	13.7368737454271	13.6852464905713	13.699920484476	13.7691497139621	13.6972605141665
Q8NHG8	9.79330724745064	10.0429280996765	9.83439604936486	9.71867157278685	10.2330454344098	10.1912585245293
Q8NHH9	14.5053678021256	14.5207600675455	14.5805856647866	14.4740619884708	14.4087008880129	14.449004001396
Q8NHM5	13.3607639043235	11.5835608969752	11.934502133474	11.8272765202105	13.3466052098816	11.2408786132928
Q8NHP6	11.4363752945994	11.3496122682537	11.2849631411355	10.7836846804262	11.4487668481498	11.2679440352475
Q8NHP8	14.4011522486054	14.4740082114338	14.515045016157	14.4564878872799	14.3784621167836	14.3608169267693
Q8NHQ8	12.3443712700458	12.4868719037456	12.5280050379616	12.3039900558338	12.4055249300192	12.3868898539199
Q8NHQ9	13.3793855470352	13.3305232313111	13.3254283447315	13.3247769734523	13.3459997033239	13.464261928548
Q8NHU6	13.346077691319	13.2262833344702	13.2734071978806	13.0759662536869	13.2512120544579	13.3388374145034
Q8NHV4	14.0299637119837	13.9531825931546	13.9901248176592	13.9724224005763	13.9867648619462	13.9434858613254
Q8NHY2	11.29229007418	11.5436550164024	11.2038619349826	11.1123858199754	11.2545524783123	11.2407756141785
Q8NHZ8	12.3726579976114	12.5355848068541	12.3947816528723	12.4879484366189	12.4487550982401	12.5142656758663
Q8NI08	9.58208303667507	9.67295285850728	9.90563487482538	9.52891094316527	9.74847634553774	10.0267347265537
Q8NI22	10.7214200802522	10.7083150664775	10.5114335101578	11.1100512855146	10.6425981743151	10.8824302021773
Q8NI27	15.9002246937927	15.8945975597755	15.8737472652453	15.9328017964335	15.8544771835767	15.957775104148
Q8NI35	15.3837710448167	15.3480636236934	15.3318764766563	15.3093854268374	15.3411907891257	15.3284014011066
Q8NI36	16.2626473536407	16.267218827732	16.2770742056036	16.1968632189002	16.2269263688969	16.2514601012391
Q8NI37	10.0863944871958	9.81392232193657	10.0276115378655	10.1211581141831	10.1123847580693	10.061967793127
Q8NI60	11.1828379704848	11.2701009084461	11.2392451153741	11.3851815344959	11.4176970393519	11.2622456474902
Q8NI77	11.3920515344719	11.4240374282372	11.5659712338134	11.3955228871388	10.9163923662215	11.5230207721767
Q8TA86	13.067324569449	13.1827696108674	12.9731251013304	13.0879435465481	13.0679586499227	13.2121349003731
Q8TAA5	12.6832209413708	12.6565639332223	12.7470227210434	12.6099043708418	12.703212045355	12.7992137988465
Q8TAA9	10.6864647734594	10.845721471746	10.6030894516748	10.8279545589708	10.5198363886146	11.0060051466142
Q8TAC2	12.1454605086743	12.347336018557	12.4447570289352	12.3935171508247	12.4099663348265	12.485880488433
Q8TAD4	11.4913205343073	11.4256518538948	11.4132070455143	11.5063006364599	11.6750616552391	11.6563903557109
Q8TAD7	11.9117210493963	12.1249207308276	11.9781545470407	11.934662467039	11.942849128486	11.827033200125
Q8TAD8	14.6964404502095	14.7563631006612	14.6775875692973	14.8312231451835	14.713796371178	14.8373818180297
Q8TAE6	12.1161529858399	12.1209937736901	12.0481254234859	11.9792822807244	11.900445837462	11.9059636024783
Q8TAE8	14.864770781646	14.879523396047	14.8797013735763	15.0228275037344	14.8833772539206	14.9147126785168
Q8TAF3	15.6879588080985	15.7001100749005	15.6453688018261	15.664251191597	15.7212372897407	15.5929451820807
Q8TAG9	13.9615843209708	14.0626369429715	13.9261984030328	13.9885580775253	13.9731002062585	13.9464364966414
Q8TAP6	13.2150186664732	12.9300014956096	13.1031188466709	12.8773259702473	12.9821301710327	12.9704072320166
Q8TAP8	9.31727338789029	8.98225786852745	9.71523346088393	9.35014553398183	9.77303924973488	9.36737046600858
Q8TAP9	8.54309046697615	8.53801612300857	8.5289894834699	9.14983695339592	8.92587095548357	9.08905620228325
Q8TAQ2	16.7173361504033	16.7170297069244	16.7209142005662	16.7807824224692	16.7970324306008	16.6796149131898
Q8TAT6	15.2568932250604	15.3358775368348	15.2635992480322	15.2766630729258	15.2536363812158	15.1423400004247
Q8TB03	14.0077086074862	13.8765476523411	13.8427464454569	13.9542335009569	13.7858513308715	14.0521212103057
Q8TB22	15.9074310953347	15.9237946668423	15.8905056733395	15.9740455762459	16.0410144426258	15.9089492602952
Q8TB36	12.4184442810392	12.2223753798381	12.336982152291	12.2223719152877	12.3602573020881	12.4405171790653
Q8TB37	14.0428387525753	14.1948764814376	14.1625231722709	14.084241703433	14.1215976185784	14.1092042229903
Q8TB40	9.93301170669177	10.1563555384616	10.2042973600348	10.3777551511114	10.1868599883217	10.3753531605769
Q8TB52	13.6903215888976	13.6381385417746	13.8248857645737	13.7325013941027	13.8082488945785	13.5520388358209
Q8TB61	12.5287957067399	12.6139778192648	12.4610226535478	12.6571574286534	12.7122692142452	12.7101209936307
Q8TB72	13.8617395001864	13.8396263649195	14.1313065620855	13.9720838474493	14.0632741008306	13.9325802598488
Q8TB96	13.7471896235804	13.8575761177001	13.7675490729064	13.8708934003924	13.9557663071621	13.8703392654171
Q8TBA6	14.3734759544633	14.436827985405	14.3630224914044	14.539395741264	14.5383519497637	14.6184725764882
Q8TBB5	12.070426639744	12.0799625185884	12.1096402715289	12.0768206160751	12.1524769106519	12.2108237189433
Q8TBC3	11.3222717936395	11.2129440865651	11.1621949125758	11.2440770189683	11.1696824823145	11.2570232744083
Q8TBC4	16.172497730113	16.1304455467247	16.1733827698584	16.212894039807	16.2291876345133	16.0847482986671
Q8TBC5	12.2846314600268	11.9979394310626	12.188898176045	11.9718460374493	11.6422242003326	11.9977267152268
Q8TBE0	11.3507599692621	11.5808405715021	11.3036858623554	11.4934884947653	11.5948499816463	11.4996695159359
Q8TBE9	13.0639729479471	13.0463232211621	13.1006551918002	13.1818910144763	13.1462867556217	13.145639788557
Q8TBF2	14.0835883773564	14.1583127268774	14.0124378173641	13.9332320077473	14.1013490206791	13.9346922490539
Q8TBF4	9.40311074430742	9.55971059604194	9.47558606697759	9.2514445504715	9.01990185713015	9.70631187619017
Q8TBM7	5.87575014706687	7.10291135445802	7.50724456063304	7.07618269726403	7.06685975216797	6.33134566368067
Q8TBM8	14.1617395632054	14.1576527476363	13.9820305078348	13.9881346821455	13.9691096357271	13.9477148664353
Q8TBN0	12.2854929858799	12.2496872063527	12.3842734333622	12.1501172267774	12.5662166931427	12.4393460759742
Q8TBP5	9.94249272066304	9.71467502240704	10.1072910343905	10.2060079402848	10.687741693279	10.4159622222404
Q8TBP6	15.0576399180102	15.1371451072598	15.0179512217592	14.9740094394679	15.0828441656765	15.061947082235
Q8TBX8	15.1135348797114	15.0847905809559	15.3084871338493	15.2224218937155	15.3672475135807	15.1088474767317
Q8TBZ3	11.3962143534872	11.2957680401442	11.2691047049925	11.2565693409856	11.1335323722834	11.2444519206586
Q8TC07	15.3000364936124	15.3151462212975	15.3205516944546	15.365765499244	15.3398387546954	15.4413061340756
Q8TC12	14.2800701183187	14.2944566304507	14.2115209272162	14.304781117382	14.3500127483064	14.2735815843843
Q8TCA0	14.6726673173536	14.6713097600712	14.6672610403592	14.7726183226279	14.7736617854393	14.58641580347
Q8TCC3	12.9690424413193	13.0478507095406	13.196981976533	12.8767499055817	12.9007447871359	13.1368502292509
Q8TCD5	15.3951836974117	15.3731904501056	15.278790989827	15.4703268770524	15.4272393185718	15.3761276592428
Q8TCE6	13.6434570358141	13.585177302395	13.6189937363983	13.6618514866654	13.6198861854889	13.61818151463
Q8TCF1	12.4213978530745	12.378509286996	12.4165851500152	12.4729783614405	12.4746323827366	12.5109653967897
Q8TCG1	16.5851238075506	16.6177653028721	16.5578337192717	16.4661840543995	16.38072719378	16.5695942425082
Q8TCJ2	14.2608887588708	14.274979212772	14.2188951735	14.3080529792783	14.3147492298273	14.2740942021176
Q8TCN5	10.4456167219772	10.5846281944514	10.7442692984496	10.9428727251331	10.5671651949652	10.7484452039268
Q8TCS8	16.2416476745648	16.2201472283628	16.2358462711545	16.2398095625844	16.2476739446564	16.2269572503824
Q8TCT9	14.930776522814	14.9266968696098	14.9606679097144	15.1332445370814	15.1174821717565	15.1188551650743
Q8TCU4	12.8294076784542	12.8388052290458	12.6851245661364	12.7379017656708	12.598029858327	12.7806427963008
Q8TCU6	13.3496502662355	13.4426530021628	13.4774355257245	13.2506492577518	13.3004029237006	13.3684922936092
Q8TCX1	9.8868659467099	9.83359518068487	9.9175773475254	9.8813519951412	10.1084629354516	10.0849793247212
Q8TCX5	10.7572055776448	10.8630663291826	10.9773294836518	10.550175445838	11.0759684302458	11.1307490422347
Q8TD16	15.4442264353032	15.4616791539289	15.3754686268045	15.4668239150645	15.412006558401	15.3917412253186
Q8TD19	14.1797934951469	14.2441822358721	14.2745801070861	14.2265041324427	14.3415186327935	14.1833809548063
Q8TD20	11.1684510991298	11.0903968554932	11.0581281255677	11.0258341741485	11.0499931386741	11.1463446390445
Q8TD22	13.6332039543623	13.6242040442053	13.5954627083988	13.5717873066208	13.487991462311	13.7366500881739
Q8TD30	14.9212076900564	14.8106903507947	14.9203432247582	14.9649402325284	14.9136460863772	14.9811659134761
Q8TD43	11.378492976993	11.6102236920704	11.5282646833391	11.3220512902587	11.5412989250765	11.5331668735617
Q8TD55	11.1213210465974	11.0388419632508	11.1484548559495	11.0731848716346	11.1123194816442	11.1719703040601
Q8TDB6	15.7625457644667	15.755621319697	15.7556167275864	15.7242438200202	15.6839084415247	15.6657645623008
Q8TDC0	10.4320169822364	10.6994748315291	10.7906490713022	10.4626202632402	11.0275120442635	10.8726676193336
Q8TDD1	13.0141704399633	13.1086641485662	12.9331898782923	13.2314640636342	13.1248716609295	13.1018505888222
Q8TDG4	8.06641811659299	7.55252851517789	7.3064534369839	7.45024398203443	8.04762419095056	7.05894546342555
Q8TDH9	11.5755302710343	11.3465840959307	11.55091311708	11.5069192368464	11.5821413354696	11.5702724158279
Q8TDJ6	12.4189726042471	12.1633526588568	12.5661086654268	12.3557413239851	12.4544283234409	12.2747496105927
Q8TDM0	9.38374855920714	9.81788831465014	9.74399936147256	9.82394264213958	9.89876782109424	10.0624586309444
Q8TDM6	15.2918670644818	15.316621829539	15.3011362432223	15.3260637368713	15.2214667392088	15.321610987084
Q8TDN6	15.1291810109536	15.1354863213922	15.1011735341054	15.1759976152174	14.9324137325975	15.1797702915317
Q8TDP1	13.4864081830846	13.4484859054675	13.2557706443627	13.4086861750255	13.4796601391547	13.3158309786659
Q8TDQ7	14.0173431789544	13.9064156452985	13.887790519388	13.9483370285683	13.9712543646661	13.8989168343264
Q8TDR0	8.50976776625132	8.58256080211167	8.88285972751517	8.66357141805564	8.69167103267026	8.76688116906391
Q8TDX7	15.8156380880281	15.8039096498665	15.7208914299526	15.8563328255926	15.8657954556293	15.6869727070189
Q8TDY2	14.2914962299739	14.3245734302393	14.2419582878691	14.3110347829484	14.48831731461	14.3999999392677
Q8TDY4	11.9261248505764	11.7150206407249	11.8674689035509	11.8241297569187	11.8358825848447	11.7824948636341
Q8TE02	13.1854445612994	13.3000865154542	13.3014762856954	13.3025628585042	13.4728377831627	13.2463810730298
Q8TE73	12.3664021596654	12.3598777701739	12.4158307304449	12.4028995069567	11.9800405869919	12.5108170437558
Q8TE77	15.1129352240597	15.0993186005851	14.9901834999424	14.9686628499484	15.0145575661785	15.0687067998177
Q8TE82	9.97816731910817	9.75968136938953	9.90386892839257	10.3877560040951	9.9969135736244	10.1068802620257
Q8TEA1	12.5116576495085	12.5411432322601	12.4027268542343	12.4494991072186	12.5146057272989	12.4874759881489
Q8TEA7	13.0308862530825	13.0388118752278	13.0999928919255	13.072895672609	13.1329430925122	13.028407995918
Q8TEA8	12.9592213811685	12.9300396661843	13.0806159872421	12.979563438318	12.961284681746	13.0366641715787
Q8TEB1	10.2809779218154	10.6156590109861	10.3362380869862	10.1535735141584	10.3009042032997	10.2515182842785
Q8TEB9	10.8934599987972	10.9777744226216	10.8034969646032	10.6951808131582	11.1145787009311	10.9198175877973
Q8TED0	15.6350401631482	15.6873904266594	15.6405746365871	15.6657520123957	15.6303433573659	15.6744296712662
Q8TED1	15.0895877111682	15.0894316620798	14.9089759522426	14.9548570504233	15.0237348431378	14.910164974862
Q8TEH3	11.9661359014746	12.0983024641816	11.950697120773	11.9190589228121	12.0849776252621	12.0294612384922
Q8TEJ3	9.41900547839079	10.1098561710662	9.90486536905148	10.2949979185676	10.1194999551763	10.1704968745189
Q8TEK3	10.452618288912	10.8516418277466	10.6435655429517	10.5721317971445	10.1874346976418	10.8505211762587
Q8TEL6	10.1545941857011	10.2522845378701	10.2536034305119	9.73812672301848	10.0990307912717	10.2536153423468
Q8TEM1	15.2679415880827	15.2679779674871	15.3403856900941	15.2785923516113	15.356962811006	15.3094430713206
Q8TEP8	11.6715070297446	11.9029612008895	11.8668763390667	11.9629881838165	11.6236256565303	11.8780452132714
Q8TEQ6	16.1106447715107	16.0576934283308	16.0461004113691	16.0047081794053	16.0588006385516	16.0168898114818
Q8TEQ8	12.8003616206297	12.8283498659514	12.7487832507744	12.843145628458	12.7162514974188	12.6473904591939
Q8TER5	14.482856049424	14.6211679068057	14.4548088958684	14.5468734580356	14.5313112550305	14.5495276737529
Q8TES7	11.2834959818496	11.3016214859744	11.1871493869178	11.4035385066044	10.9652657125609	11.1435057707107
Q8TEU7	13.8167244404555	13.8664609543	13.8036285101148	13.7644930743003	13.8168485598453	13.7774155669534
Q8TEV9	12.1198570050794	12.1323745246065	12.0154769685743	12.1707378330935	12.1419344465221	12.3176632109939
Q8TEW0	16.44427249923	16.4768123563695	16.4364637583792	16.5337052864697	16.5177037917459	16.4620230305131
Q8TEW8	9.46698716574513	9.31741907412374	9.32670163180854	9.32969931187803	9.93702429188463	9.50210494910739
Q8TEX9	15.6309418973644	15.601842252569	15.5307344880363	15.5906855695741	15.7188620153979	15.5352398303907
Q8TF01	11.767700220001	12.0383038238611	12.1498118412307	12.0990476525709	11.9548126691523	11.9421270567401
Q8TF05	15.4387738495784	15.43443581302	15.481900240266	15.4662050053474	15.484193289371	15.4601447778383
Q8TF40	10.8145608646794	10.7435984800982	10.7987208312411	10.9074067078032	10.8023800167611	10.7589537140069
Q8TF42	15.9746268528295	15.9700026136834	15.9659462462076	15.9017317061373	15.9282507087461	16.0938291197248
Q8TF44	11.2180209673772	11.2225000499534	11.4462692486019	11.2766261003942	11.4201584978813	11.4867356031198
Q8TF46	12.7334996630923	12.6063881178851	12.6805300691444	12.4697454710001	12.7112508638117	12.7491085207668
Q8TF61	11.3365017137883	11.2362595446932	11.5297041323951	11.3168069725595	11.2993516240636	11.2116924407059
Q8TF68	11.3124088128896	11.8503757999394	11.5724230603054	12.0992685497176	11.5740587965909	12.4119716280444
Q8TF72	12.5740479470492	12.5997712054942	12.6679882035325	12.5512530939828	12.6060680838514	12.4384316715458
Q8TF74	13.7259421124179	13.8200412858889	13.8674969765481	13.8022677214709	13.8930019803236	13.8585975188848
Q8WTR4	11.7149873408974	11.8711602908358	11.9131273792856	11.7914392290006	12.007836680943	12.3045044912762
Q8WTS1	11.3671566761438	11.5865618716805	11.2700306778985	11.8735285415085	11.5957458928094	11.455431412418
Q8WTS6	13.2913471720942	13.1607113663609	13.3253959258377	13.3386307597801	13.4469703511868	13.3164754182509
Q8WTT2	14.8740297550172	14.9432738920272	14.8561981044065	14.9132885523063	14.8422520701406	15.1017032913399
Q8WTU2	10.5800634698087	10.503814512386	10.5980109943945	10.9496510929176	11.0121686234722	10.6521980691364
Q8WTV0	13.8001778392264	13.7351620938661	13.9199698934307	13.6984516845406	13.6613599146819	14.0003212332161
Q8WTW3	15.1286180753932	15.078800962261	15.137032488686	15.0879093579263	15.1332209467112	15.2094033114469
Q8WTX7	9.36650808052301	9.68396793255028	9.73399301021771	9.68806506028867	9.20789546783309	9.5888886471062
Q8WU10	11.9995585028374	11.8675973664138	11.8798683813857	12.0480144089973	11.9579532400213	12.1190232840208
Q8WU17	12.9128320619221	12.7762818033484	12.862231973572	12.9129968689505	12.9239551937982	12.9018108163755
Q8WU76	11.8240541239587	12.0376733790352	11.9877073458894	12.0267253736037	11.9159470569219	11.9209818922955
Q8WU79	13.1412201741114	13.3122490433177	13.2572313799065	13.2063815180455	13.3533708328158	13.2870568832382
Q8WU90	15.3915315563854	15.5410320234487	15.4814221317244	15.6711624551178	15.5001956995954	15.6007462220355
Q8WUA2	14.3287877679366	14.3721154753537	14.3759620682099	14.2750444633502	14.3176859923527	14.2368371629651
Q8WUA4	13.0643688610356	13.0629624570758	13.2592146062451	13.1601845884919	13.1790350091208	13.2321000575729
Q8WUA7	13.3433827726779	13.3769070130148	13.4375933380733	13.3713464188302	13.4908792636651	13.4492104604831
Q8WUA8	8.94676727065671	8.64260250236965	9.66236372381301	9.43450276558059	9.44381401434664	9.86403563492829
Q8WUB8	14.8356716235444	14.8267500965058	14.8188244893174	14.8901015973871	14.8966438638011	14.8604633682968
Q8WUD1	12.0698494479075	12.0758075837655	11.9739885382027	12.0961412851221	12.075116169342	12.2059836186729
Q8WUD4	13.226257535168	13.2298272806092	13.1710961289679	13.2322412242575	13.1452938033826	13.2393260706349
Q8WUF5	15.8744409299268	15.8828593505392	15.9083651452036	15.887580857286	15.9440441218355	15.8788211694025
Q8WUF8	14.6961178380935	14.7109777123227	14.7317469803545	14.6607871132559	14.7403409736281	14.6742560652564
Q8WUH1	12.3999060175217	12.5876075940954	12.5172204222755	12.6860285264323	12.5734985182965	12.3970659212468
Q8WUH2	13.4702476022299	13.5161035890391	13.5121581448719	13.5091416295281	13.5430500267429	13.5087272421974
Q8WUH6	14.9149904207935	15.0014369678799	14.9214547133073	15.1252899945834	15.2229803575758	15.1480821365366
Q8WUI4	14.6858886102685	14.7330853013566	14.7340721180752	14.568138392537	14.6812991007277	14.577965238532
Q8WUJ0	10.1583003563315	10.3112661487772	10.1505757782572	10.3460879149913	10.2501472005279	10.2254007755201
Q8WUK0	13.3824364574559	13.1680541838487	13.3382232717334	13.3307599801998	13.3988018051311	13.3028930472788
Q8WUM0	17.1765347650764	17.1785403199458	17.1488610302029	17.1106458393513	17.0925824392305	17.1009611653488
Q8WUM4	17.6989315970959	17.7004225567624	17.6500410135856	17.7221615190421	17.7239686170476	17.6242663215513
Q8WUM9	12.6901139833795	12.5982851741466	12.7344580385053	12.8736724400129	13.0114798863675	12.9360915511872
Q8WUP2	13.4015415761044	13.4308602646508	13.4153341865467	13.5086926731931	13.6388355259708	13.4685401107058
Q8WUQ7	14.4061401215312	14.3766759708733	14.2842222078022	14.209587376657	14.3740499657522	14.3553824665845
Q8WUR7	12.6914939331147	12.9071865941843	12.924468630713	12.6817571755747	12.7309782554399	12.7662259753827
Q8WUU5	12.5216528228287	12.653589660314	12.598860201222	12.7082593476268	12.6474899395374	12.7584709986898
Q8WUW1	13.9966893334007	13.9977673588277	14.0105016688008	14.0013063529516	13.8735469682883	13.9784598803714
Q8WUX2	11.6035857925714	11.8330890606864	11.7278806440101	11.6202393541246	11.81515970226	11.6484431744129
Q8WUX9	12.9636484771461	12.6783686611007	12.8717490461317	12.9383078325993	12.8528939867743	12.8501179022362
Q8WUY1	12.1260875200052	12.1657155480466	12.3197453330849	11.9988355529421	11.9070392511778	11.9724980663526
Q8WUY8	12.2830296162229	12.2878667483716	12.5045181944528	12.4708068332788	12.6215987071567	12.3091057407381
Q8WUZ0	13.158426535391	13.1688517566138	13.2854515719992	13.2965000469418	13.2641497266541	13.2320482446134
Q8WV07	9.37258548762014	9.44771425647783	9.53882634482454	9.4521427857624	9.61801489875109	9.05216523174819
Q8WV22	13.1726726479709	13.1945158618876	13.2753449785851	13.2929425231395	13.1801777076434	13.2458801196649
Q8WV24	13.1619360053626	13.1796490971286	13.1628892199923	13.0085036185296	12.8975700095845	13.0191627313976
Q8WV41	12.9937673045866	13.0699701518586	12.9434821923123	12.9413403770372	12.9499561379664	12.9793065433824
Q8WV44	12.4594370837973	12.4052855958699	12.384303202725	12.2996987289727	12.3721888908416	12.3523279703691
Q8WV92	11.0476895978982	11.4021135253132	11.1327796423527	11.1238904919712	10.9798389429189	11.30512678965
Q8WV99	11.365349148303	11.4342084208438	11.2964157516672	11.5871860169931	11.4103018461446	11.3333187309185
Q8WVB6	15.9741080499694	15.9974686873899	15.9264779013741	15.9578850611756	16.0271516873873	15.9428282797372
Q8WVC0	12.8930510501388	12.6171651947694	12.7320293210027	12.5480824637957	12.7502984375277	12.5715165451201
Q8WVC6	13.6284901043841	13.7322515576092	13.5736458895477	13.6520254168302	13.6141141595699	13.6865846998958
Q8WVD3	9.20504152212574	9.24459510913195	9.59073026475129	9.20746068752117	9.13793484147425	9.32494083249019
Q8WVJ2	14.7962552676702	14.8313571140438	14.8394145523128	14.8327531349889	14.9596710476528	14.7944664588577
Q8WVK2	12.5598207773619	12.8131112564891	12.7766345434367	12.7792009595069	12.7984381430638	12.6423205496742
Q8WVK7	13.2577389027261	13.2499930175801	13.1763837345961	13.03465549389	13.2332105286412	13.1471865346013
Q8WVM0	13.5693982950525	13.6310556372773	13.6589818362317	13.6936925483659	13.7028928693939	13.624755192921
Q8WVM7	15.5207715983666	15.4658868940614	15.4332576477872	15.3946007233208	15.367760279672	15.5263447685268
Q8WVM8	16.5952005477754	16.5680783220886	16.5229662387115	16.6246441502582	16.6218613503779	16.5751078763959
Q8WVP7	9.60007673325562	9.11703598059159	8.9415964867515	9.33896484967492	8.84618520160112	9.18458907983943
Q8WVQ1	15.0288189076623	15.0608389391293	14.9877137139138	15.2101139937312	15.2521471969856	15.1739806851893
Q8WVT3	14.4623319997796	14.3569917622191	14.466472416193	14.4628281311614	14.4070738418258	14.4995981564256
Q8WVV9	16.0311347536398	15.9885653488335	16.0380885780501	15.90248008015	15.8924923756831	15.9154802041885
Q8WVX9	12.4795920346957	12.4694180821293	12.5502281980727	12.4871359678094	12.7543274795315	12.690983951331
Q8WVY7	15.2736691803631	15.1840681022169	15.1584663736662	15.2420838471682	15.1497274430488	15.1020729989218
Q8WW01	11.7915875563154	11.7631393326384	11.7647670207841	11.6296075224256	11.9333642323933	11.8436162287562
Q8WW12	16.5222926832948	16.490090373247	16.3462856396017	16.5672369823146	16.5743099084245	16.3447175440645
Q8WW59	15.2787076928824	15.2175865247093	15.1970520788756	15.1263835371262	15.1472840931566	15.0413999303951
Q8WWC4	14.0776847969152	14.1222187554641	14.4173848010135	13.989784115556	13.6122101871633	14.1218231219494
Q8WWH5	12.0252846926394	11.7667001706442	12.0445953569916	11.7886750887864	11.6847118252728	12.0135130695687
Q8WWI1	16.4011934479794	16.4193279151126	16.3664645441964	16.4353330714684	16.4412903118812	16.3430210126839
Q8WWI5	13.1165938772332	13.2018329076913	13.1114822530722	13.0887542950015	12.9140146585865	13.1112961500825
Q8WWK9	13.3671599845576	13.3340339160621	13.3692169348729	13.2276932141891	13.0462860637703	13.3956703217954
Q8WWM7	16.8258963688403	16.8703831941819	16.8349433161415	16.8311741045603	16.8651258217955	16.8220772137183
Q8WWN8	14.3496209638661	14.4148651894642	14.482021007171	14.3989333021735	14.4773033998713	14.4364384125329
Q8WWQ0	14.9852937478887	15.0020353320517	14.9608499396616	15.1441557883667	14.8981879704549	15.1586965543662
Q8WWV3	13.2148072600933	13.2883670595929	13.2766242099745	13.2498648970631	13.2778285059412	13.405876727619
Q8WWX9	12.4489341990738	12.7358478715944	12.4122517940269	12.8113580484401	12.8596565643382	12.6812514767091
Q8WWY3	14.9379482281659	14.9994571476595	14.9753231500113	14.9894921746265	15.0151234367895	14.9987953755966
Q8WX92	15.5109413726075	15.5055947662674	15.5355871265978	15.4729713597992	15.4502043148771	15.3918574872969
Q8WX93	17.0137697151472	17.0159931022359	16.9320079290521	17.0717577946612	17.1083650320974	16.9385821895061
Q8WXA3	14.2954567438294	14.2141467512918	14.058897242518	14.0711833911421	14.1497408149239	14.2115949430667
Q8WXA9	14.0856119786851	14.046409229339	14.0383452858507	14.0869414043114	14.1082246086801	13.9648820969982
Q8WXD5	12.2229031019966	11.9886235336868	12.0327898641954	12.0388502446752	12.0376875341271	11.9715608325525
Q8WXE0	10.7648099918362	11.1114256029237	11.0479750929269	10.7411956075732	10.8339154112509	11.2196305257078
Q8WXE1	11.9674284199395	12.0975515745752	12.0881454844901	12.0687505492253	12.0717936362715	12.0718748557806
Q8WXF1	14.9360297330222	14.9433060399667	14.962893703801	14.9936465538027	15.090176240963	14.9079241439636
Q8WXF7	13.2952072478169	13.4631339868855	13.3594620797742	13.3885202715523	13.3438203003584	13.4192066517472
Q8WXG6	14.3779143163114	14.4649147365395	14.3628899670276	14.347831991635	14.2751884520576	14.356987008787
Q8WXH0	16.8369987764008	16.8759114935639	16.8632969005297	16.7689643993839	16.7095338304715	16.7956283503281
Q8WXI9	16.0216683422159	16.0343408185204	16.069003431589	16.0616631526363	16.0507839240929	15.9720125850425
Q8WXW3	13.3141259801091	13.305919559955	13.3661192694156	13.1354133964656	13.2220989814155	13.326128066013
Q8WXX5	16.1691470574137	16.1576494877303	16.1017550579679	16.180904922778	16.1942603238051	16.101885732048
Q8WXX7	8.00276487214024	6.77092580640138	7.56094695689041	7.57187713220996	8.02591256901474	7.7700399942208
Q8WY22	13.8724439030587	13.8986785362938	13.8325059437091	13.7424932624876	13.8055767584672	13.7109313139497
Q8WY36	12.7459599196572	12.8501337573181	12.7970588593734	12.9180217254015	12.5141880709517	12.9676436654167
Q8WY54	11.1651058941213	11.1530890084221	11.179496804556	11.1263699890856	10.9118512501626	11.0276273783838
Q8WYA0	12.8938183079485	12.9443906130577	13.0834558240692	12.9002942369345	12.9870901411621	13.0011327643542
Q8WYA6	15.9125300192242	15.9236559330212	15.9526088483685	15.9142912687354	15.943019098069	15.856607873685
Q8WYH8	12.3927732574985	12.5224451828269	12.496763723955	12.3018034854289	12.1994146951463	12.4088628636929
Q8WYL5	12.8553499946471	12.7964731612661	12.7313571424775	12.6932191150374	12.7190541980134	12.5895358628842
Q8WYP5	14.3324635168552	14.4596676839849	14.4501023479908	14.7199804023761	14.2949400684135	14.763584298291
Q8WYQ5	13.2753938307841	13.3380539820899	13.080988387651	13.2286036754262	13.2946995251138	13.1829436941308
Q8WZ42	13.1765726872756	13.1554090059302	13.2954777839236	13.2503168090942	13.2803303735291	13.3476185981651
Q8WZ64	8.43769912837997	8.97434344688266	8.41259151146907	8.5311020803972	8.73939076490048	8.95233296672974
Q8WZ73	7.56674592554131	6.92202846885747	7.13382954268884	7.24267212460916	8.13387150113113	8.1295081350091
Q8WZ82	14.12932926939	14.1108995619822	14.2171953059448	14.2392455317114	14.3063821736512	14.1993660159888
Q8WZA0	13.6246786656892	13.6720653613422	13.7043670920646	13.5833931736898	13.5780971323362	13.5771759556566
Q8WZA1	13.5689970828604	13.7900692022071	13.8281682805828	13.8265524191855	13.8071989641536	13.8530927262046
Q8WZA9	14.4874753158516	14.5570713062997	14.4917202807087	14.5797459783549	14.560619655374	14.4477053299747
Q92466	16.5256544816678	16.4677761670551	16.5078061091081	16.5973792310686	16.6307069584535	16.4588383320126
Q92478	10.3679901565686	10.7178975779933	10.3592652068596	10.5714404591377	10.7474221068364	10.4185525980721
Q92485	13.9021125901249	13.789199371579	13.6971638948731	13.6441264711306	13.7711855338466	13.6370288754215
Q92499	16.6414877868519	16.6406103280572	16.5751111768693	16.6675084031734	16.6782703147204	16.5376139312284
Q92503	10.8941030543197	10.9807256255345	10.6670697377815	10.7150025796406	10.7898186078393	10.7358146624866
Q92506	12.9908028425789	12.9544497759604	13.1053714548823	12.7629392101436	12.9508275386279	13.1708056228875
Q92508	13.0923406605694	13.1220884521378	13.0662412533256	13.2531642914074	13.2191041238493	13.1387235692652
Q92520	15.0575543259428	15.1096994709458	15.0992602186536	15.2307703820959	15.310041820536	15.3154394793596
Q92522	15.1907343249684	15.3118294541673	15.1209092230806	15.3799030515124	15.1178622637348	15.0930408914077
Q92530	12.8976439072654	12.9172091675728	12.9121854334713	12.9593769128805	12.8200405071813	12.8337877822
Q92536	11.1368586749814	11.3938455297729	11.1190999802507	11.3919414646365	11.2427389037115	11.1834839033672
Q92538	15.9574136704343	15.9186540521939	15.9462137905372	15.9719569772458	15.9696471405751	16.0295259619301
Q92539	12.2740340380212	12.1106107891765	12.1853487731322	12.2925327483155	12.1281130503329	12.0784116346905
Q92540	13.3013325327888	13.3645201261629	13.4145870625706	13.3912586479338	13.4106529632765	13.4610615240479
Q92541	16.2923061905313	16.2927208851091	16.4128003449097	16.2559288522391	16.1085832368383	16.2768399621901
Q92542	15.2549688565178	15.2537472968625	15.2171242763767	15.2711808051845	15.2655518720442	15.2311910155194
Q92544	15.0253051338017	15.0216125036932	14.9263043539138	15.1596626865479	15.2456929251097	15.1466860854664
Q92545	14.0278611401954	13.8974297114616	13.999512903636	13.979794837911	13.994697874745	14.04178386109
Q92546	9.87923977125788	9.48718324317947	10.251622854748	9.02163132036748	9.22840963333315	9.82224444269053
Q92547	15.0997196650758	15.2561531394889	15.2087490855682	15.0599786200661	15.1560108382335	15.1939389037415
Q92551	13.7936063826152	13.9903020951665	14.0189464471066	14.0469685917329	14.0168419096181	13.9847128049255
Q92552	15.8066222207427	15.7914362582726	15.7837480791827	15.811732402527	15.7789371468671	15.7360007283754
Q92556	8.6025744395395	8.10415685444869	8.60809447789953	8.13148904745678	8.68140360502257	8.65146418440287
Q92558	14.3589466806158	14.4676100155354	14.3948703110175	14.4124396723383	14.5198089849334	14.3415692705816
Q92560	13.5147641332491	13.6821231862343	13.5808950575786	13.5409758198989	13.6108330648666	13.6842933313236
Q92562	10.4532417795829	10.7298746047574	10.7069131184756	10.5518365802079	10.0630085401856	10.7537052277104
Q92564	10.4028783826113	10.7109832659451	10.5443593115613	10.2572482563115	10.436210511949	10.7942374543678
Q92567	11.2396502190317	11.1279854054604	11.2215105278938	11.4838234998723	11.0808773794665	11.4040423779192
Q92572	15.7730617034366	15.7917747349309	15.6595457554506	15.8289296331759	15.8163928359523	15.7907276641575
Q92574	12.3861667655671	12.4584376216622	12.3855718890134	12.4435411363756	12.4188899077501	12.429816857033
Q92575	14.2484669954059	14.1080665869106	14.1431084809963	14.2432440988519	14.2266056847255	14.1581175599927
Q92576	15.1592774778637	15.2078416184258	15.147739376612	15.216498054719	15.0491442607891	15.2224788679432
Q92581	13.202523902064	12.9241398860266	13.0153179545372	12.995713121065	12.9984273494389	13.0018366819299
Q92597	14.3599511750127	14.427186050218	14.3014232601103	14.5212415570592	14.4922753970846	14.4653335339982
Q92598	17.0250441727514	17.0090053495163	17.0281438637458	16.9959890824532	16.9841778200388	16.8561096462855
Q92599	13.8026018706896	13.848360565725	13.6793229086673	13.8132098516718	13.8572126199731	13.7252867425428
Q92600	15.8006491915447	15.806120482212	15.7967165256575	15.8241319047791	15.8451230268594	15.7245001973215
Q92604	12.3041551200989	12.4601065491035	12.3260906582848	12.3418001608668	12.5072544048171	12.3821274878722
Q92609	14.6114319531446	14.5547414826757	14.6564841877271	14.5715371299327	14.6771804091963	14.6415995863532
Q92610	10.3213773192032	10.320986496143	10.5544867808713	10.2777808701343	10.1881780994313	10.123428678942
Q92613	11.8586788927742	12.0141655059033	11.8215178139323	11.7212900959306	12.0613188597878	11.9386555075349
Q92614	15.765076174977	15.7618534857678	15.7686644363351	15.6528157328852	15.657806813468	15.7536487140193
Q92615	12.5968046147295	12.5852366856528	12.5563639805383	12.6485989365616	12.5207152673421	12.4828400437631
Q92616	17.3500251793859	17.3336756213669	17.3114434537339	17.376791537892	17.3504784548712	17.3101985478065
Q92618	13.7598905843288	13.9068268693056	13.884853387395	13.781860425657	13.6892970106524	13.8421787398059
Q92620	16.0789243878024	16.0944915258859	16.037194043885	16.07230082489	16.0512738580364	16.0539334737523
Q92621	16.6045836330372	16.5924996406751	16.6322167574051	16.6029413063481	16.5799845416841	16.5550642935695
Q92622	10.2755507153019	10.4594191107864	10.3485412662244	10.3068402218654	10.5925971317264	10.4071006678897
Q92623	11.1521347460751	11.5404533493841	11.4609733831393	11.4357263193311	11.3203027844022	11.4915231027811
Q92625	14.2731956543224	14.3006136077091	14.3054147893735	14.17755859256	14.1562587419392	14.2794789143038
Q92626	16.6189752088875	16.6535750682647	16.6176323704271	16.7670941139077	16.6788001196175	16.6858995876995
Q92636	13.890976953333	13.690354767112	13.8709882868213	13.7382280436993	13.8656361624456	13.7575467635361
Q92643	14.2191981463067	14.261770806858	14.1612175822399	14.1459318383988	14.1250597558906	14.2135243091761
Q92665	15.347065602608	15.4301426194907	15.3786312109614	15.4383672083617	15.4257704182727	15.4124987304969
Q92667	14.2509586639873	14.3904553899002	14.3339727602121	14.3749336545722	14.319637305612	14.3217545023004
Q92674	12.8156168738989	12.9750724723145	13.0176856251108	12.8824415539642	12.9391402699895	12.9804027292636
Q92686	10.9315716367518	10.2683025708342	9.44215063355056	10.5758012535135	10.3781265213757	10.0308789974028
Q92688	15.4047342145442	15.5022445165173	15.4385795288495	15.4702558153248	15.4562672291758	15.4121849592558
Q92692	14.0970361311208	14.0475604704338	14.0435444183303	14.0763646450738	14.0624488607456	13.9789401504169
Q92696	14.3300001966914	14.3650679621687	14.2781207976003	14.323668682	14.4388701465282	14.3266312910372
Q92698	8.8902404146873	9.03553915669585	8.5825825597922	8.82002676193669	8.78787302361252	9.02924782670824
Q92733	14.6856299581771	14.6617628212261	14.6545601455595	14.67272369859	14.6656073656562	14.6609685999114
Q92734	15.2795547454151	15.2297032420965	15.2394680419923	15.3823845872128	15.2806885136971	15.2451624811388
Q92738	12.6691554742888	12.7194266573122	12.7802136927548	12.8288073686466	12.8979866028109	12.7506550750665
Q92743	13.672038748785	13.8448440741906	13.881197036214	14.0431657028765	13.9072504756251	13.8901022520667
Q92747	14.1449619743493	14.088429056538	14.2395974433211	14.2168544568459	14.0772180602749	14.1782651824277
Q92759	15.2782230624663	15.2525997189949	15.3249705365589	15.2279594861512	15.0831238890832	15.2152459130086
Q92766	11.1267716276508	11.5569547684879	11.5001692390464	11.4983638214503	11.0636347552172	11.4751001808282
Q92769	15.8440552403391	15.7843532963374	15.8888898318317	15.8420193729667	15.5387336915386	15.7315216865473
Q92771	11.4530298229862	11.4802765009282	11.6297290873185	11.2711184823111	11.5678188217818	11.3784018489535
Q92783	14.8407388503759	14.8647731267084	14.7639580875012	14.9099621096947	14.959908508503	14.8017695037502
Q92785	14.9700965780751	15.0039904968556	14.9529432658525	15.0391257879922	14.9761931091988	14.9836818442343
Q92791	13.9979718715813	13.9303383160663	14.0015123650486	14.0730017189831	14.0962070841802	14.1101556098744
Q92793	15.4829791746903	15.4996479514441	15.4742511309102	15.3948587957972	15.3964741859867	15.4208632188573
Q92794	10.1518774329714	9.82223670570205	10.1456412595127	10.1900726479244	10.0109149719848	10.3075925991231
Q92797	15.9976152800906	16.0216194443001	16.0126354474366	15.9309347338014	15.9762495603649	15.9628254604935
Q92804	14.5553093798457	14.6248760143182	14.4436447437086	14.5676965951548	14.5431034074596	14.4093615604536
Q92805	13.0882501574273	13.0530983506646	13.0572185630703	13.0934920264239	13.1841566305375	13.177005002422
Q92820	15.1774394106842	15.1528355432672	15.1150519560804	14.9788420047292	15.0287859472521	15.1258732964083
Q92824	9.73311207058077	10.2169292614222	10.0031478314823	10.3592178540632	10.6018411312248	10.2274814017699
Q92828	13.4583830863437	13.3735343290647	13.5105820639249	13.3354583990006	13.464102049217	13.5598895320504
Q92830	11.5371390223512	11.6094230711459	11.402188625627	11.6184130044326	11.6256559985166	11.5802212459984
Q92831	7.60180983566223	8.01708639367078	7.40193734789755	7.15989264922224	7.60956394129223	7.49539531793377
Q92841	17.1231502360956	17.1164169288998	17.0883886629145	17.1859582886488	17.2292177334284	17.0840840814603
Q92844	10.6950724743998	10.4104766801223	10.2881140168078	10.6463374421371	10.4466126659788	11.062274586332
Q92845	12.8951474086004	12.9825725871576	13.0292912550121	12.8621409976167	12.8679929617735	12.9581263035638
Q92851	8.35063949983233	8.24763659730442	7.81174690920769	8.4716187970752	7.82834821596928	8.39339334070555
Q92859	9.68342821254198	9.69895523519478	9.9802545349767	10.0119824018357	9.99252648480967	10.088610478003
Q92870	11.8630914327752	11.7392152418434	11.7652741922825	11.9444614106802	12.053891564241	11.8722372445352
Q92871	14.480807254643	14.4633595030845	14.4610367671568	14.4803622810164	14.5169449487757	14.4369205713006
Q92876	12.7055850747603	12.9344491976166	12.7928037853335	12.7372550712998	12.718305783804	12.7641756322743
Q92878	16.3657428550675	16.3349871920644	16.3382974884252	16.2705982614044	16.3437375292866	16.3071076053949
Q92879	15.55610337624	15.4829793595402	15.5606808542824	15.4640943133839	15.4627426637531	15.5227669276903
Q92882	13.8891349011919	13.7739444566828	13.8951490797404	13.7971014691859	13.8820621753285	13.8113163564853
Q92888	16.2617531866566	16.2469208762595	16.2562239004548	16.2688078356978	16.3046521399382	16.2143678722393
Q92889	13.4284526572379	13.3489942946477	13.4957369927312	13.3129754718423	13.4195639102088	13.4376704072824
Q92890	15.4497030147274	15.4189286552607	15.3246998010202	15.5019922302857	15.4362831071248	15.287640832973
Q92896	16.496063618786	16.5739750948477	16.4933532876157	16.4821262956861	16.33739142352	16.4166261494457
Q92900	16.7528366621528	16.6810566252038	16.6991615451267	16.6170804289159	16.6149830207877	16.6232774250901
Q92902	12.1298753532534	12.1148179541627	12.178838530446	12.2214473643421	12.0411050425419	12.1614298266
Q92903	10.5112774757511	10.1728362456974	9.97539052190721	10.1921097174588	10.246474844619	9.96907928641915
Q92905	15.1719291952603	15.089572637668	15.0778399967111	15.09820319818	15.0679548251288	15.0983566936828
Q92917	15.6966494511825	15.7365966131393	15.7413233587395	15.7182275842468	15.6913564931055	15.6635333845746
Q92922	16.1663106338842	16.0828352865429	16.1235882411639	16.0998062534346	16.078245946439	16.0302475296614
Q92925	14.7256111284309	14.7297255039484	14.6652064585468	14.7073565183303	14.5904986063982	14.6710376130247
Q92930	15.1653342228455	15.2033974394513	15.312930941341	15.2404048483396	15.170981118767	15.2113739931811
Q92934	12.5444545460886	12.4930601258838	12.4744882183267	12.4905322745606	12.5206862035786	12.4055297758305
Q92945	16.547851084798	16.5074505281958	16.4723956733237	16.5390937952559	16.5439031937845	16.4100800560077
Q92947	13.9170585531003	13.9255649271471	13.9271247451086	13.9986537093502	14.0045695747354	13.9012681544355
Q92959	7.97809106874263	8.13526782001909	8.55145310560548	7.84697679034189	7.3236255815979	7.68621251296883
Q92968	11.8332055706385	12.0377867377448	11.9617443293948	12.0591142224164	12.0197183640904	12.1509964009794
Q92973	15.7891653042262	15.7913887233837	15.7939010746756	15.8176153545392	15.7954440232846	15.755948551933
Q92974	15.5477007513079	15.5793714070525	15.5907355420704	15.6293655359822	15.4941214303722	15.5490789870917
Q92979	15.0195439545869	14.7897600359174	14.9111649237891	14.7329280467928	14.8020693527145	14.8490523256897
Q92989	13.0309927585627	12.8887773392314	13.1781768339185	12.8386561125908	12.9176918153533	12.9796070623783
Q92990	13.2314718007206	13.1449839081195	13.1689597434751	13.0784766056092	13.072390121894	13.144380042121
Q92993	12.3047045345846	12.2079911618545	12.3221461139202	12.2058086592511	12.1972006645489	12.1130652429356
Q92995	14.8428441602646	14.8242729241273	14.9588659722222	14.7734748067484	14.832040595219	14.7585827001257
Q92997	12.7819236869296	12.7006320523563	12.8171278912167	12.7390383530798	12.8168904373363	12.9345690856873
Q93008	17.3606981675532	17.3371295379425	17.3922156794592	17.3681092150775	17.3277622753799	17.334188134485
Q93009	16.5014941066889	16.4618281685419	16.5019171607887	16.4525379011284	16.442797482496	16.4585178726911
Q93034	15.9120853403766	15.8999266178402	15.8233543417687	15.8263208921976	15.8580954119077	15.8791844817754
Q93045	12.4745335667477	12.3324796398701	12.3290377870736	12.4732048309901	12.3039783779244	12.3250021989608
Q93052	15.4744798211628	15.5553438400976	15.4725096011442	15.6350679050438	15.5960705763073	15.5025537878948
Q93063	14.2259985156307	14.280475166246	14.0835433330439	14.2988141994716	14.378904933891	14.319500819298
Q93073	11.3388384125205	11.2736908726571	11.2385806196414	11.5012133070393	11.4496595613983	11.4487775662686
Q93074	15.3208389162723	15.3591125124307	15.3893884595085	15.3221885078918	15.2598801832742	15.3120424577001
Q93075	9.8658336517689	9.82835672550898	9.9332403788374	9.45111655533468	9.62173837259999	9.82204154626366
Q93077	11.9875482264691	12.0199942072026	11.7156680095302	11.9187049288973	11.9349387598397	11.662538674067
Q93083	12.8953424239724	12.6007354664463	12.5829551962459	12.8044844733261	12.6752223519663	12.5759732264802
Q93084	11.3349463201982	11.6686494530836	11.638310147593	11.3601661983524	11.3708922734161	11.3548622494807
Q93100	15.8295360889046	15.9418489717153	15.8329650696092	15.8260029079441	15.8405627066012	15.8721464732934
Q969E2	10.57934395817	11.0149142771882	10.6366025580078	10.8994917267186	10.807988773603	10.9516574639784
Q969E4	11.5961526869248	11.6889704932762	11.29071524906	11.7006735621718	11.6405750932716	11.5327285669546
Q969E8	11.7967503179493	11.8857497950622	11.8098661685128	11.975783804433	11.9038200262765	11.7691344195301
Q969F1	10.3801070749527	10.5175763487069	10.3565089203599	10.2612022407317	10.4357363311589	10.1446072195728
Q969G3	15.4214372834918	15.3954339498846	15.3281703886391	15.3863382998288	15.4533197777992	15.31590720734
Q969G6	15.1761332289914	15.2141773144489	15.219951740977	15.2635448019009	15.3177667332568	15.0766815113552
Q969H6	11.8063523089133	11.7801195781827	11.7426489184643	11.8180264832262	11.9179413794162	11.8509900404296
Q969H8	14.5076285542363	14.4526900653957	14.3813666109228	14.5928056634718	14.6120281507408	14.5630522500904
Q969J3	14.4454255782289	14.546278851825	14.5157264569314	14.5455794920227	14.58054431802	14.5728597328869
Q969K3	7.4361860762844	7.6347923149674	8.20748238901482	7.39258018539683	8.56828180860076	7.69535598294278
Q969K7	7.79503964714025	7.61654156452469	8.33764756980467	7.05915315577424	8.844871479682	7.54076952682531
Q969M3	10.8154932196233	10.8997801167733	10.7400288324302	11.0624198126078	10.995051945885	10.7577267327819
Q969M7	12.5161194409049	12.6372211777965	12.5773649872611	12.7413856798441	12.4723546846713	12.5861219348792
Q969N2	15.6526593316746	15.6955480300519	15.6093525771522	15.7107677459135	15.6826413299759	15.7108931569004
Q969P0	14.6592679436804	14.6358005671321	14.688375103309	14.7386778216061	14.7793333772868	14.6512173317685
Q969Q0	11.1518390240942	11.1424807157798	10.6941323574545	10.7084145049329	10.6819794928784	11.2925772346071
Q969Q5	13.4552242472153	13.2474819182851	13.4228711769883	13.3503324722868	13.2511985802045	13.4941997261703
Q969Q6	12.3471750492355	12.4733155802697	12.626392159308	12.3697724773173	12.4080120605685	12.3797908602952
Q969R2	11.5956614298243	11.6522737599231	11.6908274931489	11.6228187071547	11.7754996767604	11.9440228652049
Q969R5	9.63316118717688	9.37882253695186	9.56274642548143	9.69576525515159	9.69236987432692	9.89935735491488
Q969R8	11.2105320485478	11.0223878540234	11.0376186457465	10.8964297571373	10.9309268749834	10.9553688211719
Q969S2	12.8091386612765	12.4713786385571	12.7679961514751	12.4745361425706	12.3015419437142	12.7310543787842
Q969S3	14.8540486244214	14.8793535540942	14.9281799757992	15.0099428013786	14.9614638173114	14.9424975016109
Q969S9	13.5906022077086	13.5690525033493	13.6133165877493	13.4279649220458	13.5442294452809	13.6527584241294
Q969T3	10.2947411745379	9.970013519775	10.1371481247688	10.0935458829752	9.64248311572217	9.95275665016317
Q969T7	12.7068431277332	12.560763630261	12.7397771382732	12.7010062889627	12.6917067771052	12.7273292234855
Q969T9	13.7420846533594	13.7904214027854	13.769289927591	13.8230773981181	13.7527617551284	13.5659852211358
Q969U6	12.1080987963957	11.9032256508413	12.204757173389	11.9131548340269	12.0765616718216	11.8931760678911
Q969U7	13.4519103003723	13.4933481762407	13.5366887778305	13.3943364966971	13.4034627822685	13.5337101446337
Q969V3	15.6700193185805	15.7020946528589	15.7267447603099	15.6945476527505	15.6931502113505	15.6944193006705
Q969V5	12.6518912885219	12.5013530763669	12.5521591249307	12.640336388935	12.7294372687032	12.5975953065814
Q969V6	14.0918770786188	13.9284470955915	14.0561367779575	13.922445183511	13.8152453769379	14.0039240169066
Q969W3	8.07162499778731	7.80375941514559	8.22832905000549	7.61333550246079	7.87145433905735	7.58946774857898
Q969W9	9.00698367962423	9.02219450310439	9.30930693728694	9.18225301464127	9.57613423922393	9.39637498232386
Q969X0	9.44149996894102	9.43451519001465	9.37867400210867	9.15154212291249	9.67402473107028	9.62870889275913
Q969X5	16.018362883547	16.0361760757129	16.0782089318813	16.0870289206581	15.9869750476346	16.0263713392525
Q969X6	15.5864256446605	15.5863305969103	15.6357758538395	15.5652008935876	15.5210743241958	15.5835428182645
Q969Y2	12.1346409034689	12.1563881664407	12.2782591571841	12.2733240532844	12.2638519039916	12.0698042807105
Q969Z0	14.6830947039517	14.6833408249195	14.7384947200241	14.7115900098319	14.6400163958779	14.6066402920648
Q969Z3	10.2246461164027	10.6292735872102	10.5115326269894	10.4229310891618	10.4789054808146	10.6503218433799
Q96A19	14.205206246195	14.2678767970974	14.2483458262132	14.2827839438182	14.1723974190903	14.1676702514924
Q96A26	13.7402529576525	13.6753252010979	13.6852849330763	13.7137252931111	13.7751061403665	13.683058008424
Q96A33	14.958916274424	14.9945059440802	14.9592489042493	15.032614259882	15.0475912183933	14.9405775749088
Q96A35	15.0885100418236	15.1697862807579	15.1170421713993	15.1858334840231	15.191627507402	15.1420980258495
Q96A49	14.8237046854468	14.8055034654428	14.7622352538685	14.9401852024169	14.9100396697354	14.89793784755
Q96A54	10.4077887353542	10.6360563955187	10.5254109190853	10.524358859064	10.5583665784273	10.4018641600583
Q96A57	12.9163702586739	13.1055195799288	13.1199648644257	13.3527287044834	13.239980830459	13.0789772687097
Q96A65	16.3983546050554	16.3184746994858	16.3587400236512	16.3281413106821	16.3269560854582	16.3102266404138
Q96A73	10.8677805078833	11.252217371733	11.2532715475933	10.978558562239	11.1673937535212	11.2545177519273
Q96AA3	12.1276390005455	12.2723035312245	12.4096614738476	12.1791007158579	12.1565112792695	12.2858541208312
Q96AB3	13.0927148603012	13.127206529261	12.9845078470052	13.0897297684847	13.207567747339	13.1824315074766
Q96AB6	14.2168318119388	14.2361839103477	14.3656594598325	14.1670703582793	14.2835342988109	14.3029339394894
Q96AC1	15.6100284373193	15.5743313870476	15.687656227099	15.5964942358052	15.6080477773683	15.5843377054186
Q96AC6	10.6264322383652	10.856895648027	10.7816362946881	10.6886523914367	10.7118325866084	10.6912041572644
Q96AD5	10.8426258555825	11.1352214669883	11.3206931149024	10.8919557391747	11.1552906324636	10.8845830123324
Q96AE4	16.9126442418671	16.9926298908015	16.9005261598631	16.9763719114617	17.0032006933226	16.8788261770257
Q96AE7	11.9578555814238	11.976126502215	12.0077155420344	11.9694519689049	12.1147416311269	12.1402893687046
Q96AG3	12.6189483958054	12.5007598045659	12.531401472515	12.5944083837265	12.6443547598755	12.5416697413907
Q96AG4	16.1114016648194	16.1591771687673	16.1395436806078	16.3601117183633	16.2995751056329	16.1976099850904
Q96AH0	10.3107928099817	10.4969046659019	10.4208263724698	10.3021325047866	10.672286815492	10.2874951957251
Q96AJ9	13.2386704575976	13.3669964398149	13.3917256635448	13.2383418797281	13.0938031812281	13.3822859954755
Q96AN5	9.46943264429258	9.2511361773322	9.41687357815148	9.53653744382504	9.06042713994348	8.84304854711316
Q96AP0	11.1419029464583	11.2945707778614	11.3392678913498	11.3942940616345	11.5300279337443	11.2930844552712
Q96AQ6	14.5813368679072	14.6423170801122	14.5972544840572	14.5784828922747	14.5199661295902	14.4973054120902
Q96AQ8	14.8910241250263	14.9520839369144	14.8053587345513	14.8912438009082	14.7958438293986	15.0127068872055
Q96AT1	14.1296452431102	14.1688598433289	14.0939489709363	13.9604065253055	13.9405472501692	14.0677635815615
Q96AT9	14.8589906570452	14.8096715797892	14.7244214028781	14.9298931789739	14.9367042814397	14.766282469318
Q96AV8	11.1660950577123	11.6604365280042	11.4202985507682	11.2254514070632	11.4645658372011	11.3380343952164
Q96AX1	14.6435546936221	14.7613904718111	14.7680594159058	14.800560953353	14.7051325055237	14.7663968627618
Q96AY2	11.843158770209	11.9096082804562	11.8765399380933	11.9096899949471	11.8478898279888	11.7684464040883
Q96AY3	15.6263527652182	15.6650376835322	15.5697431636993	15.6270991089597	15.6400109930513	15.5516952713901
Q96AY4	9.77863655206378	9.81034358280495	10.6443250845822	9.32385638196865	9.47868453050543	9.68327942737086
Q96AZ6	11.9155719232139	11.8613460010089	11.9683308326811	11.8140714193539	11.6908446922193	12.1768406731274
Q96B01	11.8015764392881	11.9905317953335	11.7553855248648	11.574403600892	11.6695066284082	11.9533853259246
Q96B02	11.9098689725421	12.0380346788733	11.9075417811784	11.91014693854	12.0957239225717	11.9425904104315
Q96B23	12.8372715242076	12.9653018458849	13.0401602865347	12.7683471110105	13.1159911382451	13.0941466534658
Q96B26	14.126010293196	14.0493247502665	14.0461579295575	14.0734290390065	14.1057224804024	13.9686521870442
Q96B36	12.5677251212357	12.4575507973316	12.5235544149721	12.2728708989795	12.2260148362298	12.3312988227012
Q96B45	12.340278391281	12.3076216956224	12.2736380573752	12.4568936661502	12.1506722043282	12.253889347785
Q96B49	13.2227568415217	13.0620449109138	13.1306936787722	13.2685307582263	13.307953118603	13.0650021755127
Q96B54	13.2214215292629	13.1037711351543	13.1411367090678	13.0467632641432	12.917330125506	13.0864989464046
Q96B97	15.4031305094607	15.4407139419647	15.4097522136389	15.5543405260398	15.5067141279701	15.4776789054626
Q96BD5	12.5512556622545	12.3939285554134	12.3711122217604	12.2915941047945	12.3537009406907	12.5875080857387
Q96BD8	8.55168658345162	9.168934238981	8.74144934060283	8.29716731068501	9.05272932688701	9.04889936721627
Q96BF6	10.7809033152329	10.6933532262548	10.372018673938	10.5249697663128	10.7167980319684	10.7696417616824
Q96BH1	14.9196990526155	14.9268379413523	14.9443213288204	14.9826837779571	14.9689887975451	14.9054443024981
Q96BI1	12.9718582897887	12.989762933996	13.1362629514924	13.2133445605684	13.3056194153427	13.240539772723
Q96BI3	11.3098292237347	11.6064693239519	11.7005108076807	11.6558343007421	11.4640311311459	11.7037734207111
Q96BJ3	13.6527753001837	13.5039670909468	13.5382207993532	13.4478805871236	13.5461955653336	13.6103834381268
Q96BK5	12.2328686566571	12.4800914158666	12.5147526949565	12.3051778534247	12.2359216461063	12.3843351957069
Q96BM9	12.3682943231266	12.0002354043055	12.1541640479823	12.1093526946557	12.1758258028374	12.0672416825532
Q96BN2	12.6173147755525	12.5875833961259	12.7437462496778	12.6615363173441	12.7435480448316	12.5972121394814
Q96BN8	15.7581920690501	15.684457882914	15.7068341303396	15.7246693418074	15.610592274608	15.6484985995323
Q96BP2	11.8718482487803	11.9873511783337	11.7522727141422	11.8882715495569	11.9081916304876	11.9887679663134
Q96BP3	15.2405746879005	15.2365628140264	15.1928945570584	15.2076675337485	15.1778026915233	15.187980023802
Q96BQ5	12.4333416593932	12.4539077800958	12.6934117032757	12.4753435794154	12.5170060284084	12.4779178105936
Q96BR5	13.3421663952544	13.4629915374368	13.4758667483065	13.5909509621429	13.5748406675074	13.5355000527336
Q96BT3	14.0438367204675	14.1440553865673	14.1110873902603	14.1363916648154	14.168676973275	14.1693196098702
Q96BT7	11.6406200270811	11.5558717401626	11.477292172728	11.5979055569268	11.5874235337122	11.6404190971832
Q96BU1	9.73694747310904	9.78551334262443	10.4507007951011	9.80547891909269	9.68010701623249	9.50561054130723
Q96BW5	15.4043860500231	15.4268804234254	15.5258265247614	15.4621857286841	15.4943309216583	15.4926668516139
Q96BW9	12.7240936681796	12.5630003175583	12.5077092203288	12.5567625800276	12.5876583240825	12.6717464808237
Q96BX8	12.7106524377382	12.508072953501	12.6772645492507	12.5780876690447	12.5047496527568	12.654468707411
Q96BY7	12.9082510000237	12.9358926087783	13.0215343915411	12.9938286052395	13.1097104586294	13.0287863727303
Q96BY9	14.5640987726436	14.597608871324	14.4747996144467	14.3179937591861	14.2801719052688	14.2006493259142
Q96BZ8	12.3483721298974	12.4420107303351	12.2643129814002	12.2819876751062	12.5045846246365	12.2909864383849
Q96C01	15.2909138579438	15.2229807082354	15.1609474760069	15.3537064525767	15.2104116432807	15.1512628450008
Q96C12	9.79682892072743	10.3858082107075	9.72050802600982	9.83853325193408	9.75758095409593	9.92126605652862
Q96C19	16.0852292062229	16.1916075564674	16.216769645981	16.1304721303156	16.1209199362617	16.0562564461684
Q96C24	11.9128547267409	11.9565330444289	11.9978865746915	11.8080991138006	11.8532260341054	12.29688554389
Q96C36	14.4801305592559	14.4850771494514	14.6411661796953	14.3919330924265	14.4087370693988	14.662597354219
Q96C57	12.5278281966706	12.5415829853769	12.6759850107442	12.3831043388019	12.3360736184278	12.457093589728
Q96C86	15.6529198915105	15.6412386516031	15.6400944843366	15.6360989455838	15.7334470230477	15.5907183041685
Q96C90	13.4985105988216	13.5371267867318	13.3096803280694	13.5612824415987	13.6525386210534	13.4291295360496
Q96CB8	13.4859679768964	13.4994791607514	13.6301970112425	13.5415971493565	13.4313189691945	13.48798992096
Q96CB9	13.1551327074812	13.1071916394775	13.1675765103463	13.1628033479467	13.0730229507713	13.1342596472128
Q96CC6	10.6929095208232	11.0229749091207	10.8898536349073	11.0482497973223	10.7723483757509	11.0937160060651
Q96CD2	10.9602174675527	10.8262800224178	11.2107702847908	11.0050938990473	11.0459039574962	11.1449664578304
Q96CE8	10.0638239422034	9.71867557808325	9.95434031965951	10.1491055490503	9.98995783782656	10.3135016509014
Q96CF2	10.9958315343017	11.3321503860231	11.368668518121	11.5582508796363	11.525422568592	11.616836025101
Q96CG3	11.1998867165469	11.4307379279862	11.1930693381336	11.2621834089564	11.2474910783256	11.3894130990939
Q96CM3	7.49743943398851	8.54385457308589	8.17320754521811	8.45561744844147	8.8354404742135	8.66903965770826
Q96CM8	14.9534099849021	15.0280836458985	14.8750798815382	14.9283611843076	14.8918032594544	15.0167768332251
Q96CN5	9.23043372774002	8.60522684889805	8.75064870717352	8.19702472480873	8.46595979045548	8.66497290687446
Q96CN7	15.2636985678704	15.2549579569899	15.2169081274627	15.2366135760204	15.3492714592772	15.1678659219269
Q96CN9	13.5446139947386	13.6160730717437	13.6193352425524	13.6434882689084	13.872450665466	13.7676150844301
Q96CP2	14.5923580434964	14.636747659894	14.4885482238046	14.6705135396253	14.5986357638983	14.5677096237295
Q96CP6	10.4541515923491	10.290806567768	10.3285287327687	10.5524083061394	10.5529198705292	10.6525485712061
Q96CS2	12.004076064867	11.9851117491772	11.9772577167053	12.0813260918234	12.0979043691314	11.8091280826691
Q96CS3	15.002529007725	14.9725113941413	15.0534613954374	14.9075477172193	14.7831424728533	14.9251980101381
Q96CT2	12.1476578705998	12.2207259154358	12.1646235280744	12.2088090269944	12.2023168573499	12.2588165828673
Q96CT7	14.7313815863783	14.6158037677987	14.6720326079088	14.7829815791551	14.7297733518758	14.6683374191006
Q96CU9	14.2856041412734	14.2138873302211	14.3395065952632	14.3073313202414	14.3473018586939	14.2965680821616
Q96CV9	15.3137865723764	15.3096053524606	15.3801349317384	15.3408456676893	15.3055318279924	15.3364771137162
Q96CW1	14.5555503828912	14.6199930435522	14.6086708206377	14.5311775170373	14.5691970683597	14.4932307065286
Q96CW5	15.197542425709	15.2257392520898	15.1954851337294	15.3225531189209	15.2414629497279	15.2707984167193
Q96CW6	8.67299588477506	9.03811967745188	9.41820647829067	8.99401020942428	8.76065863191103	9.2366659181966
Q96CX2	14.3128580495074	14.3261485703268	14.2991011220038	14.3338843490464	14.3337099208126	14.2224855936564
Q96D05	11.7676099879598	11.6458086736332	11.6424345318706	11.586551379607	11.6570307645883	11.6409860990094
Q96D09	11.6730387067884	11.9462846511668	11.6254124718358	11.7404148353829	11.5990275603277	11.6214403482635
Q96D15	15.1881218322357	15.2897594977	15.2456111335749	15.3145636543354	15.2928804257868	15.2319548402358
Q96D46	14.9977314825045	15.0349567493562	15.0357610745983	15.0085867842724	15.0840682645559	15.1078729354475
Q96D53	15.3342966160801	15.3746149087901	15.3369014006091	15.4573171800136	15.4361417653945	15.4075785442692
Q96D70	13.3166807737848	13.3986531361967	13.307301515932	13.1418323141381	13.0020351111199	13.3225967257136
Q96D71	15.4991266492862	15.4750040223268	15.5179853261539	15.4177521685296	15.4394494407742	15.4013668052012
Q96DA6	14.3720069251134	14.4177868661351	14.3371212722928	14.4200008715637	14.4857908910487	14.3458095490882
Q96DB5	15.4385318119091	15.5394541842076	15.4329714958088	15.5053147888762	15.4943337677978	15.4575371163219
Q96DE0	13.6477218629409	13.5678607769735	13.489909617811	13.5090810642071	13.5034684938883	13.6607832366349
Q96DE5	12.6980767599265	12.5382490134681	12.6406661165019	12.8287978534627	12.8905109815327	12.6724681132934
Q96DF8	13.7156838756797	13.8406500974733	13.8726598847801	13.8071045412354	13.8155196839687	13.7133126639918
Q96DG6	15.0764165948557	14.9758843283998	15.2073860225781	14.8570470350579	14.6881070400201	14.8342288811754
Q96DH6	14.3627779641217	14.5372182508218	14.3793530567606	14.4929806001538	14.4454018789498	14.417025318713
Q96DI7	15.5337805140872	15.5891977206135	15.5117819376609	15.5117509446527	15.5526115694187	15.4783380266256
Q96DM3	13.8146212774139	13.8212529154363	13.7718853822505	13.7782158215742	13.7802044211981	13.8030757199568
Q96DP5	12.9356533128368	12.923936741367	12.8740019375376	12.8193737191378	12.9883420243825	13.0468249855192
Q96DR4	9.01587412787348	9.48442035414541	9.9752611650883	9.24015130953303	9.3433516649702	9.3482734019548
Q96DR7	9.70733454271397	9.76580223030504	9.22448852752519	9.48960329999691	9.39426483297641	9.65304564903363
Q96DT6	12.3344387638595	12.3428616010541	12.0671923496585	12.0437183706939	12.240297197999	12.2062612682649
Q96DT7	14.3414929931117	14.4226823275701	14.3723427561717	14.385159535003	14.3504279051093	14.4657754046903
Q96DU7	12.3787260172908	12.4602572129671	12.3736308600865	12.4721135538986	12.6255063167699	12.5324938632245
Q96DV4	14.874103094161	14.9585576433848	14.8777274898782	14.906346668763	14.9524829942907	14.9111753013414
Q96DX4	13.8800688946989	13.8715488934214	13.7978098282632	13.9030452860476	13.8956016157719	13.8713139549638
Q96DX5	9.77614696566931	10.0758420852073	9.967883035229	10.0073892392255	9.92143413786425	9.84161942858036
Q96DX7	10.3905614325899	10.258377523702	10.3644328126531	10.4344827560794	10.4749416505355	10.0767422525733
Q96DY7	10.4403431572091	10.4012436989635	10.6355843090678	10.5959791354511	10.0462084080874	10.3191606980069
Q96DZ1	15.0850006635801	15.0743193552328	15.1190902229605	15.1939817720192	15.222705178625	15.1909488618619
Q96E09	11.4248445387179	11.6229121760077	11.5295083733744	11.6315244991064	11.5665502557381	11.5643280698914
Q96E11	13.9882012431244	14.1099926379499	13.9703820620508	14.2124565063678	14.0532386937449	14.1920031261424
Q96E14	12.1132247271091	12.1632399818819	12.1068548414441	12.2411629096438	12.1885665434204	12.1572080625974
Q96E22	9.40274927660733	9.02462740309421	8.93708727822978	9.15081158274621	8.97410959678964	9.51783136065493
Q96E29	13.3950628248248	13.3150709580609	13.3641652664192	13.2623990073611	13.3360456683068	13.3679811263823
Q96E39	13.8135550699276	14.0394710131874	13.9286537196593	13.9691696969378	13.8740731953764	13.9235829498762
Q96EA4	13.4593408744374	13.4987716325291	13.4499381517173	13.4633743315162	13.4544121720472	13.440861717908
Q96EB1	13.2942192720467	13.3199862347241	13.41076990311	13.3427786777041	13.240308059172	13.296911615671
Q96EB6	14.4781981281841	14.4706553538016	14.4155566593448	14.3990550681683	14.3693755751614	14.3803679902486
Q96EC8	12.3524722242381	12.2770348658002	12.2527824738052	12.4367245942342	12.5102165455655	12.5315435872081
Q96ED9	13.7211684976868	13.6868313892545	13.7729472712452	13.7404067422669	13.7571755721903	13.8355441902077
Q96EE3	14.4785128508145	14.3759307829254	14.3859760652891	14.2193424543532	14.2431793271484	14.367619974342
Q96EF9	11.6633823578178	11.6312469857175	11.838526425365	11.7169369564384	11.8142844353917	11.7796468398798
Q96EH3	12.1689825764026	12.0938423637844	12.2181498774459	12.1412500941925	11.9707422116151	12.0635624058415
Q96EI5	13.8043622479998	13.8823677585413	13.9411909034953	13.7949220424682	13.8054473803397	13.9841154475069
Q96EK4	13.4216368087754	13.5298059199865	13.6769685220796	13.590803964257	13.5782324799613	13.5759302533168
Q96EK5	14.8467846151807	14.8383853342279	14.8157554285948	14.8181074870727	14.7346736805115	14.7979593467903
Q96EK6	14.6682521771277	14.4878472094984	14.666352683532	14.5589112799911	14.671317883902	14.6120404187703
Q96EK7	14.6094908414812	14.5170294810263	14.5000218831862	14.5194092069836	14.4543021504962	14.4720559578159
Q96EK9	13.5422028303849	13.609899684741	13.6251926374763	13.5701364765669	13.6500195547584	13.682852517198
Q96EL2	12.2629812926717	12.3766955758856	12.46407823441	12.2099001186841	12.2317731659192	12.3889190765357
Q96EL3	14.1612924145325	14.3102598560214	14.0729039721815	14.3080755039775	14.2610723796063	14.1022301798793
Q96EM0	14.9886529103604	14.9387826938396	14.9207043308913	14.9595663819757	14.9874242446934	14.9996958668154
Q96EN8	13.4298613883459	13.3994032242392	13.575366778779	13.5575792678274	13.4466161962003	13.5418787573192
Q96EP0	14.9334608753375	14.9562519506568	14.9599885882522	14.9894364182553	15.0167654267874	14.929806253263
Q96EP1	7.16969596660135	6.4296551943229	6.78523176752138	6.30437660791665	7.20771773036325	6.86988015383805
Q96EP5	15.3058269011114	15.3173285493164	15.2246309935494	15.462995200921	15.4085242566682	15.2079260446335
Q96EQ0	13.3446770963044	13.1605503339523	13.1743567874402	13.0276856594171	13.1619541769315	13.238714086155
Q96ER3	14.1000362180258	14.0870971551457	14.058150178731	14.0849501669336	14.2000954134002	14.0646316487235
Q96ER9	15.1751239980911	15.1018422185997	15.2086864266747	15.0440183954032	15.13487380395	15.1949298484483
Q96ES7	14.177656835505	14.1210130004007	14.2110731824459	14.1326734856919	14.215308966177	14.2518047931102
Q96EU6	12.4693370992273	12.5810836663585	12.3718221423051	12.4851064141908	12.3848924213866	12.6615832683008
Q96EU7	12.6992467639238	12.8795668786973	12.7164012824273	12.7640821250513	12.8445428621985	12.9187201154768
Q96EV2	13.7374888890977	13.7032698194983	13.5227150117604	13.6376230783318	13.613078609596	13.686550868688
Q96EV8	12.3409826816774	12.4156655092764	12.6076007832768	12.5593500409442	12.541918110817	12.5818463427829
Q96EX1	13.1050747800687	12.9366850149091	13.0021606018346	12.614952007251	12.5049960294759	12.7523749066848
Q96EX3	12.9735412529963	13.0247149825233	13.1185437093609	12.8427197339443	13.0994799165073	12.9708289097118
Q96EY1	13.4413082789457	13.5013710582767	13.5712229679997	13.6066826154362	13.5647786756031	13.4175805531194
Q96EY4	13.2942401517717	13.488992870078	13.4064283463151	13.3595445763709	13.341065454681	13.5885191355487
Q96EY5	14.3139886819205	14.353715855856	14.2146154885016	14.4087931169575	14.4031147616919	14.3380597338839
Q96EY7	15.2165054486134	15.2291480390722	15.1725930140025	15.2552548027113	15.2046733561509	15.1615386489438
Q96EY8	13.8083208654086	13.6553488707596	13.5330766790445	13.6840816855948	13.7601710758153	13.8468252281725
Q96EY9	11.6821309491381	11.6947602622627	11.6113305968978	11.633452005939	11.6382112408656	11.7269132178258
Q96EZ8	14.178534690955	14.3929457789423	14.3435529630545	14.2109379655145	14.0326103281503	14.3242924896987
Q96F07	15.2698129061362	15.2068873237756	15.1654292717503	15.216539000717	15.1795459369647	15.2227223462306
Q96F24	12.5296679805707	12.7485304228175	12.5007085829705	12.6553450580853	12.5336839451292	12.6696841207945
Q96F44	12.5485390619737	12.7569662566546	12.8437712326404	12.7623016517332	12.7561175135705	12.6542224701347
Q96F45	10.1839953672905	10.3206138451447	10.5079601240308	10.247941978498	9.84435708876584	9.98625443022728
Q96F46	12.7813569856213	12.8474031255942	12.7958426600217	12.802943082672	12.8228221945434	12.720775500554
Q96F63	12.9948019299506	13.0795771576403	13.2630419154735	12.9991409985877	13.1528419086667	13.0587671202224
Q96F85	13.0267096388354	12.935126392429	13.0693317099576	13.015688562444	13.2021077620207	13.1397748922886
Q96F86	14.5587033756642	14.5932304160749	14.6074454547277	14.4952240122619	14.5160523868756	14.5328320126778
Q96FC9	8.29217856151982	7.70378563195241	7.78069901521808	7.52160186139159	6.2654185900402	7.1989245054255
Q96FF9	12.3897636933816	12.7944136510515	12.5903666696196	12.6477210863332	12.4426604649864	12.5799641460305
Q96FJ0	13.0123393283974	12.9780273558344	12.9833702107484	13.0228961241738	13.1028961733139	13.0742877908112
Q96FJ2	14.4761580415976	14.4923752910307	14.4180597609195	14.5932740076591	14.4921579640502	14.3146996191466
Q96FK6	13.9589777399654	13.9479340066456	13.9557533230681	13.879220942868	13.992295945211	13.9991150983078
Q96FN4	15.5900481095936	15.6177607115336	15.5429159310594	15.6252603361117	15.5297019260045	15.5440529264443
Q96FQ6	14.8420302571234	14.6895883952263	14.7093741903107	14.8351561612392	14.7822321720564	14.6608845309941
Q96FS4	15.4816047359491	15.5054823840365	15.5216801409285	15.4748003725158	15.4947993206431	15.4291931686139
Q96FT9	11.8706538681826	11.9438444114879	11.825868514001	11.8975660562706	11.7756795433645	11.9994772048743
Q96FV2	13.9936665871315	14.0764465890813	14.1156254685444	14.1282296801435	14.1178148223737	14.026293697324
Q96FV9	15.5590317212041	15.5541800460173	15.5553836226857	15.5246296873704	15.5346731683254	15.5811169885374
Q96FW1	15.7051457401963	15.6874971165848	15.6765133170336	15.8038490428432	15.7057995401953	15.6229885009397
Q96FX7	13.3582477786507	13.2686240826123	13.3981280749389	13.2571308833802	13.5555923306883	13.3583580563883
Q96FZ2	14.5303203627046	14.6057974450689	14.3860578330045	14.4351735485498	14.4817024081944	14.4815611667029
Q96FZ5	8.51479399955804	8.70956084035204	9.0104043547653	8.79137673273507	8.20602813139201	8.42755388391038
Q96FZ7	13.9441126867468	14.0648175293062	13.9195852611375	14.1303769807384	14.0540251924233	14.0239187852139
Q96G01	12.9883249279741	13.0339719328914	12.9372938898341	13.0595375662769	13.0341319212988	13.0355333663035
Q96G03	15.4809666333014	15.4467811295394	15.495051054786	15.376256877472	15.2760704416916	15.2866886765815
Q96G21	14.5568900467147	14.6321265098704	14.5916599477501	14.64708862771	14.635279878353	14.5834525110405
Q96G23	12.5377505580614	12.6916071340095	12.6526582504134	12.5722295583477	12.5236789308694	12.5476203387833
Q96G25	12.3280622008118	12.4847166311831	12.2146230986361	12.2776637617007	12.287101808475	12.0811391910377
Q96G46	15.2777690685348	15.3011844070874	15.2933568373927	15.3408276523127	15.3770479543522	15.3030209127181
Q96G61	10.5754546732749	10.8453653147029	10.6265523252855	10.5027743115655	10.9657256194476	10.4339979343744
Q96G74	11.4338124329533	11.3560758261965	11.3224455777073	11.370394938518	11.4167074344009	11.3891440978871
Q96G75	9.73212593548743	9.14761079463689	9.4599958389104	8.99553003578647	9.45658513316346	8.98617682216675
Q96GA3	10.8903232940593	11.2025030083301	10.8486126275794	11.0496090672765	11.0091312556853	10.9133154345863
Q96GA7	14.0889283673959	14.1903980964907	14.0759193412346	14.0330755960513	14.2136441436351	14.1189296412352
Q96GC5	13.5674832641076	13.4584587928936	13.4891787517192	13.4894492152973	13.575490826893	13.4752015635835
Q96GC9	11.8877056913197	12.0672499445977	12.0143722453534	12.1617491624759	12.1108975031399	12.034742525591
Q96GD0	13.5298320273978	13.7176156704447	13.6520829217481	13.6259126747352	13.7495755999742	13.5174051518321
Q96GD4	14.1457135685363	14.1420828662532	14.0957548909175	14.1323119341651	13.9275725648576	13.977324800132
Q96GG9	13.8602652483961	13.8500147381367	13.7889174600751	13.871322146355	13.9085009406116	13.7333912115108
Q96GK7	13.2298480050306	13.2148142913367	12.9586542484913	13.213551548827	13.2073316313563	12.9392769944777
Q96GM5	15.1901575044102	15.2519001984662	15.2771089129406	15.2248752259154	15.182906890349	15.1537755971218
Q96GM8	14.366531249674	14.3695670235898	14.4462070272645	14.3688520242211	14.405282156791	14.511651331204
Q96GN5	8.05909676673564	7.21512601761153	7.70165802484861	7.53867980700017	7.66628458620643	7.27017673371873
Q96GP6	13.2908484571813	13.373887947645	13.2801411312405	13.4379502582192	13.4730342123607	13.4457319062108
Q96GQ5	11.9586067117158	11.9118171852917	12.0402908235453	12.1290677958137	12.169360225233	11.9644579386664
Q96GQ7	15.6400204652126	15.7239150325188	15.5552018348643	15.7232529215408	15.6894240586293	15.7294115595034
Q96GS4	11.8641279948742	11.9510888348965	11.8067315268928	11.8910738494354	12.0459288130141	11.9758045408059
Q96GS6	7.77099483450269	7.62697729068779	7.07966701720242	8.15475211219142	7.78516563598273	7.58858196984042
Q96GW9	13.6341389587608	13.5985457604148	13.5907032914852	13.5668371255084	13.5912980193598	13.5121977105685
Q96GX2	12.5764737642985	12.5002197639714	12.335510434058	12.5924391733602	12.4827299193371	12.3922614324653
Q96GX5	13.4059074420926	13.4080205063882	13.3584581601916	13.4116280052406	13.3271695795159	13.2790784133801
Q96GX9	15.1615745692708	15.2479738472668	15.0574659495686	15.1790954911047	15.1799027355858	15.1416829104663
Q96GY0	14.4265409862612	14.52942491729	14.4535880754976	14.5011130013013	14.4087370693988	14.4566140427036
Q96GY3	10.8016547795698	10.9462657797037	10.9387098585807	11.1947701536943	10.6910036406072	11.026244161556
Q96GZ6	11.6958840638332	11.7024275994125	11.6354478818546	11.8103368077928	11.4957905386792	11.6669593007588
Q96H20	14.2930678094873	14.2425134235066	14.2388283447103	14.255345779734	14.2927704606325	14.2835034777482
Q96H22	11.6282554625944	11.5804028975106	11.559394548609	11.8763448661985	11.684352603366	11.7392724296789
Q96H35	12.3120651340464	12.3074218942706	12.2642306314283	12.2918702398183	12.1602990668559	12.3620572524759
Q96H55	14.4123946963956	14.3062541190794	14.3236286991013	14.3133896827958	14.296291071723	14.4306351505109
Q96H79	13.0100231773374	13.1224910180165	13.0615745040796	13.1344113682756	13.177410735437	13.0641492088618
Q96HA4	9.8639591938994	10.3549332864922	10.1983618268921	10.115790091012	10.4777384338019	10.2578324811699
Q96HA7	13.915475776536	13.9583485274163	14.0318071695149	13.8080160980484	13.7490222605918	13.8377277369172
Q96HA8	13.9578533845629	13.9403752714338	13.986272354275	13.9960029585802	14.0214100446333	14.0184071362746
Q96HB5	8.89380912164596	7.793591540433	8.35750179024176	8.55945325942601	8.65655064067403	8.6941528663292
Q96HC4	16.1677316320951	16.2083913110536	16.1832494255059	16.2904788445743	16.2805462585228	16.2597636103536
Q96HD1	14.7801561988576	14.8925504083531	14.834963489619	14.948520947042	14.9275607608986	14.8731647523352
Q96HE7	15.9645667306891	15.9501979725749	15.8063374499671	15.9760993671931	16.0054597400537	15.829689271501
Q96HE9	14.3194165834601	14.4657707173525	14.3278851266952	14.5450415412606	14.5418856156821	14.5563959269733
Q96HJ9	11.8164579266334	12.0648149218776	12.1402603905171	11.9169408162971	12.15820235563	11.8955574158362
Q96HN2	11.7022187738889	11.4679045064156	11.7782996023037	11.6773209611748	11.8184772444524	11.7875804620438
Q96HP0	14.6171269964472	14.7226678254024	14.5957998963889	14.6460501858461	14.6789214588862	14.5895363950145
Q96HP4	12.8221892192509	12.6474021266666	12.602072862244	12.6104646162587	12.6873075370869	12.5266271666008
Q96HQ2	12.2484993240224	12.5648132323804	12.4062351142779	12.4967213778131	12.4659992661833	12.3343174638264
Q96HR3	10.3543293273648	10.445205879992	10.4473991359572	10.6699336479583	10.0230744919013	10.386470925531
Q96HR8	13.831887657874	13.741013475788	13.7483375371679	13.7685653869836	13.7660816290266	13.7096725773905
Q96HR9	12.4916938637085	12.5051858578413	12.5625431405751	12.4489296744486	12.4302172728858	12.5932411142178
Q96HS1	15.0209351510141	14.9538501148289	14.9391889082916	14.8464951614024	14.8175862451077	14.8332980133406
Q96HV5	8.50232075671449	8.94526901568429	8.76032373367135	8.84992039266239	8.61356084072242	8.44926089770115
Q96HW7	14.988406661708	15.0185410330394	15.0134587241488	14.9252291172522	14.9272234641222	14.898845548371
Q96HY6	14.7601772026174	14.7650353317191	14.8106603455339	14.8785390026554	14.7492717666036	14.733002483911
Q96HY7	12.5078904087679	12.7635570732498	12.5539575510021	12.8222020760773	12.7046533681089	12.641719173165
Q96I15	13.4485308758325	13.4755585519214	13.5140157579887	13.5748983795243	13.4518889307799	13.5463258131235
Q96I24	16.3298942771548	16.3579865623808	16.2463485226749	16.3730078802129	16.4470024090996	16.2266895433431
Q96I25	15.0038276470395	15.0478212485364	14.9035295474234	15.0258628106238	15.0534473353737	14.9192215335737
Q96I34	11.941499425762	11.97368071332	11.9852271130418	11.9017549997617	12.1149637790172	11.7831490401408
Q96I36	10.8295844124582	11.026713565035	10.9960813251868	10.8543395227388	10.990603656827	11.015067031602
Q96I51	13.0490431020717	12.9840973559076	13.0988389072804	13.1120152380326	13.1031694233136	13.086799059682
Q96I59	14.4712960484535	14.3670725667181	14.4568473085692	14.4340825077647	14.4790556386639	14.460667665126
Q96I99	16.7919965690911	16.8128648205717	16.7933307514288	16.8096309104092	16.8442443179835	16.770788495952
Q96IF1	12.95827292431	13.0444574220576	13.0164865608253	13.0141161973194	12.9219505516579	12.8460486595373
Q96IG2	13.0023836364074	13.079399925865	12.9321715359551	12.854902176999	12.8830590313537	13.0188845666686
Q96II8	12.0759834922757	12.3230866798308	12.2795256228872	12.2905194365841	12.2202554572484	12.3027502399914
Q96IJ6	15.0777520189378	15.1306056149296	15.0683382284627	15.3277813412486	15.4796897537451	15.2424369325822
Q96IK1	14.2747987484783	14.2978305415138	14.2098444123717	14.3082980018081	14.4621947673941	14.2206643885488
Q96IK5	8.5584247954697	9.21199002277418	9.41549707178057	9.15346411087338	9.06430978066365	8.8664830985113
Q96IT1	10.7260711052956	10.9049162068141	10.6795622161681	11.024173116281	10.7642132806083	10.7541610555312
Q96IU4	15.662594730865	15.6465153177854	15.538563425828	15.6158955111459	15.6649374132088	15.4692922038086
Q96IV0	13.7301066221337	13.6510191840461	13.7005466720292	13.8194618301381	13.7125579424447	13.6976259124295
Q96IW7	11.4957457037669	11.7901217749168	11.5706641686592	11.6033401818253	11.8222153490228	11.8929898055397
Q96IX5	13.3813770710952	13.1736730912231	13.1771790336157	13.353682645204	13.2492434801981	13.1040013284909
Q96IY1	11.7801481231673	11.8246548572959	11.7601485536528	11.8630258790579	11.9465817611344	11.7243836445998
Q96IZ0	13.8666143477068	13.9864310468371	13.8427119779046	13.9696988037068	13.9480912327531	13.8491332269115
Q96IZ7	12.2011010516805	12.3237666932981	12.3166770429239	12.2417776479682	12.2609827146533	12.261505712767
Q96J01	14.6089845212865	14.6552409311138	14.6766602799931	14.3695690730617	14.3404728171351	14.6138974756516
Q96J02	13.6895769795946	13.6508315983388	13.586642171084	13.4999171542221	13.6170971650868	13.7500267492655
Q96J42	13.1259799878756	13.155402475963	13.1984341710188	13.2137395617161	13.4445000448646	13.2428030728147
Q96J84	14.6830508504737	14.8413727726199	14.7282149179293	14.8732905240184	14.9217897212804	14.8140575145625
Q96JA1	13.2978478035931	13.3491955576129	13.357063356958	13.5753714379996	13.5146955300733	13.5024226554842
Q96JA3	11.674723814032	11.8008109212864	12.1190316778335	12.0428490944824	12.2191316784409	12.0277844782327
Q96JB2	14.9688882058318	15.0738992321672	15.0438875350435	15.1736795747457	15.3557539460629	15.2932984671931
Q96JB5	15.6091366458197	15.6585657454178	15.6693698041063	15.6742747816244	15.7745507903537	15.6946533798375
Q96JB6	14.5829279624468	14.6808721961261	14.6134914873377	14.7883008191919	14.7661066182988	14.7276450174482
Q96JC1	13.9687917321447	14.0459305291317	14.0424026787411	14.1457057503959	14.1504670468207	14.0893565367597
Q96JC9	10.5130966126388	10.4384274983013	10.499689652896	10.3839749494265	10.576340758931	10.5446393249098
Q96JG6	14.7520637801509	14.7049644974723	14.8077726241531	14.5979027652537	14.7416047078718	14.8169480218939
Q96JG8	13.5166102019626	13.3068267336499	13.4270887326112	13.5006388428869	13.539761931953	13.4599558865891
Q96JH7	15.1043774259937	15.1195715407468	15.076003831828	15.1349056968094	15.1445614065799	15.1031909463426
Q96JI7	13.0585764861472	13.226387463988	13.1997295940922	13.0822443391404	13.2490937046898	13.1267752562817
Q96JJ3	15.1035633703344	15.0655092005802	15.1458025036324	15.0606099679094	15.0251499902291	15.0955622321923
Q96JJ7	14.7798536401996	14.8320400311457	14.9318822607985	14.8365712623967	14.9346581397288	14.8445832722621
Q96JM2	14.2606599263599	14.5347987660566	14.3919915125747	14.4631628643289	14.2933110419555	14.6269143722842
Q96JM3	16.6234706350568	16.6657670646493	16.6598639635732	16.6898265988343	16.5844358269649	16.5896527938112
Q96JM7	11.9708723881615	12.0378118880011	12.0369102322652	12.062976480344	11.9809671368937	11.894200081191
Q96JN8	8.65693395665942	8.65214881420049	8.50250494121758	8.38783454161878	8.19755032708792	8.06179596043093
Q96JP5	11.2306155808204	11.518774794487	11.4230358481269	11.5620794044204	11.379724835097	11.6956130981252
Q96JQ0	15.5432130965827	15.632548186161	15.5948635231873	15.6955299413576	15.7698101421674	15.7004282529749
Q96JQ2	8.25947065954205	8.04769240453898	8.10841862138565	6.79050150063419	8.44590644798739	8.41619266630143
Q96JY6	15.2710767857429	15.3656110039956	15.2989478786285	15.4694620039758	15.4376031094293	15.3431968152507
Q96K17	12.6638834123919	12.5206973364259	12.474973712777	12.7536468746713	12.7203454687699	12.6081610102135
Q96K19	11.5144415377091	11.4471542527027	11.5708639345568	11.4360026877832	11.4068609650345	11.738527789094
Q96K21	13.2871498012897	13.4103549283372	13.3609274566338	13.3956153922977	13.3518737307978	13.3696913368274
Q96K37	11.7868861446585	12.0118483340332	11.8052970848258	12.041338917374	12.1597134433211	11.8734195922802
Q96K49	9.73784844086001	10.2173046536896	10.3670644680899	10.5173950629362	10.5641572947496	10.2885445048418
Q96K76	16.3238775110136	16.260519011027	16.307990391509	16.2169209498024	16.173611450576	16.2091665620586
Q96K83	12.2120948350245	12.1739003584925	12.2710672966424	12.0943376589903	12.3037497309198	12.3396298627521
Q96KA5	14.4022730983395	14.3677441420951	14.3456427851455	14.3878868545376	14.3493620956907	14.4157413454693
Q96KB5	17.1724118251857	17.148265539146	17.1461888773712	17.1388742518947	17.2030458402632	17.0574433668978
Q96KC8	13.9733195794287	13.9345414746037	13.840425433261	13.9232902854434	14.0346557238282	13.9755333626547
Q96KG7	12.0805064374233	12.0937401404439	12.1348658113083	11.9257576803055	12.0716105221605	11.9232333728623
Q96KG9	15.7471781833903	15.723920536562	15.8257464542626	15.8676786004893	15.8922454982092	15.8164222649748
Q96KN1	13.4823208323968	13.4003485516913	13.3532400366428	13.4349153996652	13.5386616568967	13.4268357012026
Q96KP1	16.1035335827312	16.0555409661608	16.0099937663087	15.9024348721944	15.9821212406837	16.025639176888
Q96KP4	16.688275967099	16.6817657699645	16.5961717636703	16.7658074749164	16.7710681878631	16.6583693149045
Q96KQ4	10.3488044442675	9.80090693606088	9.83474466039297	9.61639032128918	10.0494105646215	10.0528570414778
Q96KQ7	14.7310009443576	14.8579107147744	14.8009589692199	14.798482663098	14.8371479615464	14.8400940698712
Q96KR1	16.9001994003498	16.9369171198319	16.8734206069204	17.0027420814372	16.9173562364365	16.9151028618873
Q96KR6	8.69163132710651	9.10942478343371	8.85128571571269	8.63950557267547	8.65054783052299	8.88735609351465
Q96L50	12.5582277431955	12.4822978559741	12.3912362386303	12.3912715342595	12.6311916173994	12.4785156187663
Q96L58	11.3160810608817	11.0632983384826	11.2676970258557	11.0595683795621	11.0496213100532	11.2852365934486
Q96L91	16.8129776772441	16.8588287023619	16.7916524798266	16.8075900845211	16.7867038081704	16.8517980960356
Q96L92	14.7359229626761	14.7966170913309	14.8229826507068	14.8135759365647	14.7671898878363	14.7409402385723
Q96L93	9.5543623997727	9.47308506591516	9.64689912492821	9.5613786501307	9.78958111984374	9.68203425215067
Q96LA8	8.56858856585935	8.88671772727585	9.06155758035522	8.64019976012584	8.74101903703463	9.1899675322151
Q96LB3	15.1551212108955	15.1577884346899	15.3004810144714	15.2011918550506	15.2762624670831	15.2325966176756
Q96LD4	13.7240445850135	13.7679990568606	13.8308318223108	13.8655492700359	13.8863118505135	13.7974263924999
Q96LD8	9.04457336580987	8.51779986326642	8.28648151752024	8.80568004655784	8.96441121060953	7.29453192918729
Q96LI5	12.1768558332968	12.1523039394525	12.3694452664101	12.3609560093399	12.3840521037941	12.2994643673348
Q96LJ7	13.8703294417778	13.8843065279104	13.7618046144064	14.116932935903	14.0600379928828	14.0259044418917
Q96LR5	10.099565345217	9.93777125300956	9.90989743563785	10.076464826803	9.90000589081199	10.1455341036657
Q96LT9	9.87218865276714	9.47486535661784	10.0864165111989	9.68648647217843	9.82252732779535	9.66934581357036
Q96LW4	10.9554194056401	11.0664966034975	11.007441465149	10.9368183019267	11.2087283204594	10.9126894656667
Q96LW7	12.265507503247	12.3489329109929	12.2931763175829	12.3885732051323	12.2850394924402	12.3487080959556
Q96LW9	10.6318289214478	10.48238115005	10.4581148736112	10.663204329854	9.67903364793256	10.6785004082691
Q96LZ7	13.2582616807096	13.2421898821657	13.131709632846	13.2585203620644	13.2339702643123	13.373537167607
Q96M27	14.8649207435519	14.7653824653312	14.7545959132002	15.0498352156928	15.0495399597663	14.8682927277886
Q96M96	8.15903433440693	7.15599005467168	8.37643357242363	8.38083205901388	8.30853854490998	8.40485739480773
Q96MC5	10.3737979029112	10.0921718082115	10.5769293365985	10.4760971036525	9.9663823750655	9.56995743999041
Q96ME1	15.7563510408156	15.6545316187221	15.6154217663786	15.6589413004767	15.6958132239746	15.6423618466262
Q96ME7	12.9620498734347	13.2007892067908	13.2062735185178	13.2476715403417	12.8127149196898	13.1440276144705
Q96MF7	13.7581583243317	13.7790434870039	13.8635332824701	13.8060512851517	13.5556152441619	13.7240540474837
Q96MG7	12.749748673907	12.8373711859462	12.9213236926706	12.754995475362	12.6986205472458	12.7862030243942
Q96MH6	12.6655523386192	12.7742123812364	12.8454726807301	12.748525552441	12.7875181543321	12.8077472882572
Q96MU7	14.6985350149772	14.7035433793735	14.6570308829399	14.696361455076	14.6390373821631	14.602481807764
Q96MW1	13.3441074007949	13.173179749702	13.0586708747077	13.3640308341751	13.1596445308035	13.1341618808587
Q96MW5	13.0133628388655	13.0654961696389	13.2149746430855	13.0047721924217	12.957535442572	13.2190390210216
Q96MX6	15.2333928097404	15.2193011933643	15.386246691955	15.2591591720141	15.3495131437273	15.2667871225206
Q96N11	12.4856937321338	12.5899045524208	12.4966385519445	12.3824043600627	12.5470047534242	12.4063516865663
Q96N21	11.8716943411612	11.8938450191687	11.984083258211	12.0365319529209	11.7629852700624	11.7706296272986
Q96N23	13.7308228956363	13.3616617945751	13.7668486133357	14.2331646374867	12.750552012378	14.2712121703534
Q96N46	13.7367247039932	13.6191445605344	13.852979307606	13.087817919259	12.9394747924574	13.5365040378256
Q96N66	15.2510299321919	15.3604868519025	15.4297204242819	15.4334271741457	15.364779648647	15.3365097724014
Q96N67	16.6643792446756	16.7359953858598	16.7499371037623	16.7438808352575	16.6462814885901	16.7203369089088
Q96N96	12.6053259070273	12.6300256763923	12.7163389364737	12.5310740099428	12.4694851225134	12.7804675279844
Q96NB1	8.45682784933457	7.89750193859603	7.72393388020533	8.44957088931018	8.3585071805147	7.92008844014779
Q96NB2	15.0027004525047	15.0715645225989	14.9784916110802	15.0619167659719	15.0605290237611	15.0214153113304
Q96NB3	13.4662268905427	13.5530577560253	13.4794181711484	13.5965470490487	13.4613884023421	13.5668535181627
Q96NC0	12.2737340408861	12.1508668111186	12.2734159653716	11.9201882620317	11.8705845103521	12.0440736525999
Q96ND0	13.6066856640082	13.6613392527957	13.5541800917599	13.5822918667915	13.4425259421348	13.6376270629806
Q96NE9	13.3313320142091	13.3811767261808	13.2203088117172	13.2928390556327	13.3587010485221	13.2581378253591
Q96NG3	7.35758350802954	7.93723963025142	8.18045715867552	7.36571729671263	8.29943502648244	7.46222676317223
Q96NL8	12.0214008625777	11.7703886850886	11.9552004942828	11.7998126360633	11.8851479320849	11.9828875791289
Q96NM4	9.92177509210118	9.87099328877211	9.94575426041334	9.58741999721397	9.97258053580592	9.97676831718436
Q96NT0	13.4471668706441	13.5416079673256	13.4727711555646	13.4937885848418	13.5714818712525	13.4831517092697
Q96NW4	10.9508172787025	11.0709830670451	11.1065103854103	11.1179907804597	11.2659233689897	11.08921879713
Q96NW7	10.7843859904822	10.8708819433222	10.6682971924986	10.5082221880872	10.8206181221329	10.7446347601162
Q96NY9	12.7005996300717	12.645982970685	12.7375988906496	12.7103742561646	12.4224554268639	12.7340287484555
Q96P11	13.7423206261717	13.6246048109803	13.6698211623639	13.703582323047	13.6968002301485	13.6479118025455
Q96P16	12.9392028129482	12.9496906784583	12.8640457148221	13.0020271910892	12.9773469641174	13.0771931761466
Q96P47	9.6254146513153	9.82983586172673	9.7184657758503	10.1577731846669	10.1459345894622	10.0908377236027
Q96P48	13.9617153481018	13.7427790491504	13.956714576665	13.7308383296279	13.8909431090409	13.983090946161
Q96P70	16.5658098485073	16.5306563580079	16.5790017924884	16.5894470334122	16.5621245516103	16.5061967043226
Q96PC5	12.5432983820739	12.6208871382295	12.6476974986129	12.4784814792828	12.7194457913316	12.4419632180447
Q96PD2	14.9655219863578	15.051585182719	15.0020062861595	15.1097541124736	15.0934218073662	15.0831349928966
Q96PE2	15.063821900922	15.0599006803007	15.1156503278239	14.9301510881522	15.0471299114891	15.1552625994936
Q96PE3	14.7771806655734	14.7133044733902	14.747651352647	14.7153443709755	14.8560714916075	14.6316732750739
Q96PE7	14.1709549224382	14.2813663125059	14.2987335977181	14.3540833502981	14.5286122924485	14.3671382976109
Q96PK6	17.723551561784	17.681605236737	17.6961552936824	17.7378970153486	17.6472744155122	17.5644936270475
Q96PM9	10.9002435564106	10.7397510277605	10.7454328234506	10.843529956279	10.7075179520747	10.4287726659282
Q96PQ7	12.433155203235	12.4199010312103	12.1685699720997	12.265960873405	12.2147659848916	12.2311425808549
Q96PU4	12.1281035607376	12.2762063500475	12.3320266129101	12.3440654698468	12.1815848006298	12.3695661472659
Q96PU5	15.4926544392089	15.5780216319749	15.5540880723118	15.636474082152	15.6390824354935	15.610306597384
Q96PU8	15.2843827125554	15.2065044836905	15.2355704696919	15.3327085548488	15.4246671633502	15.2558086125973
Q96PV6	13.8682340848466	13.7778849447722	13.8356623326269	13.7719721615743	13.7847291149441	13.8110023842659
Q96PV7	10.059555441216	11.0686479638436	10.4377198271856	10.2618789798768	9.84721249799265	11.3372233227898
Q96PX9	7.69724271731074	7.67889617789804	7.90273280293716	7.91906893349822	7.51062634774146	7.60969198643499
Q96PY6	10.7595062374783	10.7733361257632	10.8461153648118	10.6928908603466	10.4374805484624	10.7462090290277
Q96PZ0	16.0899380686199	16.1200908956406	16.0941576685474	16.1033322436926	16.1660958487677	16.0842103147154
Q96PZ2	14.5532490487253	14.5767583650655	14.4530005017682	14.4121856785206	14.4668802226719	14.6526229400544
Q96Q05	10.4510209238609	10.6796155797783	10.2953027825697	10.2794193908484	10.649629712401	10.3991950451112
Q96Q11	14.8578850603627	14.8363777078492	14.8670206296334	14.8888580928842	14.8898888573934	14.8385303793218
Q96Q15	15.5578915330679	15.6251018995719	15.5182591125177	15.583643896885	15.5502460100253	15.598962817082
Q96Q42	12.269375287421	12.2009315741095	12.1704041915209	12.3168965242295	12.1486771830909	12.3280442358553
Q96Q45	12.2601121836547	12.2846045188589	12.2743012076307	12.5771839596204	12.2993594432452	12.4917964552388
Q96Q83	7.97795242138863	8.43427839148463	8.14802774679147	8.19674162138536	7.60862188292981	7.79636358138892
Q96Q89	13.4344235774685	13.4963247708766	13.5192181881678	13.3012590678008	13.1813930436753	13.5632478948524
Q96QB1	9.98300443710378	10.0711422984133	9.6435655429517	9.8351419511117	9.79498911198243	9.67773173103209
Q96QC0	15.4478705423866	15.5059024118607	15.4206334100544	15.4734303520258	15.4214810558798	15.4584089003045
Q96QD5	11.431004475806	11.2498401200693	10.972369169932	11.4941126120287	11.2979434805771	11.4410457528888
Q96QD8	14.2193841700261	14.2921435712976	14.1565380746415	14.3891824469973	14.4800557169039	14.3281080218499
Q96QD9	11.7894461657167	12.0851377021012	11.9054877951567	11.7828872825367	11.878170808548	12.0096908199536
Q96QE5	13.2970561442006	13.0397443122785	13.1574108987484	13.1637903819607	13.0715021686999	13.3164882783867
Q96QF0	12.1380612926954	12.188237459916	12.159521867603	12.2617380187307	12.358186928555	12.1376365422613
Q96QG7	13.8046371130237	13.7200272392892	13.7740651838246	13.716755975843	13.6659156920421	13.8392206886762
Q96QK1	16.374983181913	16.3482989363096	16.3239326173438	16.3823288327994	16.3037299174705	16.2772227493669
Q96QP1	10.6539213195397	10.7300499977478	10.9077150113837	10.8058966140134	10.7291180380886	10.5185291315833
Q96QR8	14.5200192885196	14.494954777696	14.5156665425895	14.3406274663243	14.4129415757966	14.3542685596645
Q96QT4	9.53872612636873	9.95800882479342	9.76259081205667	9.99672306287669	10.1185430453815	9.66718522110298
Q96QT6	13.4217228231398	13.5486319421624	13.4769102514209	13.366899925046	13.4953844633966	13.4819711499051
Q96QU8	11.4600762475873	11.4359835491941	11.3798309195969	11.2810393614877	11.2235830943273	11.3266938625895
Q96QZ7	14.8380600679388	14.7631993233435	14.8786729857705	14.6606636335855	14.7595119031353	14.8164997880891
Q96R06	14.4863754388056	14.5591893433777	14.6346978702564	14.5624021864863	14.58105523436	14.5738816349325
Q96RD7	13.4405003871798	13.3848087451676	13.2234390604683	13.406971475773	13.4520413407343	13.3114899192851
Q96RE7	14.3257573378953	14.3729349440932	14.4134205638582	14.3556467547054	14.3416477245269	14.3287635784146
Q96RF0	12.896275838329	12.8519400292919	12.8047613287585	12.6694470388559	12.8041952081623	12.6626742418401
Q96RG2	11.8778936054823	11.9415022845045	12.0270223078383	11.9409794843189	11.7081070717043	11.8273581436394
Q96RK0	14.1271584935013	14.1115122760642	14.025037953113	14.0783600758792	14.1818214919869	14.0963935370288
Q96RL1	13.0052776541832	12.9685611240202	13.0236017573034	13.0357671535723	13.1943961045346	13.0866286512601
Q96RL7	8.03690711691954	7.48046416857611	6.7563477539002	7.27503468614994	7.95742478029342	7.36371102253116
Q96RN5	14.4861126961729	14.5748792397683	14.5084102750008	14.4876627987028	14.6071044649156	14.5030335630975
Q96RP9	14.7832855403267	14.8479409178665	14.7344293767128	14.7436433992623	14.742738918727	14.7263156044507
Q96RQ1	13.6264170351453	13.5258082572089	13.4571477405014	13.5944016674411	13.654149659573	13.4421306101789
Q96RQ3	15.5358007514995	15.5165729640795	15.4965077355882	15.4469875808054	15.5731043075535	15.4897233789278
Q96RR1	10.5675869221273	10.769962255953	10.5415954806681	10.8502879210159	10.5113375960014	10.6962892900746
Q96RR4	13.0953555103086	13.1569133753532	13.1865256355313	12.9913330524077	13.2661207503508	13.2882035630841
Q96RS0	12.2010750674419	12.269280468673	12.1633434948899	12.1719685071032	12.4180331584157	12.1900405321568
Q96RS6	14.8742218258233	14.8444877004523	14.7892997170473	14.7868830962263	14.7727276464512	14.7501095896904
Q96RT1	15.8986724557379	15.9716378385789	15.9886387381772	15.8869554099308	15.8646575756661	15.9372854532648
Q96RT7	14.8607170816477	14.8552111593954	14.8893836605212	14.7602555781151	14.8013540561056	14.8156165509571
Q96RT8	11.2328613943245	11.1541351029415	10.961258198485	11.2032742181224	11.1737259606508	11.2485557045136
Q96RU2	14.9034580285585	14.8680755880524	14.7869432390401	14.8722004927795	14.901916793795	14.8209903758797
Q96RU3	14.4374502142888	14.5808502960829	14.5913569580054	14.4216124706035	14.4617965900079	14.5765902873655
Q96RW7	13.2636745755806	13.0981122304777	13.0766019942769	13.3065396063094	13.2559068995899	13.1767840035131
Q96RY7	12.8361294312918	12.9376934204899	12.9990216627193	12.9319330159058	12.7396693143576	12.7115768956254
Q96S15	11.7583311394196	11.892919095366	11.8749806942469	11.5551899296627	11.6226635752023	11.7633335447797
Q96S19	13.9190740780756	14.0060861434083	13.9080727035929	14.0001914678448	14.0021712276446	13.8544928160917
Q96S38	10.4061048597245	10.924835344035	10.5990281169991	10.9889098186178	10.6191513265695	10.9302962704449
Q96S44	14.2002479673585	14.3539413571513	14.2393827654079	14.3433263040874	14.3063705018177	14.3164818483331
Q96S52	14.9669056570864	14.9363910013097	14.8704044119918	14.9200788513002	14.9700706556969	14.9456202063064
Q96S55	14.6053693830086	14.5864341302523	14.6491628526813	14.5915545063672	14.6574624345171	14.5685467561331
Q96S59	14.3112915571771	14.4110148640637	14.4192429880689	14.3365094893186	14.363659582438	14.3210880608885
Q96S66	15.0713534233482	15.0971560111988	15.162838341761	15.1662109615226	15.2535203567835	15.1257081755945
Q96S82	13.3474769279288	13.3955728621109	13.529656418582	13.2943875333507	13.6456797663434	13.4100457065634
Q96S94	11.1185408476691	11.090123591918	10.9640638918354	10.8265524191855	11.0285186781474	10.7305738178547
Q96S97	11.7274119479681	11.3594526770978	11.4264620100096	11.6515628542448	11.7280340617283	11.6339444303182
Q96S99	12.4306024402627	12.6194203426669	12.7108872344806	12.6284381828377	12.6860242203273	12.7713653916874
Q96SB3	15.5979363219803	15.5251659595035	15.6048923097894	15.5132840173686	15.4485773691848	15.4374486903784
Q96SB4	14.680287387742	14.6627273115205	14.8190507519417	14.6702942490293	14.6004921481169	14.654084579254
Q96SB8	13.506582913312	13.478864301074	13.5150555213133	13.3519860199923	13.3338549820457	13.2797980477924
Q96SI1	13.2417863937563	13.3546972762538	13.3218988681966	13.368103846189	13.2498329858653	13.3350514600992
Q96SI9	15.0041718033593	15.0643872398098	14.9899269696457	14.9601654794162	15.0034032984827	14.8957872439254
Q96SK2	14.8726216191726	14.8892711696232	14.8426770171176	14.8404817226967	14.8223291746767	14.8200622628107
Q96SL4	13.6315094352418	13.7486949060072	13.5317579999957	13.7293252508174	13.7148549422979	13.748824551753
Q96SL8	8.91702804453945	9.0510096572101	8.37128700384754	8.38162101828569	7.97784049306378	8.29365421218018
Q96SN8	13.9399392479461	14.0319318155469	14.0175704744239	14.0106987626716	14.0716936893667	14.1091559690303
Q96SQ9	11.2095728980899	11.0069096899005	11.062335866276	10.9249887972873	11.204236329774	11.0529805440281
Q96ST2	13.7947543380271	13.8824861109411	13.8661498250476	13.8058299069672	14.0327686737128	13.8163679281095
Q96ST3	15.7030673111516	15.7407376816763	15.7647836174063	15.6766015882151	15.7688170334209	15.713429870352
Q96ST8	8.23055011635215	8.40711310184827	8.92579683433176	8.02251014373724	8.81183816789077	8.26331881320148
Q96SU4	14.9131544354813	14.9210954696807	14.9115119029661	14.9472317102862	14.911505570879	14.9355984750836
Q96SW2	12.1100098108681	12.2017823214243	12.238751561972	12.0017993303757	12.2732669421208	12.2110478660288
Q96SY0	9.50816046680525	9.86616573944575	9.76079077642094	9.50884946747187	8.84607101238992	9.53860142527636
Q96SZ5	14.1044583994612	14.1881832030429	14.1223756727911	14.1518515777523	14.1612329889034	14.0632208624103
Q96SZ6	14.3990106853908	14.3666658050821	14.4337895761131	14.3717592287929	14.391321092312	14.3344260629366
Q96T21	11.352866557521	11.7046828401057	11.4468394858524	11.4433944814924	11.5483300944464	11.7728732864277
Q96T23	15.5229437680264	15.5552646538912	15.5169766781853	15.5372206675618	15.5970441886043	15.6026268290852
Q96T37	15.6853984583934	15.678901203374	15.6332544653428	15.5985399640923	15.6268027832905	15.6230766269887
Q96T51	15.0326310146917	15.0255556532709	15.1844515082661	14.9322248817874	14.8843944865751	15.1384413411104
Q96T58	15.1383487056564	15.0738949137205	15.0727892438374	15.1658524459152	15.0418226266563	15.2438279066378
Q96T60	15.2969054887505	15.3042404459394	15.3463281853825	15.2274875233405	15.3027909027347	15.2497269872767
Q96T76	16.4275826057792	16.3521547514275	16.3503745407759	16.4119909619809	16.3467265959784	16.3322487098931
Q96T83	12.7422071089337	12.9128180089964	12.930949242552	12.9843039988895	13.0247717024417	12.7654536698044
Q96T88	15.2679446890317	15.4447627918822	15.3366531744993	15.32797793191	15.2246697880818	15.3093067268851
Q96TA1	16.0379271200108	16.0454203541409	16.0543720533951	16.0680153412868	16.0510755438412	15.9773390348185
Q96TA2	15.7849950286112	15.7951357571128	15.8003821583877	15.8333178669427	15.8707377768055	15.8444008860734
Q96TC7	14.6277163320448	14.5747352006047	14.5171093541263	14.5556608699368	14.5797558759377	14.5151584838826
Q99081	13.9040453371565	14.1183899504929	13.9762624794635	13.9838605529254	13.8268481815302	14.0491006047422
Q99417	14.6400793373406	14.724139030115	14.6199594034604	14.8104958220109	14.6552040173799	14.5593234290364
Q99426	15.1946726458406	15.2297451062868	15.0955094983191	15.2193196984567	15.2230737896773	15.049896920385
Q99436	15.6466520674976	15.6606329330964	15.9597802073746	15.873756604761	15.8074738888898	15.7061850103591
Q99439	16.3155689657971	16.2610482206778	16.2531379950337	16.4104937328372	16.3740094389639	16.1442922693128
Q99442	15.2602511429539	15.3015724364595	15.139403182164	15.2985744315294	15.2666400810646	15.2328634012822
Q99447	14.830581435028	14.6695644298764	14.7153098390624	14.661279857602	14.5882888672619	14.79684761242
Q99459	16.3540509977127	16.4406270348895	16.4440202853483	16.6382860041212	16.3850351898721	16.5111992747082
Q99460	16.9541361766767	16.9446219540132	17.0092029502027	17.0389201636338	16.9404038352788	16.8797779629171
Q99470	13.5246429639003	13.649119040927	13.7137028937154	13.6837576579878	13.7646947532654	13.6837859699388
Q99471	14.9464456790609	14.9678315887285	15.1337848730775	15.1357787865484	15.263989804863	15.0475267206045
Q99496	13.7992536765919	13.9560748334556	13.8893216849276	13.8103358440169	13.9146128559565	13.8174033866436
Q99497	16.5037190993545	16.4456496664306	16.4016031341707	16.4584732076547	16.4127595298736	16.3019988083643
Q99500	9.95733702946088	10.3783750161911	10.1363770424197	9.89896251415938	9.38141987434434	10.6544788816009
Q99501	13.3170952866937	13.2107902710857	13.2364503752168	13.2900523003251	13.2639253637235	13.2123477857314
Q99504	13.2071759248129	13.2244512911494	13.2153839094291	13.2025371041291	13.0507457982427	13.1157399475945
Q99519	13.6100639437497	13.6017829498845	13.5437571748879	13.5870397600825	13.631813771917	13.4528871662487
Q99523	12.7150055382478	12.6473858758263	12.628817912194	12.8998794510471	12.9320670622684	12.8952870842614
Q99536	16.6669630264217	16.6131196535656	16.5412174668889	16.7159558158563	16.6659940267733	16.5964972661428
Q99538	11.715486385049	11.6707342332291	11.8009446328111	11.6426861135213	11.5464031208873	11.5509669064433
Q99541	15.6782234783917	15.7313445056911	15.6937873618852	15.842298426968	15.7719107762723	15.6837809851502
Q99543	14.3848425643814	14.5578115279277	14.4152494259798	14.7362997038623	14.2972571645196	14.7947974353816
Q99547	12.8172331028953	13.1065129156324	12.9120690548537	12.9679113180395	12.9859796821213	12.9700115928229
Q99549	14.2752078388339	14.3381402812702	14.1460227882504	14.5656568732812	14.2363008507735	14.6735689625642
Q99550	11.7154058218969	12.1082209343315	11.8100152674109	11.9573395044933	11.8290452913743	11.7767221428238
Q99551	12.6257410209961	12.6802238847293	12.737276849155	12.6985797826018	12.5136040475414	12.8007425248732
Q99567	15.3964510328134	15.3757742025045	15.2870186515899	15.3706972452969	15.4101341002388	15.3323495151901
Q99569	14.5940622745243	14.6845616224178	14.7115959786139	14.7013696013526	14.7483512904599	14.6819773554957
Q99570	15.0647325359446	15.0814604054081	15.0990198966139	15.0706467797336	15.1255041596502	15.0614468622468
Q99571	11.3102009689648	11.5771551018849	11.8484086110496	11.713271790444	11.6420926699564	11.7489103200983
Q99575	14.2577228417002	14.4095612379746	14.0581366075935	14.3816891236488	14.1287321754638	14.4057050754902
Q99576	10.6069518581228	10.3286278703264	10.3498722681248	10.7223968187017	10.5627682513967	10.6189648485494
Q99583	11.2570374046421	11.6318713329294	11.4198603120525	11.3448747881567	11.4568001461458	11.5635697567556
Q99584	14.2361076413441	14.2134491083325	14.2174193870097	14.2534379554298	14.2204991026044	14.1348592331994
Q99590	14.4632675937106	14.4581200159031	14.3499457147655	14.2703521811224	14.0004613925048	14.4016883930446
Q99594	10.7737728809614	10.7171899409266	10.8207980857852	10.7901106005205	10.83223021316	10.6251248852018
Q99595	12.3474098492334	12.3224499664764	12.3910988736041	12.5635004779781	12.529179160184	12.4249128331256
Q99598	15.8269611353384	15.7672520197096	15.7895684627798	15.8832423776391	15.8485960068747	15.7493993404838
Q99608	14.3212031394491	14.2053805842952	14.3430072333072	14.2169211315723	14.2964732427604	14.2192997256499
Q99611	11.8500877442166	11.9018834550386	11.7554692224364	11.9071688076453	11.9483447355918	11.7279849144043
Q99612	12.4831315973046	12.4008306230831	12.5055237685035	12.3866250031287	12.4609352428286	12.5382265245842
Q99613	16.8612486417935	16.871403925094	16.8261208210893	16.9416244065336	16.9067404269376	16.8055909273145
Q99614	14.4381322625336	14.5029314195231	14.5340706001123	14.4916018998269	14.4523408380027	14.4311418200058
Q99615	16.0647613505836	16.0477705642189	16.0707943761411	15.995211149169	15.893595140678	15.9676042557295
Q99618	13.8234726141956	13.9185429585841	13.8026466889556	13.8984639343547	13.9566234643107	13.8135742126839
Q99622	13.3000035664678	13.2631986086195	13.0628888708437	13.2917832629878	13.2818692512009	13.1877420698349
Q99623	16.7460785484665	16.7229195562401	16.5584204462179	16.6775044469279	16.7689797364952	16.5877772976876
Q99627	14.2775781020484	14.310224663384	14.3160905487967	14.3892127732913	14.4049188287662	14.18412258436
Q99633	14.6542263914106	14.7636673794281	14.7945460145878	14.7122973082585	14.6784240157494	14.676673128774
Q99638	10.9782990147935	10.9984527944938	11.0931213293926	10.9143964115413	11.3539770185492	11.4088387385595
Q99640	12.944833319747	12.9949229191752	12.952691433427	12.6840985162095	12.8835337310772	12.8654233923014
Q99643	13.5245243077988	13.4758278926867	13.4599752951615	13.3931774424726	13.3503838789902	13.4932671133987
Q99650	10.9076324188398	10.840824709466	10.5866527556534	11.1294633798691	11.0252445466794	10.928459740429
Q99653	13.6037753423613	13.6318537328559	13.6614762848034	13.7102503001577	13.5760094525734	13.607773283164
Q99661	16.8982609182837	16.9373193861548	16.9193944239902	16.9302275871675	16.8792467545967	16.8688830106063
Q99666	13.5985923760971	13.775422737393	13.6650617553954	13.6511324302781	13.6487997967374	13.6911188562514
Q99698	11.3901121480278	11.0842564512482	11.4503854457066	11.3183801018608	11.5061753424421	11.5430838584078
Q99700	15.1860715621961	15.1575044144549	15.1573823937801	15.2157194960303	15.2655552072717	15.1186044249862
Q99704	14.9700628140585	14.956016258168	14.8593138460858	15.0010530456157	15.0027131643165	14.8269235151679
Q99707	16.1970906982081	16.2534640150379	16.2348735126529	16.3153854775789	16.3175795103868	16.2777048472928
Q99714	16.5592421482135	16.5516104044332	16.4385425507138	16.5732941297088	16.6075697910695	16.4772583535762
Q99715	15.7785650364041	15.8435902510503	15.8506054936976	15.7223663439568	15.7008945027073	15.8714343224048
Q99717	13.6935112529754	13.7643750659894	13.8225268278549	13.6179064981507	13.5295013974313	13.7208025141106
Q99719	14.7336991941286	14.7111681893636	14.7402376629458	14.6691898559673	14.7603296679661	14.6389024023612
Q99720	13.2009265770997	13.2891677920118	13.2826695089902	13.3218944541239	13.4055576195525	13.2960353456804
Q99728	13.0909210210389	13.1718843284711	13.1307904671328	12.997248088812	13.0309066223964	13.1779877541386
Q99729	15.466950658842	15.4915870055646	15.3980067786502	15.5075515410397	15.4829732002861	15.3947969292985
Q99733	15.3443537977494	15.4187889137059	15.3534137485823	15.4418694749987	15.3833315164493	15.3231069443526
Q99735	11.2897091363371	11.0589833658379	11.263118446491	11.1335426886672	11.0573110204111	10.9847662150867
Q99741	10.4152190730162	10.5124871130044	10.2871069482936	10.5370966279564	10.470411411496	10.5609190310114
Q99743	12.1261852695321	12.2629304351858	11.8502515593718	12.2318843580279	12.2031390050786	11.9878057153669
Q99747	15.8830148035822	15.8356554800381	15.8746816466273	15.8602948961885	15.8529976265952	15.7637128185143
Q99755	10.5520475264656	10.489547229718	10.1385478708338	10.2053631079687	10.5238038650278	10.2245896137364
Q99757	11.9525470020985	11.8888166162251	11.6811844900234	11.6211186977296	11.7699352319717	11.785441342062
Q99759	7.44634346369066	8.22914183447929	7.76993430932019	7.47317804612284	8.24591236510213	7.95624729900657
Q99766	13.3697151214687	13.3427168024616	13.4216401589672	13.2429035122893	13.3418362789475	13.213490470759
Q99797	14.5830874881646	14.5851282184694	14.5037280534327	14.6348262886012	14.6635201342009	14.6042021394164
Q99798	16.4809068205931	16.4269686696675	16.4712563777711	16.4252035224517	16.4361516923623	16.364713973212
Q99805	14.8904222826252	14.8053526163158	14.8027671751443	14.7902816323529	14.6378160297337	14.7795148333827
Q99807	12.0369986217988	12.0735977735396	12.248676614294	11.7808544783594	11.8605082737854	11.9178862915253
Q99808	13.0337153746142	13.0776987703858	13.2054067930999	13.1318608313481	12.8322986676714	13.0438499635362
Q99816	15.4627887649309	15.4765510069181	15.4278632194155	15.4332979491389	15.4987447910312	15.4290391373008
Q99828	10.6940388816398	10.6412602175838	10.7615160609175	10.6186551837208	10.6280363446159	10.7319783814239
Q99829	15.600830297787	15.6178815625413	15.5376876968438	15.6451316078412	15.6121349097565	15.5823387025623
Q99832	17.8680539278219	17.8541938765174	17.8055923605748	17.8892445219973	17.8474432492356	17.7832132619926
Q99836	12.2458783560938	12.0602603805287	12.0541394457974	11.8547320953637	12.0111600606015	11.9428236976868
Q99848	15.8711024600443	15.9815423644101	15.8947404360191	15.9925669284608	15.7687942088178	15.9910610161637
Q99856	8.59937840247825	7.96182237480859	8.32957477121767	7.55754366941738	7.94382987973605	7.99497164732839
Q99871	12.9896450063265	12.9231718176191	12.8494715345657	13.0637480161223	13.0070948062114	12.9722189192557
Q99873	16.3549561026871	16.26279235188	16.2397816145029	16.1868332892598	16.1865209362827	16.1951020274876
Q99878	14.6743936345816	14.8587115263106	14.5901296970213	14.7433758900134	14.7681453213824	14.7321268610982
Q99941	8.84024436846723	8.27871145406402	8.94612097954031	8.86887917712617	8.85245173022003	9.18199395889845
Q99942	10.356437380162	10.3174657640391	10.365529919201	10.3448109111099	10.7119109151933	10.0317064249106
Q99943	13.7389444566972	13.6396062789651	13.7065105584507	13.7684592296126	13.8497775431899	13.8220968021358
Q99952	12.5006098286109	12.5152629721402	12.2094389175953	12.2030451951399	12.1514896550423	12.4276539008982
Q99956	10.5252212726841	10.717720701264	10.7410436238255	10.4245438274457	10.6556062020759	10.3918513845389
Q99959	14.4656692448496	14.4919823333378	14.5371896930084	14.5044229882296	14.6113895301559	14.5059071768888
Q99961	15.9268000905312	15.9740900983139	15.9848813568204	16.0851626779905	16.0845682002995	15.948770805838
Q99962	12.1636589724251	12.3258454296551	12.4190045708895	12.4122517212151	12.5008086924254	12.3405407669245
Q99963	11.3400120866833	11.3300633648606	11.4071677195714	11.0394029232552	11.4723408134261	11.4941360547186
Q99973	14.3047410684115	14.2317260638173	14.1746087468013	14.2272161108902	14.3209512666118	14.2554752732489
Q99985	14.1176650361125	14.0758869358482	14.1333352829564	14.2941621904763	14.2194195924425	14.2995925370043
Q99986	14.3953759369728	14.5294400333633	14.4270243648478	14.502390780817	14.3256571820022	14.4750569757845
Q99988	12.9093396952964	12.8561766913239	12.9000220291938	12.9546931222715	13.1189994287573	13.1539530100402
Q99996	16.4697317595992	16.5103876675489	16.5285221392736	16.4693458854173	16.5404433891173	16.5607639201466
Q9BPU6	12.2281404127406	12.0933993436547	12.3865152412678	12.2043953187662	11.7392601162832	13.0761347252805
Q9BPW8	13.769920405315	13.6333817923791	13.5900475687217	13.5480339149432	13.7910518034351	13.6345181083711
Q9BPX3	16.9284901720915	16.9545572006493	16.9332892128482	16.944100090101	16.9052657132606	16.8734693092343
Q9BPX5	13.3090923343756	13.0678641298201	13.4428963553914	13.2367749420392	13.2060976440568	13.211621911158
Q9BPX6	14.5902798363573	14.6623482558558	14.6119160493777	14.5670122547538	14.5198419811387	14.5835609858987
Q9BPX7	11.4954854189748	11.4287078107163	11.4178945207904	11.4296724319534	11.4675843687984	11.5483148042601
Q9BPY3	14.0470578031433	14.2345313137596	14.198174792816	14.1237656296071	14.1788253453423	14.2268773711175
Q9BPZ3	13.8667570979737	13.9584158969439	13.872106117096	13.9440477125168	14.0460305608261	13.9065634497484
Q9BPZ7	12.47873181438	12.3656043010216	12.4446921470093	12.2335643122454	12.3782153630517	12.419750272883
Q9BQ04	12.3272903542797	12.4054118944578	12.3569061503121	12.2521258811816	12.4747293245533	12.3381864205462
Q9BQ13	12.5411152439671	12.5293146911341	12.6548047174908	12.9322200104591	12.8871089529217	12.8281882224861
Q9BQ15	9.86697587629683	10.3511524817648	9.97684139799973	10.6442800302016	9.5924269624598	10.1256967999092
Q9BQ39	14.6143916935021	14.6800485694061	14.5497305838021	14.765825118074	14.6554850493728	14.7513397337676
Q9BQ48	9.82858519636416	9.88630859939702	9.42270385186005	9.8147480046214	9.63331474056661	9.4522792265358
Q9BQ49	9.06635291151102	8.47352510681732	8.4367180425496	8.72444406615875	8.47111499358308	8.38199477043763
Q9BQ52	15.7998037717579	15.7434981400222	15.7410837779687	15.7786188489238	15.8037230664777	15.6694764639323
Q9BQ61	14.4144668732874	14.4796735837641	14.4557647201984	14.4565316109752	14.2579582791977	14.4075559068249
Q9BQ67	15.5388321282595	15.5598379504589	15.4482890117883	15.5565870638981	15.5029395286225	15.5000384336138
Q9BQ69	13.442993335726	13.4382973482647	13.500058099157	13.6572903177102	13.612223825855	13.5387667916745
Q9BQ70	14.1066678356101	14.0923790280866	14.0448042543834	14.1093981290091	14.0593194100449	14.0860690271727
Q9BQ75	15.2201550422081	15.2658840314546	15.2029477281423	15.2756746038108	15.300354739603	15.1534808203261
Q9BQ95	14.4969526901764	14.5624316212806	14.6141654894002	14.540003802754	14.6708601205611	14.6112281541949
Q9BQA1	13.7066130461738	13.559891910804	13.6447577992676	13.7450810424938	13.7231577217396	13.6498044325241
Q9BQA9	13.1143289411735	12.9233597312039	13.2298238460505	13.1236112816879	12.7460076061199	13.0502919749124
Q9BQC3	14.3055829901596	14.4072810558486	14.1886417266084	14.1844729334626	14.2958293381454	14.3579551260918
Q9BQC6	12.5340302975362	12.7637005767239	12.5608559666951	12.652788858498	12.793228184636	12.6008534044065
Q9BQD3	13.6538223268041	13.6373965153644	13.7205037385972	13.8872868988202	13.8879324807622	13.7153897119966
Q9BQD7	8.92962839574232	9.14100408446101	9.20997649811163	9.07451444098004	8.99563114764891	9.48682702924047
Q9BQE3	15.4081971780135	15.3868702537861	15.3182799974222	15.4076140897871	15.4015788915561	15.3150504483671
Q9BQE4	12.0909490669373	12.4573124530903	12.0095554278986	12.1388083416396	12.4694457420535	12.4070596047958
Q9BQE5	13.6748572652058	13.6841227431635	13.6367752253893	13.5648704538154	13.4541451796955	13.4376103401478
Q9BQE9	11.5538973967741	11.8508194393052	11.8054789944665	11.821090913746	11.7624370510444	11.6993933305096
Q9BQG0	16.7078955117642	16.685951882774	16.7141221582695	16.7823617852587	16.5738085837986	16.779152336464
Q9BQG2	10.9205852850574	10.8048921688557	10.7596061949318	10.8582977412003	10.829994650179	10.7365837717067
Q9BQI0	13.3999674652935	13.5471109271516	13.5959442144763	13.4839878539252	13.5491084937174	13.499403315661
Q9BQI3	8.76788267199616	9.67579647030374	9.2890047442769	9.43792031550136	9.30677636679803	9.97177315138632
Q9BQI6	8.44373551811064	9.04298457407723	8.95652619957519	9.32420201010575	9.02217776080593	8.80383915943616
Q9BQL6	9.83085165245423	9.39592526595659	10.1047967250403	9.77198205902548	9.77708772313491	10.1744302493001
Q9BQP7	14.9395755271884	14.8619563521777	14.8913978475388	14.8507214278523	14.936429032433	14.9280187598018
Q9BQS8	13.9180943313615	13.9249339837928	14.0235418123744	14.1418905232118	14.0731167078245	14.0859686942482
Q9BR61	13.3820353902963	13.3247077215709	13.4188632191106	12.9953842290383	12.8935217643335	13.2785913283447
Q9BR76	16.0613973723382	16.0470871675095	16.0349863729819	16.1696798527713	15.95959370013	15.9360672780395
Q9BRA0	14.1545922688945	14.2329371591996	14.2585651525036	14.2556282321415	14.3649147702622	14.2331332011888
Q9BRA2	12.4147037784877	12.4269047677555	12.4849473025843	12.4215992215477	12.6369866103711	12.5414540932231
Q9BRD0	12.4218056469405	12.464370331961	12.4469172280172	12.3419281790021	12.2767447353921	12.3397842508795
Q9BRF8	12.2368320622353	12.2275308400335	12.4968713631988	12.4242239430389	12.2828608649131	12.3629566005625
Q9BRG1	13.7807642306049	13.7459720277916	13.7371995061175	13.716580114994	13.776939853952	13.7220195427054
Q9BRJ2	15.1963306767241	15.2203760702181	15.2259329420838	15.2472796709168	15.0806298260203	15.2545623877492
Q9BRJ6	14.529341309264	14.627938839086	14.5031717687452	14.6602182706192	14.5601726931637	14.5552160675906
Q9BRJ7	13.9420408029685	13.8409120075379	13.9133496413431	13.6636834467229	13.7049062386893	13.7664764149946
Q9BRK4	13.9205300523787	13.8982035248654	14.0248582898073	13.7502085562609	13.6719556902544	13.9339128750244
Q9BRK5	15.0909901331622	15.1618815644542	14.9350435507611	15.0949517778812	15.1281057131342	15.0833791254744
Q9BRL6	12.8420903636268	12.6857210287132	12.5937948945898	12.6607154856433	12.726425954281	12.7947914350884
Q9BRP1	12.4858948500569	12.3178042207443	12.3782582629467	12.4475893827894	12.4314949722958	12.3730104727675
Q9BRP4	12.4035269654425	12.3425404439532	12.3480973259052	12.4920087384279	12.2290939134151	12.3853875174617
Q9BRP8	14.437219378985	14.6304608864037	14.4717450303712	14.7062967194485	14.5398518371069	14.6944037633174
Q9BRQ0	13.9180988478497	13.9886024591291	13.8573016145022	13.9962283475088	14.0086578821666	13.8310654378353
Q9BRQ3	11.7437980862679	11.981444067066	11.88208564051	12.142175407432	11.9433162360427	12.0957615612544
Q9BRQ6	13.7303471342224	13.7690290025584	13.7787021837957	13.8161818160086	13.7266323960503	13.7366433605553
Q9BRQ8	11.341056797512	11.4309105720882	11.6519885099766	11.5248710988129	11.5770117438824	11.3976933184754
Q9BRR6	14.0422690631131	14.1584951863767	14.1941750859427	14.1621238037093	14.195701750297	14.073071932407
Q9BRR8	13.6834534550735	13.811086777092	13.65647298279	13.6476088900721	13.6255707649813	13.7541648534914
Q9BRS2	11.9554123637923	11.9747209578177	12.0250865538339	12.0751145937557	11.9322385169155	12.071621910981
Q9BRS8	12.99943897903	12.9394370009691	13.1164272700165	13.0054020637712	13.1378051199478	13.1652223077633
Q9BRT2	13.8215144966767	13.5872748364327	13.689682577814	13.3595893631786	13.4742745648804	13.4626289126697
Q9BRT3	12.2112841665597	12.359537705734	12.3308166597201	12.2343863165064	12.0047070508418	12.1225639742432
Q9BRT6	11.869023996993	11.9928651590116	11.9087238522222	12.198038722787	12.1120405400079	12.0334474867751
Q9BRT9	15.2678817827623	15.314346988282	15.2772240515117	15.2648419651394	15.3640156933152	15.2373439827245
Q9BRV8	12.1197588258258	12.0241411512047	12.1104028688729	12.0095734864874	12.2352651209026	12.0924187857746
Q9BRX2	14.9259704495881	14.8468627066529	14.831354015272	14.9051278334343	14.9263983146635	14.8817408411864
Q9BRX5	14.9235742751653	14.9194574227355	14.9550565601088	14.908616327724	14.8943718378111	14.9379321907265
Q9BRX9	10.7333379649686	10.9602009785897	11.1332757027585	10.6788124770823	10.6343978605207	10.8953955673478
Q9BRZ2	15.6775346296158	15.7144429020957	15.6773056900107	15.6976185092641	15.7490928708774	15.6480403205122
Q9BS16	13.729099122489	13.6385181714696	13.5099335370898	13.4941366111478	13.6734134809463	13.6929289325337
Q9BS18	9.35435603083515	9.68501778407487	9.32400968915842	9.90986991127307	9.41124761625164	9.61338148823651
Q9BS26	16.12465228343	16.1565449743702	16.1395609162793	16.2776167065279	16.2684264771889	16.156920988885
Q9BSB4	12.9326317036265	12.8319925387702	12.9014712553334	12.8624831169811	13.0085000564714	12.9194230680965
Q9BSC4	14.7777893301796	14.7672562926445	14.814704012569	14.7244282111559	14.5666276788836	14.8982476383361
Q9BSD7	15.4524816305202	15.4578119376865	15.4200339074655	15.5218779160776	15.5363543707819	15.3791931610674
Q9BSF4	11.8145569826501	11.7052985108728	11.9097883927988	11.7758408455406	11.8536201301408	11.9522932400279
Q9BSF8	9.60491071553591	9.88774003966057	9.65979032217331	9.69863393445926	9.72474618461007	10.0226541910339
Q9BSH4	12.5601131252882	12.7038101898508	12.7098574789158	12.7540217237941	12.7936057071929	12.7438335926869
Q9BSI4	13.6849632178385	13.7577557354611	13.6752220515216	13.7276830135984	13.7789992986925	13.8762316428994
Q9BSJ2	15.6028529835262	15.7013691007569	15.6737743610945	15.7356365584973	15.7177098445079	15.6544872752535
Q9BSJ5	11.7625278425724	11.9420058410059	11.62987518718	11.843804951581	11.9300450505371	12.1093526865913
Q9BSJ6	10.9238099105447	11.0593254095602	11.194310929445	11.1260602848917	11.2559606202446	11.0605004196875
Q9BSJ8	17.1726907017318	17.1495666589703	17.1006999725615	17.145974035023	17.0903632275296	17.111741313028
Q9BSL1	12.8668663742886	12.9680909180535	12.912932285634	12.6102277010696	12.7108570394955	12.8081955054747
Q9BSQ5	14.1170592257616	14.0640003043229	14.1455207137699	14.103969575563	14.1364175362233	14.1006932941779
Q9BST9	11.8332726321846	12.0152561348354	11.926425165599	12.0358561812423	12.026041726326	12.0146739422319
Q9BSU1	11.106795639996	11.0959601641214	10.9151967485731	10.7529008957946	10.4815910026841	10.9941035784655
Q9BSV6	14.0574410495916	14.0569905709895	14.1255464865424	14.1530902537069	14.2293873701155	14.0658079723597
Q9BSW2	11.9077916378741	12.1911006026044	12.1522009811964	12.3820775870554	12.3400193103411	12.268473284558
Q9BSY4	12.0251337335509	11.9184121360929	12.0168636666235	12.2815928519184	12.3172580866394	12.2164693523895
Q9BT09	14.4645633567941	14.6961608774901	14.5408636339228	14.5983231303753	14.6363878330911	14.6101872632029
Q9BT17	14.2351834768376	14.2577017101516	14.2597878014433	14.313545406235	14.3017904559838	14.2447384845397
Q9BT22	14.6111714732656	14.6766612016872	14.6464518200394	14.6909469825435	14.7424322040963	14.6626787942681
Q9BT23	8.59802583351056	8.74571398683811	8.50776139201853	8.81619237463738	8.53200794441994	8.85156525645796
Q9BT25	12.176756549752	12.2688036753712	12.0971161048563	12.1693618376691	12.2307266625202	12.1245925646516
Q9BT30	11.0079091454496	10.9643516980923	11.1372830218187	11.1223759035043	10.9065157601592	11.2765157444569
Q9BT40	14.2777435491312	14.3767305841734	14.2707642944762	14.2069438997465	14.3410357019763	14.2448310649486
Q9BT73	14.0332713443275	13.7673689867336	13.6734180945394	13.7095042732877	13.8381539027356	13.6206948113874
Q9BT78	15.9985569180398	15.9916548319451	16.0914391337896	16.0732061576056	16.0821529519647	15.9214007189868
Q9BT92	10.1419493555118	9.6393938589265	9.58246933471667	9.2927148848288	8.84052195844282	8.96241458656514
Q9BTA9	13.0723394765832	13.0897306848265	12.9775106793053	13.0441118329803	12.7632309558077	13.103390267738
Q9BTC0	16.435224818845	16.4121637311316	16.3992892554559	16.383783414825	16.3416239952954	16.4721986821095
Q9BTC8	14.6174594183464	14.6327768602792	14.6324916347264	14.5871157030214	14.6546973087145	14.5659619627529
Q9BTD8	14.3350080607036	14.4280572720844	14.4350586114119	14.3800634470329	14.3402460815579	14.3705828433146
Q9BTE1	15.3891357740913	15.325784503747	15.2924287756209	15.5434354715807	15.4299940947717	15.2849803076756
Q9BTE3	15.6834617584413	15.6973106668522	15.715186394852	15.7107494164253	15.7237315081286	15.7087603839868
Q9BTE6	15.6850478213674	15.7139078859813	15.5029296899008	15.6286068119996	15.6215056762155	15.7129917628604
Q9BTE7	12.2881898057803	12.1942791066514	12.5504211659037	12.3828010563787	12.1688638655628	12.2874427102302
Q9BTL3	12.5926679248404	12.7047163072259	12.4850659219192	12.589813863208	12.8011667784185	12.6991033500807
Q9BTM9	10.7064352307424	10.6914810455592	10.4579194415312	10.7034245693368	10.4600961142711	10.7639266790856
Q9BTT0	14.9665748762758	14.9548362798128	14.9379725482765	15.0458115041315	15.0571823204089	14.8385420215173
Q9BTT4	12.7735232754242	12.8170794763976	12.7177571777137	12.6484609316193	12.8767531596849	12.8229471133125
Q9BTT6	13.7624309976074	13.9414407476931	13.7933358468731	13.8686690846897	13.776038272799	13.7867536003112
Q9BTU6	14.9710269559049	14.9970631055099	14.9045016913516	15.137452628127	15.1063620877377	15.0698607348936
Q9BTV4	15.6716121836892	15.7524577434309	15.7688621664882	15.764902663262	15.840126059284	15.7277393069911
Q9BTV5	15.3054194966794	15.2117871244155	15.2638155012976	15.1808495713768	15.2144004282008	15.2091854888937
Q9BTW9	15.3379263009823	15.394305224241	15.2813669284164	15.3356177855118	15.3031828288691	15.2877825199693
Q9BTX1	13.0937609038804	13.2463481203018	13.2795634541838	13.2859798792555	13.3526702016148	13.263860432002
Q9BTX7	13.2047194229766	13.0429192753517	13.0584792397375	12.9492362545191	12.8797578993483	13.0845489523399
Q9BTY2	14.3496745448907	14.3758978569102	14.3158408441153	14.3065074913991	14.314448776355	14.2752135127638
Q9BTY7	13.8758452573387	13.9248267247067	13.9337654427593	13.9237741241023	13.9629294223818	13.8881142961024
Q9BTZ2	14.0337278805308	14.0336629019327	14.1108355372414	14.0909949946185	14.0937994243419	14.133766370236
Q9BU02	9.46856942698633	9.05504752351726	9.31833240706248	8.85537119936743	9.50054119545361	9.4729371882273
Q9BU23	13.3017078583575	13.4182910381608	13.439285026943	13.4735651608563	13.4889219471932	13.3283006384363
Q9BU61	12.9079508393385	13.0582798271712	13.1249845982853	13.0940463359461	13.1341696347827	13.123009626592
Q9BU64	13.9335010925737	14.0036126794946	14.0244719813306	13.9924310158813	14.0304591838166	14.0017966958146
Q9BU70	10.155406682332	10.1162578785598	10.263171427125	10.2557768690949	10.1924845375156	9.90962374180907
Q9BU76	11.0375641595262	11.1600703833	11.0331938010639	11.2202146745902	11.0875819158858	11.2019795284091
Q9BU89	13.5467451106373	13.631273983761	13.628230710074	13.6977370427621	13.7969315910278	13.6880486320215
Q9BUA3	12.610083653635	12.5850645886729	12.6546992649535	12.5797463932749	12.6498120744301	12.4810604277906
Q9BUB4	11.488914340666	11.7179948509519	11.8044559598793	11.4992919565359	11.8806953808042	11.7719844944051
Q9BUB7	13.021535396846	12.8566024854831	12.9964390148081	13.0280321341394	13.1354111955997	12.915624746317
Q9BUE0	13.6669277508356	13.7125640681844	13.6369705872432	13.5397916497957	13.7900560567474	13.7404385166857
Q9BUE6	9.07509664308232	9.14616569535566	9.28165427267642	9.72424765641427	9.45755711073577	9.51550301717038
Q9BUH6	13.5443696946689	13.6375694942153	13.5836200424601	13.6144067497492	13.6980423684087	13.5724667079204
Q9BUI4	13.8881434796283	13.8203574165112	13.8235497069571	13.7131332797017	13.8099974483081	13.8685352729166
Q9BUJ2	16.7479783012806	16.7220656552368	16.737224219258	16.7422782169594	16.7675163375636	16.6876272054912
Q9BUK0	8.84750987768094	8.76874197243148	8.84541567045894	8.98854189366809	9.03803433544578	9.01777769851667
Q9BUK6	13.4568993555316	13.3165988360884	13.386304459612	13.4757823728424	13.3797568819215	13.3458316012802
Q9BUL5	14.2101899632273	14.1489445841446	14.1236551123905	14.1941158457688	14.2664381042985	14.2182407931264
Q9BUL8	14.505256118307	14.5534133662142	14.5409917035588	14.6052356966707	14.4841895632902	14.5779362718112
Q9BUN8	12.9794919591195	13.0950174118957	12.9202265690959	12.9230951001661	13.0634628801164	12.8220016882551
Q9BUP3	13.6467478058055	13.8340307506836	13.7634077952894	13.5035970972525	13.628712759331	13.5660804143297
Q9BUQ8	16.3421489328564	16.3950240463045	16.3356082337677	16.5255289014847	16.4419114321133	16.4711633582274
Q9BUR4	13.4897517989036	13.3505537052187	13.476554884993	13.4145435609458	13.3410502618872	13.3182862824867
Q9BUR5	13.1291458948817	13.0968121951034	13.2661029313192	13.2398567937423	13.3348776315109	13.0850472665206
Q9BUT1	14.305494598942	14.2171568546424	14.2066829646851	14.2024012402306	14.258329054836	14.2487814786496
Q9BUT9	8.87035978690841	9.6597737870241	8.91117525455043	8.44624040212371	8.77317438204285	8.81922704019788
Q9BUU2	9.00908846604211	8.60354302203248	8.07575763497821	8.00870690410433	8.6046787555605	8.62455992393556
Q9BUW7	9.66978060588485	9.7368388340539	9.36491564232324	9.80465864758252	10.0026915547866	9.78486888680017
Q9BV19	13.698686857928	13.6967403736908	13.6201202851481	13.704067930127	13.6876620413789	13.7164914413671
Q9BV20	12.376801486531	12.628161186821	12.5497577308248	12.5726296281926	12.5865779718528	12.5727337612008
Q9BV23	13.2887156402711	13.2756942935853	13.2977023071268	13.4054538091429	13.5106015827829	13.3639126328815
Q9BV38	14.9911860771284	15.1553502351612	14.9748128180223	14.8736429235411	14.7731790739095	14.9812948967579
Q9BV40	13.0669050238693	13.2091319040776	13.1554173611486	13.1236950504469	12.9422550161253	13.2167587720614
Q9BV44	13.604945787005	13.4946753064827	13.5449404966266	13.562071391181	13.5337094248209	13.6024048087017
Q9BV57	13.5361152960598	13.4733627263961	13.4471815200463	13.4107434160383	13.5042386825255	13.4510977218247
Q9BV68	11.8006605217062	11.8117280833369	11.4981709111534	11.5432426694055	11.4574590080989	11.3768635105437
Q9BV73	12.9591028581551	13.0135910645471	12.8708492214523	12.7480244947333	12.9182893388672	12.7136115213947
Q9BV79	13.8115634994663	13.6291642666178	13.9219577033647	13.7762632616331	13.7386931948019	13.8415389985921
Q9BV86	13.0989917280168	13.0507060100892	12.932354790681	13.091294866731	13.030396374313	13.0581750472186
Q9BV94	11.6286198311085	11.6233843547907	11.5254011025962	11.6644460773774	11.6451476537801	11.6044602229842
Q9BVA0	13.3612240816801	13.3997271306595	13.371266522667	13.4823289526188	13.398659480187	13.3269249707177
Q9BVC3	13.5416752628196	13.6080853291353	13.6143345175813	13.5851032714935	13.5635530082079	13.6116720741529
Q9BVC4	11.5873070849501	12.0410914771685	11.7684088759662	11.8948018021153	11.8285432865486	11.7983355667366
Q9BVC5	13.8588318421558	13.7999673864752	13.7498150118364	13.8057912348034	13.7543683596502	13.7879644992277
Q9BVC6	14.4597070564459	14.2890279191289	14.4644898072698	14.0092930797766	14.0761205667275	14.044224312491
Q9BVG4	14.41511186851	14.5267790553886	14.4616480105443	14.5792770297675	14.5638215509796	14.444574444292
Q9BVG8	12.1942659405234	12.0198794417456	12.1170299573669	12.0791551082608	12.1269386236316	12.2309788460061
Q9BVG9	11.0366159264128	11.2375246742629	11.1171341804531	10.9347190546881	10.6325535898088	10.9852581429795
Q9BVI4	13.9486964217021	13.8402632363341	13.77038334157	13.7981991823972	13.9028374175613	13.7332399718322
Q9BVJ6	15.4069952381912	15.589941394839	15.4647038683495	15.7200284728381	15.4881401058221	15.7335202825185
Q9BVK6	14.7228964668456	14.6757680163853	14.607025172394	14.9709543317786	14.9556687391606	14.712048672229
Q9BVL2	14.7340956080014	14.6496708037033	14.7385090106656	14.6434990882475	14.6978861709551	14.5741763936739
Q9BVL4	13.5000004460712	13.5036298579253	13.5917905008892	13.4369703097272	13.5604005415687	13.4636701990502
Q9BVM2	11.5625798026511	11.3099174245274	11.3946150682883	11.1535917472327	11.3910447319888	11.3801698970338
Q9BVN2	11.5382678089637	11.2625061041974	11.4102862329565	11.4385290286479	11.8512361586073	11.7128222474563
Q9BVP2	16.1676665751579	16.2618985632428	16.1344046912794	16.2996278423867	16.3010005331916	16.3005142749573
Q9BVQ7	14.2136982479699	14.168433611681	14.1313670298791	14.1305468173724	14.1132708900022	14.0952174627926
Q9BVS4	13.3102870074501	13.46153854131	13.370755764539	13.2819723846701	13.3466947528217	13.362123290173
Q9BVS5	9.60147238155506	9.65837366658491	10.2068704292852	9.94456679252663	10.0249293344077	9.92225343029843
Q9BVT8	11.0673632592558	10.7049728626919	10.9174801044153	10.9777486647653	10.9186813292227	10.7672801642431
Q9BVV6	7.21992011411146	7.07335587006486	7.8445976199046	6.3304866201461	6.92127303091822	6.35410468831547
Q9BVV7	13.8289755975231	13.8585871965005	13.9587551164615	13.7440925013533	13.7691948810767	13.8889421512765
Q9BVW5	10.232730666087	10.2569297247446	10.4761753077441	10.008384321922	9.82265790353188	10.0589577621442
Q9BW04	9.25995539299052	8.84854171891809	9.10361370321022	8.76422383118707	9.05413872803139	9.53951841864708
Q9BW19	16.4865484800989	16.5227706119751	16.4610631656503	16.5423242585177	16.4784569278152	16.5163854033818
Q9BW27	15.3196734676288	15.2528923255403	15.2610834748764	15.2380426508808	15.1984635954655	15.226413060164
Q9BW60	14.0207910969076	14.0146425325384	13.8666942605765	14.0008250309806	14.0364527447121	14.0311109757113
Q9BW61	11.6922283105672	11.9010152259031	11.6062254283342	11.865443521075	11.8225889900325	11.6733601068357
Q9BW62	13.1596858093423	13.2097263059283	13.1955699603572	13.1235476762334	13.2705307758389	13.264725799576
Q9BW71	13.664016324279	13.7451829060908	13.754794377148	13.7475756085434	13.8655924197476	13.6697101953501
Q9BW72	7.97649581914183	8.55145704485387	8.10574244453718	7.78203440403317	7.99112010395647	7.33961467614218
Q9BW83	14.3438745843444	14.3342257393536	14.3274537851281	14.443764818503	14.3871921906784	14.3419401611305
Q9BW85	14.5424211283026	14.5968336762742	14.6022793785993	14.6836692741902	14.6173653332964	14.5696164982327
Q9BW91	15.0490028866416	15.0477249464299	15.1365405302384	14.9926680051396	14.9472223359287	14.9694179305232
Q9BW92	15.8796694674335	15.8696394113415	15.8398115395176	15.8260319853356	15.8284100814859	15.8246080299562
Q9BWD1	15.5027839346866	15.4152473396132	15.4011050120486	15.5725412700382	15.5703013105412	15.4637008603853
Q9BWF3	13.1382745556851	13.1048738829022	12.9552915844414	13.0461757513016	13.1769639521792	13.0081883805334
Q9BWG4	9.69144108578746	9.09691250097083	9.34369493032284	8.73913150948629	8.13195261886169	9.10758200534964
Q9BWG6	9.2749865565144	9.17216512869069	9.08017499429831	8.10734275180499	8.88549520961607	8.83904344230566
Q9BWH2	12.2519399730863	12.3229820339196	12.2937700382312	12.2679132803048	12.1820703012463	12.4119692207422
Q9BWH6	14.7093233243955	14.6862646212125	14.7155142114841	14.6567602960697	14.6696891165184	14.6814931440396
Q9BWJ5	13.9752092317502	14.0099102971088	13.9135399904827	13.9276603270759	13.9387303742291	13.9391984880523
Q9BWM7	16.6063595092678	16.6036402423381	16.5592636075693	16.7016189033793	16.7314052640767	16.6218542100098
Q9BWN1	12.5100494589296	12.4121063436613	12.6174864644011	12.3080420580854	12.7266585626157	12.6360275661173
Q9BWS9	15.0103748619558	14.9783789885517	14.9521045663132	14.6854243618715	14.6335091005732	14.8057075140904
Q9BWT3	14.1750030508128	14.2078675928705	14.1372019245091	14.0859505081291	14.0027579830506	14.0965174125803
Q9BWT7	13.3436635882498	13.3115079062499	13.3937455607626	13.3797803076732	13.4469244688981	13.5174196964654
Q9BWU0	13.9967195930571	13.9648296447581	13.9653353496549	13.9510085482657	13.9790808994064	14.0238549911255
Q9BWU1	9.7085466808136	10.0462844849963	10.202824971704	10.2775801069991	10.1052462227681	10.1091745284367
Q9BWW4	10.8744342379967	10.8655272304716	11.0159346913607	10.3365683812769	10.261311904913	10.6121582901425
Q9BX10	12.6893361888593	12.8175602946126	12.5724088076414	12.8064108314655	12.7048678681853	12.8830972223104
Q9BX40	14.7370089206053	14.7991369417385	14.7989162613885	14.9146470195683	14.917532207538	14.8477154653245
Q9BX46	7.79763435238496	8.45912288253826	8.12830740643725	8.09306427065462	8.8721554320164	7.83829841138233
Q9BX59	10.0817246812159	10.0006207404926	10.1336750040951	9.93285757180446	9.97671962923538	10.1115481634586
Q9BX63	13.2075030194043	13.3405516930809	13.2856718190598	13.1850060088965	13.2879939510681	13.3100193234693
Q9BX66	14.3429799507251	14.3741601187866	14.3482062426608	14.2604616936302	14.3660108423711	14.2431907688376
Q9BX67	12.5253873082673	12.2135870959504	12.4797386373294	12.3594997881729	12.0774921132798	12.2243757856965
Q9BX68	14.809114915921	14.7786074204139	14.7350131157299	14.9314439306931	14.9134779419127	14.7371291100759
Q9BX70	9.46357731212878	9.70879570670734	9.53251035277205	9.84663097354609	9.70836620814986	9.22061491199625
Q9BX79	12.5854483993998	12.5462744941465	12.5960750815557	12.5692459964444	12.7825948696759	12.6591737282673
Q9BX95	12.7025229805923	12.6754390483416	12.6843070767958	12.7824294634423	12.623954532844	12.5434289300416
Q9BXB4	14.7110624026994	14.6248111659839	14.7090047298442	14.5001866348557	14.5779526401045	14.6441733882046
Q9BXB5	16.3270556582758	16.2381238735536	16.2548968968731	16.2242143585498	16.2060566319897	16.2740860904001
Q9BXC9	11.3198533875363	11.6201894134104	11.23130505877	11.4571497591598	11.5737829944686	11.5445997999207
Q9BXF3	9.06393824935401	9.5583679111742	9.09114631462635	9.45892638347205	9.23442018834742	9.16122361438231
Q9BXF6	14.9289763311888	15.0192077014274	14.9578206819402	14.968630896216	14.8863018731008	15.0679935239837
Q9BXH1	10.5560688385047	10.7886111235775	10.8805438938625	10.9955707234119	10.5265853084695	10.4432617661003
Q9BXI6	13.7994216387528	13.7955443362561	13.855541839894	13.7346156220793	13.6939301265269	13.6765328582814
Q9BXJ8	11.8269888584612	11.912508948361	11.9006181665823	11.8106066397385	11.7278404087876	11.8981204645921
Q9BXJ9	15.9546611093168	15.9765400447978	15.9515745379201	16.0093115513565	15.8814107153712	15.9317155822357
Q9BXK1	13.0852948206883	13.1853814152302	13.1467281112301	12.770300497975	12.6848175791245	13.1835967152717
Q9BXK5	12.9606472835837	12.8570562597768	13.0620415205358	13.1624258628873	13.0433010799166	12.9316032892995
Q9BXL7	14.6532241576892	14.6085167731755	14.6486880854726	14.586711190495	14.7384207049637	14.7731160152061
Q9BXL8	7.26026895728078	7.21181420534369	6.75004395853897	7.57551094361395	7.51641417558527	7.63155647059294
Q9BXP2	14.8982788049478	14.9332980933053	14.8611069495289	14.8912150973729	14.8639607589858	14.9137498810329
Q9BXP5	16.6945409389778	16.7049504159099	16.6767582009476	16.7343369093632	16.7173575273969	16.6049512443177
Q9BXR0	13.8179425085664	13.8219740569681	13.8975402089031	13.8698736929668	14.0527950368125	13.8979717945846
Q9BXS4	8.92987928364523	8.71463956969245	8.48786956355959	9.1491543208777	8.53058758442346	8.8748909260315
Q9BXS5	15.2166469119972	15.147357596326	15.2047667512757	15.2162292586621	15.2564943605674	15.2444167721129
Q9BXS6	14.1073750759779	14.0397770339418	14.0924307130438	13.8858132347684	13.6228343810635	13.7502143236487
Q9BXS9	11.2291965185086	11.394714294852	11.3807970221772	11.4384093020903	11.333230096868	11.4204492553717
Q9BXV9	13.5335970172757	13.582038632528	13.5109799637921	13.5459297181206	13.4961316900537	13.4702982383067
Q9BXW6	7.4622894126076	7.88778720582456	7.60627647673304	8.00741614237866	8.50582752276294	7.83686457731721
Q9BXW7	13.8077815047565	13.7027214269828	13.7204619356568	13.8317607016027	13.8127897842123	13.6651011764643
Q9BXW9	15.2656158164156	15.3141570002485	15.293657767059	15.1921549489081	15.132815846673	15.2612779127828
Q9BXY0	14.3157973955178	14.2899487476634	14.2391336391462	14.2511697980018	14.317962615714	14.2863230022891
Q9BY12	8.95295265728972	9.11542564998475	9.01795950723929	9.05442155480112	9.05374324563897	8.83295732374284
Q9BY32	14.2501462266153	14.2937878713319	14.1320964748587	14.2559778585237	14.2621118185515	14.1451489397788
Q9BY41	7.15014032945548	7.63396772501745	7.63217886865188	7.92498879728728	6.78819994631979	7.6696841207945
Q9BY42	14.9002418416373	14.986250254132	15.0692088247517	15.026089392255	14.9667282829611	14.9659455139443
Q9BY43	13.5878693343556	13.5274212662087	13.5351344079994	13.6641378738073	13.4972614621626	13.5872586768524
Q9BY44	16.4176582218465	16.3648328982295	16.3908658618379	16.3493441427248	16.4750981343985	16.4868538845625
Q9BY50	12.3141225478137	12.555505601534	12.4588552181835	12.6983360740867	12.834255452896	12.8616368929278
Q9BY67	13.87838347668	13.9019603245902	13.8648033541053	13.9736975070318	13.859119127909	13.7928885453546
Q9BY77	15.955366590944	15.9417143297173	15.9209135351455	15.8634825146371	15.7819726800845	15.9703896594376
Q9BY89	15.734125781957	15.6786798670899	15.7012830525523	15.7646268563063	15.8124196690963	15.7687528558618
Q9BYB4	12.8816110718928	12.7780705012911	13.1433179833884	13.1293722197245	13.2232451806324	12.9243442954902
Q9BYC5	12.7649305336824	12.7921517186194	12.5350088646296	12.8128423750222	12.8887520742564	12.7790870120187
Q9BYC8	12.1540727204173	12.1211275194121	12.0709198587084	11.876352231566	11.8704862709295	12.2469452811689
Q9BYD1	13.5073396337771	13.4973645502027	13.5702264895362	13.491047044279	13.7329470460178	13.5904646636023
Q9BYD2	14.3689933325188	14.5015007782707	14.458526865696	14.499484445875	14.5178244701069	14.4453873525338
Q9BYD3	15.0921860497263	15.1451121599559	15.0823302355806	15.0570131023764	15.1338408074045	15.082060848014
Q9BYD6	14.0156272057882	14.0868018659978	13.8943644575522	14.1125288672849	14.0001770379805	14.0606355541051
Q9BYE7	12.6622691785832	12.6560586469234	12.6081878668461	12.6213848133447	12.5975720825955	12.6193422824081
Q9BYG3	14.9570996638421	15.0075392500895	14.8487342390932	15.0374326269495	14.8736555024741	15.0194625676769
Q9BYG4	10.9837037498129	10.8985088376415	10.8130503094772	10.9685194844243	10.7230916597371	10.8344022293943
Q9BYG5	11.9614583221215	12.2126177673172	12.0805157734091	12.0312690587564	12.3308553567881	12.267598189617
Q9BYI3	13.8834465575971	13.8709565059579	13.8883335297611	13.949410431159	14.0257700100215	13.9392736538658
Q9BYJ9	13.8257434987058	13.6978616799922	13.7743285214252	13.784233371957	13.8515428138294	13.6943132078983
Q9BYK8	13.8101272171021	13.8031551938326	13.7935029674694	13.6069489656931	13.7817845017251	13.6783513088958
Q9BYM8	12.8874219861395	12.7222639728148	12.9215251145	12.7252294378519	12.8288358429714	12.8702464034883
Q9BYN0	12.3557939501683	12.56176662708	12.2265096994187	12.3365201971262	12.5065862939804	12.2762512927657
Q9BYN8	13.1801102844963	13.127587698572	13.0180654274909	13.0724971256346	12.8477686449272	13.1014898549315
Q9BYP7	12.4479022171435	12.4260578846797	12.4215649985811	12.4743463779785	12.3252597947973	12.3023503043668
Q9BYT3	12.0367989673064	12.0372056801849	12.36209593915	12.0653819210175	12.1370017527758	12.2335092017417
Q9BYT8	15.3693171086086	15.4081986305891	15.3765815235819	15.438020745914	15.4937943240467	15.3183829308095
Q9BYV8	14.6138152889027	14.6114481874239	14.5775300976292	14.728701726832	14.7357237901871	14.5695220776458
Q9BYW2	14.6594081708987	14.7138311221853	14.6919425288222	14.5908017198983	14.6669195706732	14.6686291659192
Q9BYX2	13.5937321927842	13.5062448745301	13.5955445290172	13.4206424443226	13.5672063259126	13.580422608976
Q9BZ23	12.8937861556336	12.8013347503145	12.6188028256806	12.6877335321516	12.8110979938918	12.8282513611115
Q9BZ67	13.3123933491007	13.2693679642551	13.233474456453	13.4065163433965	13.3770352968483	13.2688362001214
Q9BZ95	13.4549425384759	13.5409358021667	13.3556561617509	13.6429179748943	13.3285303408594	13.840318593729
Q9BZC7	6.25462579211018	7.32352262277613	6.6019485891429	5.57085802269826	7.12806022166922	6.19348529552466
Q9BZD4	15.5881046047712	15.6324634502649	15.5746575016266	15.536713959726	15.4745440907713	15.5306774935567
Q9BZE1	15.2024539054197	15.2752673157952	15.1796235112458	15.252298291998	15.253526074148	15.1706455657372
Q9BZE2	13.428644477683	13.258939826831	13.4340771999554	13.2308045880172	13.0019230055146	13.3579145144706
Q9BZE4	13.9735184352311	14.038845502977	14.0112685542131	14.1761105586608	13.8129312858084	14.1847342123183
Q9BZE9	15.3260092659677	15.3637167043145	15.3320160898501	15.3439143379212	15.3668866034473	15.3058514936797
Q9BZF1	15.4081489427763	15.3368780010221	15.3940557273196	15.3382080251969	15.3361022032187	15.306018606653
Q9BZF3	13.6498815141393	13.7141475733513	13.5797185391264	13.5939012162252	13.5851269778164	13.6698381451225
Q9BZF9	15.6439442346907	15.6580578760254	15.6509180778729	15.5630163603252	15.549917282447	15.6164958006129
Q9BZG1	14.6503899974862	14.584161348958	14.5825731247086	14.6322601555419	14.617847178964	14.57239724443
Q9BZG8	14.1283828847469	14.098434933552	14.3054090725997	14.2002823116078	14.1962127597033	14.1831383620242
Q9BZH6	15.1743392666159	15.149500785635	15.2066730169033	15.2254611647371	15.1951975636576	15.2106414008018
Q9BZI7	12.6987157785829	12.8428575861884	12.6436627685119	12.9590205045009	12.7063095042452	13.0965136680098
Q9BZJ0	16.2233678376461	16.2771914723461	16.2786335717753	16.2130671934757	16.2526502125099	16.253052897332
Q9BZK7	14.3920629157898	14.4732396193808	14.4211179111614	14.4070013666983	14.383198385512	14.3256879195402
Q9BZL1	12.3599894118073	12.31563204965	12.5164180712261	12.4137698693678	12.1705433826571	12.2578003359166
Q9BZL4	14.8202976294594	14.8530582397251	14.7858803376476	14.7298027807227	14.7527027456539	14.7457841074858
Q9BZL6	14.2802528491487	14.3767921966967	14.2439394898894	14.3000893150936	14.3977084622698	14.2609605361289
Q9BZM4	11.0504365443979	11.0486771313371	10.624555844789	10.793827681189	10.5189681660011	10.9872241788965
Q9BZM5	7.78056551501652	8.20562183145069	8.23410677114731	7.09088232814075	8.07959100330487	8.37442444839784
Q9BZR6	10.7155071748096	10.4167991037094	10.5657087412278	10.3742127479891	10.8139560733654	10.239685541357
Q9BZV1	13.9657251971534	14.0360756682387	13.9567100267837	14.1251315480462	14.1456309039382	13.9968907967103
Q9BZX2	13.48489767002	13.5262893194919	13.4626973596635	13.4951514084493	13.5890150906786	13.4642630893527
Q9BZZ5	15.3647134097947	15.3818951411769	15.3131146926594	15.3965523150847	15.3663480235622	15.2212717124007
Q9C005	12.7987410872179	12.8815696126446	12.7779329597867	12.9022235062079	12.8472677657752	12.8933933435783
Q9C010	14.4358785435823	14.3684097713527	14.1671314314133	14.4426448173509	14.2844971189485	14.3972908915518
Q9C035	12.7980737123965	12.6905733338839	12.7585876785218	12.4662092872555	12.5546350952894	12.7058662015179
Q9C037	15.521924403501	15.5135395120395	15.4123526559919	15.4485829531242	15.586673015519	15.6074931932536
Q9C040	12.541244272818	12.3454282873734	12.4701958033431	12.4507357350674	12.5280896876379	12.4172939685213
Q9C086	8.41422032251536	7.52626785818923	7.53325255019658	8.46978452344757	8.13970604910025	8.22041698881667
Q9C0B0	14.1523584175673	14.2243859291459	14.2555184142809	14.0720446092254	14.3176184367299	14.202983680214
Q9C0B1	15.6069546599049	15.5590138023125	15.5798780632098	15.6156476287868	15.5925782545632	15.566706315396
Q9C0B5	13.7410178297988	13.8912251972196	13.6885652454916	13.8799870517401	13.8211110915783	13.8622219760166
Q9C0B7	11.0438532784274	11.1280319915623	10.9425672161533	10.6905302459261	11.08666400189	10.9059636024783
Q9C0C2	16.4168217702903	16.4112124441197	16.4053909365387	16.4380877263816	16.4665892415391	16.3749171293274
Q9C0C4	13.7154980793262	13.7683011793168	13.8386686414273	13.9084749725229	13.9072496205277	13.8333483458794
Q9C0C7	13.0651322175593	13.2112190927378	12.9112372375647	13.0546933267809	13.1700003911066	13.0097051365311
Q9C0C9	15.6098589309974	15.575227376747	15.5502803622351	15.5768239602905	15.7089777917043	15.5505973924972
Q9C0D2	8.29139773146355	8.58291042864634	8.59868293558542	8.32558369522344	8.11171998727873	8.51979856670279
Q9C0D3	10.2141783727869	10.6557355400997	10.6469983818634	10.2233682596825	10.4064157574886	10.344002013878
Q9C0D5	15.0354886211116	14.9330490979488	15.0607665978996	14.9234489097329	14.8058019955377	15.0666849987267
Q9C0D7	7.95812796625499	6.69550038845049	7.56652946832102	6.76118923480241	6.47728439218703	7.55987649570829
Q9C0D9	8.57529430127651	9.00072251022825	8.23828119722622	8.87626384467421	8.68351407091523	9.17013255183745
Q9C0E2	12.7426101184649	12.7316341454957	12.7642638302603	12.5988343257993	12.8656960094612	12.7777686926536
Q9C0E8	14.0872249135247	14.2121783748189	14.1394545729109	14.2568161919579	14.2235868713704	14.1808684260812
Q9C0F1	12.2428091205996	12.1400144232687	12.3093439956536	12.294474353322	12.3877929136496	12.2802446369877
Q9C0G0	10.2856680298677	10.1080488738553	9.97337699046956	10.3473637895303	9.96887532332593	10.3945828385393
Q9C0H2	14.5433876885146	14.5010293636596	14.6149896751662	14.6347337670873	14.6476895648984	14.5678057836267
Q9C0H6	11.7284888764321	11.3940613865006	11.3588741348197	11.8720961536351	11.4855824466758	11.7415883371896
Q9C0I1	14.0899581151137	14.0141610049009	14.0407570534008	14.0077431437234	14.0840641040007	14.0796677088175
Q9C0J8	14.7475448598915	14.7579422324509	14.7573793974668	14.7882386761483	14.7192375977925	14.6831739085256
Q9GZL7	15.412157010834	15.3711170186547	15.3645597082621	15.340860013106	15.3475832598508	15.3211101737384
Q9GZM5	11.1259741222562	10.5757260944711	11.0724357167185	11.0671833731851	11.1834295122949	11.0285508801517
Q9GZM7	13.3504253071156	13.345210754522	13.3679953627646	13.1427817478111	13.3829702730125	13.3847547446359
Q9GZM8	10.6254367804066	11.0927175084698	11.1097155673125	10.5522976671884	10.7085389399249	11.0673578462507
Q9GZN1	11.3327456186073	11.3258802433046	11.3662754753853	11.167557235488	11.0658366271558	11.3262187616615
Q9GZN7	10.9467761258655	10.9948079665208	10.9661338494062	10.6483660455631	10.8897737479984	11.0301577455116
Q9GZN8	12.851862087939	12.9742990273364	12.761670241081	12.6487628002864	12.6767480788021	12.8309997215193
Q9GZP4	14.038198046731	13.8810593177187	13.8582303857607	13.8173591068784	13.8278152498368	13.9553737764943
Q9GZP8	14.4999159568884	14.1634023378399	14.37386803493	13.3526678213902	13.6278329432094	13.6181095225318
Q9GZP9	12.2215532862457	12.2804369940376	12.0797639476932	12.3633386172189	12.406960150175	12.3292429409361
Q9GZQ3	13.7084552834875	13.7215342171042	13.7198636993654	13.7674925405494	13.7777941040487	13.6708011792722
Q9GZR1	12.4758688853895	12.3306707046002	12.3513820227181	12.3517012890934	12.3264138986882	12.4877729494371
Q9GZR2	13.1566456250086	13.1766794701814	13.2464391577308	13.1709315087262	13.3217829516796	13.4323765640537
Q9GZR7	14.1228561050453	14.2494555111903	14.1631991834722	14.439674658463	13.8918296204242	14.3037658118498
Q9GZS1	15.1463803384102	15.1350753624232	15.2244756784388	15.1760791074179	15.2334460622087	15.1630992031772
Q9GZS3	15.7902159396721	15.7854904005632	15.6904535253725	15.7524437430155	15.7996732088818	15.7269088636439
Q9GZT3	13.7793651878222	13.7231497661227	13.7576645488162	13.7567409722535	13.7876184927179	13.8203012625292
Q9GZT4	14.4929593535912	14.5733813843787	14.5244682314216	14.6118344186673	14.6011345524805	14.4935742597915
Q9GZT6	13.8729624232555	13.8777157303428	13.7524205464576	13.8689865253271	13.7998804857034	13.8278869229922
Q9GZT8	14.7710154647182	14.8775742254776	14.7928476215746	14.923878355386	14.7062657649993	14.7463331397931
Q9GZT9	14.1038450313638	14.0716640041623	14.0960754865117	14.0589495551384	14.1573333381981	14.1190984887862
Q9GZU2	12.4183836152369	12.2755125524354	12.4709501093225	11.9507707360099	12.3808780725439	12.5254883419352
Q9GZU3	8.81988976442866	8.62339379679029	8.70318623005191	9.27380502434077	9.12462808637225	8.9476376481681
Q9GZU7	10.161554539821	10.2465335725412	10.3065448364607	10.3832598435222	10.705316444146	10.4050702687436
Q9GZU8	14.8344732247629	14.9425986197669	14.9173931410825	14.9028414668259	14.9076967672785	14.9477891747363
Q9GZV1	12.6464820396823	12.5018924361872	12.3987578475093	11.2399269220032	12.4894440818022	12.2522095747969
Q9GZV5	12.9630089855261	12.9964401654866	12.9193452807967	12.9754004822149	13.0525190350113	12.9273486151894
Q9GZX9	14.8595404920664	14.9263175812425	14.8546176842432	14.2824935581507	14.4284815254464	14.4481191773251
Q9GZY4	11.6985159513131	11.7439693737391	11.7624408948377	11.7010146061494	11.7736247316769	11.7443288775664
Q9GZY6	9.1972593132126	9.24810206578377	9.04903117517493	9.09464791667036	9.8731784162894	9.4172867731963
Q9GZY8	12.7921741569882	12.711938171072	12.7249130352021	12.6997456809594	12.9512174236998	12.8587997544431
Q9GZZ1	16.0401976416449	16.0506750713543	16.0619501596458	16.1162760666359	16.029985297117	15.9946674807888
Q9GZZ9	14.7608081920804	14.6254324111198	14.6155730685972	14.478816238891	14.4820997227407	14.5407706276751
Q9H000	14.0561025878002	14.0394046706477	14.1104723990057	13.875362173196	13.8451419971394	13.9782713042593
Q9H008	13.6542318143269	13.5767796977774	13.713767507431	13.754249191683	13.7604588958425	13.6691222456227
Q9H019	11.1900078860495	10.9932743885951	11.098344059726	10.9810540294351	10.9200787309242	10.9956014739785
Q9H061	14.4643340358825	14.4840661712719	14.3396049967831	14.5924756023854	14.5001404239179	14.393114715098
Q9H063	12.6459803578898	12.7055973287718	12.6873922112175	12.7494105303968	12.7767732489939	12.5609841644605
Q9H074	14.9094561302336	14.9487678682651	14.8300397336847	14.9200190068183	14.8837618965122	14.903999965189
Q9H078	14.2199704917792	14.2697887740356	14.264274012803	14.3055054204365	14.2849210301986	14.2430168936286
Q9H079	12.5343897918916	12.5117043235023	12.4829570819624	12.6096009060148	12.7328534468861	12.4312047700236
Q9H081	13.8616408721945	13.9323280544994	13.8749903243799	13.8238337989105	13.9148484929329	13.8546876575935
Q9H082	13.7277211963078	13.650275645593	13.7506172161057	13.6760024536846	13.6989485730534	13.7390805487629
Q9H089	14.8773367844792	14.9799423008897	14.8503480532259	14.9508844011698	14.97314963057	14.975405899458
Q9H098	14.5042396688104	14.5373604471722	14.5092847185948	14.5679668202028	14.5650914336291	14.5337145696273
Q9H0A0	16.5260762629369	16.5974000903879	16.5471692280177	16.6408165202913	16.5476035156455	16.6256765214897
Q9H0A8	13.0150171059512	12.9387542389709	12.9461356463667	12.9891141808309	13.0602733394209	12.9089756997689
Q9H0B6	15.9787429659416	16.0884207199397	16.1069280277574	16.0121076862108	16.1095103551043	16.1280743855417
Q9H0C5	8.59332708564377	8.8274280252164	8.92894688964084	8.68687288210174	8.01406929466236	8.67061808120764
Q9H0C8	15.4251433090207	15.458399578825	15.4449740377755	15.3575273998728	15.3295481559349	15.4226974060645
Q9H0D6	16.1909343352944	16.1765015082756	16.1465903051406	16.1622391600221	16.1613593662364	16.0949466486182
Q9H0E2	13.3146064208979	13.2996552491588	13.4086360167546	13.3329031334575	13.3725803740877	13.2081977756903
Q9H0E3	15.7529183272538	15.803361751395	15.7671975884842	15.7825287026601	15.8522760776804	15.7596616409105
Q9H0E9	14.1930001087651	14.2167728191443	14.2031556230346	14.2063829828659	13.9724440504227	14.0945794221171
Q9H0F6	12.0502964365101	12.0729929387838	12.0419146780788	11.9989370370744	11.8984099586172	12.0726364698538
Q9H0F7	10.7094551165136	10.6327299557227	10.7762922264246	10.492787241032	10.4784911712226	10.6803003923341
Q9H0G5	13.7755164187613	13.8720509401825	13.747484620997	13.822070158372	13.8597414044232	13.924340076278
Q9H0H0	14.5088061506523	14.4258345818894	14.3536443874654	14.4917413315898	14.5223139899223	14.4561588506434
Q9H0H5	16.3728104215056	16.4546412989523	16.3943085494197	16.3826839061943	16.2872836650674	16.3281292300684
Q9H0J9	13.4501840973897	13.527676052582	13.5080594797721	13.3796789874303	13.4558580584532	13.4176536890241
Q9H0K1	11.2002210391842	11.0796322155068	11.1314839270942	11.1258124736589	11.4010333749903	11.1968469652323
Q9H0K6	10.0663692130578	10.1080893605194	9.98341666244612	10.0222039478771	10.2253400682584	10.0696913657166
Q9H0L4	14.0959066183633	14.1626188016868	14.077640012826	14.065854293384	14.0035060902207	14.0422318455458
Q9H0P0	14.2598761003149	14.2480867567092	14.2593643819238	14.2362491810178	14.1989732784462	14.2878205631819
Q9H0Q3	9.61727026715982	9.49349928280016	9.52300388057165	9.24111028731019	9.92803031533723	10.2722680811054
Q9H0R1	12.6275347356849	12.7621384054393	12.5708782024911	12.5885084062024	12.7954770559491	12.7604387068798
Q9H0R3	10.8850740885186	10.9766513807025	10.7841163238867	10.8977003200396	11.1653874180135	10.6422179434339
Q9H0R4	12.1136073540947	12.0900928465266	12.0367759455974	11.8419920303132	11.7669300791029	11.9741881194223
Q9H0R6	14.5514260079761	14.527291963833	14.5043295712639	14.4223926884818	14.4520337206189	14.5318814609974
Q9H0S4	15.4651361132507	15.4889167585214	15.4606572554757	15.4008832060534	15.3630200446318	15.52744291979
Q9H0U3	14.1157040829751	14.0856261015253	14.1039678899517	14.2510625806491	14.1139505068737	14.1138379844452
Q9H0U4	15.6634089638802	15.6015594946416	15.6312492855049	15.7124966408338	15.8830429444694	15.6652864907306
Q9H0U6	12.3587420372391	12.5212953888589	12.6244584686146	12.4089876291014	12.5045100166875	12.6923800036622
Q9H0U9	13.5697303970779	13.6449519880823	13.6902354467469	13.5144602624905	13.5247550176929	13.5470921459898
Q9H0V1	8.81899991642876	8.88986099193136	8.93087513087083	9.14727541428641	9.04337266741339	8.98075982476645
Q9H0V9	13.7055942329553	13.6526184614538	13.6378834396394	13.4054882613027	13.5087294725325	13.5653013763222
Q9H0W8	14.2512571601286	14.1495118501068	14.2328486276403	14.2346017995729	14.3864329604345	14.2890275862361
Q9H0W9	12.311332825083	12.3329098671662	12.3013000039229	12.4605264246452	12.4441040258124	12.2869886309891
Q9H0X4	11.3510610988333	11.2415102859774	11.3063905964845	11.1131423246609	11.1756809862958	11.3274904549113
Q9H0X9	12.618207435186	12.5495527261036	12.6970179164408	12.593476760253	12.6784866439099	12.7697075151968
Q9H115	12.2172796954043	12.0521885360811	11.9191547621417	11.9339903189749	12.1010058973218	12.0964387745574
Q9H116	9.91617806529942	10.2147751249816	10.0477905749198	10.0718669396498	9.40224737650999	10.4216549221494
Q9H147	15.3204562334424	15.3772573563302	15.3294423009008	15.3803971684109	15.3775550892982	15.3022762781474
Q9H173	12.0480115828924	12.1938627045383	12.1914555263345	12.3171597196866	12.1768504613799	12.2100873859229
Q9H1A3	11.1109426372749	11.4704315001725	11.3272173017429	11.3060202136732	11.3314978395602	11.3387589055182
Q9H1A4	14.4478865753752	14.5788900763554	14.5850665565132	14.3806191737252	14.4527955329924	14.5567508943088
Q9H1B5	13.234095466006	13.2055366900022	13.2831035622514	13.2820418853465	13.3680197009564	13.2383367246668
Q9H1B7	15.4770190310023	15.560133936666	15.5146194930332	15.6261798786099	15.5499552658787	15.5081677236011
Q9H1C7	8.28423905011257	8.11494220009218	8.83715094684616	8.53920094462156	8.33928681120283	8.73330451554518
Q9H1D9	13.4722637606899	13.4913487221988	13.535089311153	13.405447429023	13.4641601761839	13.5287134199505
Q9H1E3	15.1076225381025	15.1874513337891	15.1115872454997	15.3255415491091	15.2853932088729	15.150156690333
Q9H1E5	12.2821666176365	12.4303440062881	12.4166830632786	12.4760873832651	12.4396483993699	12.4766547013026
Q9H1H9	12.6787973789661	12.4372006699335	12.5556528068711	12.5641407621093	12.6118135595828	12.5332376984951
Q9H1I8	12.042975444579	12.1931058800589	12.0352545346315	12.1180063541138	12.1425534811446	12.0219761327885
Q9H1J1	13.5135794355553	13.6714307741991	13.5965563833284	13.8686552008519	13.6837167609213	13.8827863320265
Q9H1J7	9.13005707532588	9.07951659156015	9.02747291715524	9.11502873153823	9.33208907878337	9.2436297612273
Q9H1K0	14.3103713201877	14.3772227107821	14.3695758229956	14.3440080815264	14.3629884863971	14.385621058232
Q9H1K1	12.8216002123892	12.7381605127202	12.8471249993659	12.7332691764559	12.530223391985	12.8073465190447
Q9H1K6	11.4534287742527	11.6322795943733	11.7258744402481	11.5900631363131	11.4028297345807	11.3449101625611
Q9H1P3	13.2379089657857	13.256229637047	13.1841351962027	13.3051422884383	13.2733638082125	13.3089363994858
Q9H1U9	12.1054318091588	12.3256423332881	12.171050637605	12.1755045995787	11.9697599399774	12.2788355514254
Q9H1Y0	14.1192501503216	14.0973213027502	14.212337493774	14.1660012105792	14.2087782763309	14.2434187368743
Q9H1Z4	12.6693513601093	12.7070258931776	12.71384504007	12.7907359898734	12.7583908075193	12.7652520488399
Q9H1Z9	11.1439435338436	11.2285833118196	10.9947347671947	11.2966390283413	11.2546170034051	11.0229064104473
Q9H211	7.85288784562875	8.1741517614211	7.92228205991189	7.46872973614097	8.60170586694037	8.0766450653968
Q9H223	16.4557344124481	16.4328690737684	16.408868504284	16.5431565524406	16.6099229654055	16.4631790714861
Q9H246	12.6497033666205	12.718496586814	12.6939860719394	12.6843404345995	12.6428118302172	12.6473781900227
Q9H267	15.7788557410228	15.7535449438324	15.757233848785	15.7255829711999	15.8112860660553	15.8027005047403
Q9H269	14.9702648417953	14.9552615958032	14.8788986985419	14.9968780500852	15.0015453857658	14.9390798851376
Q9H270	14.1987912672498	14.2071180815811	14.2126614000742	14.2600185942009	14.2645302625545	14.2549767973024
Q9H299	12.8983949913189	12.6970454553017	12.9666490676185	12.8349221499802	12.9965718548472	12.8441676300383
Q9H2C0	12.3056094028906	12.2277047526291	12.2476892288135	12.3047263866062	12.468701944458	12.3430276411765
Q9H2C2	11.7373263576496	11.6339677250174	11.5148491118775	11.6976838992772	11.7867356471678	11.809742157224
Q9H2D6	15.0203953472556	15.0499551305698	15.1440616710615	15.0877018235575	15.2329956295481	15.0977623964733
Q9H2F5	13.8792444110364	14.0084433099368	13.8967227367901	13.8054373363594	13.8602759589434	14.038835049929
Q9H2G2	16.1695404168982	16.1629485070965	16.1890879657605	16.1794479329293	16.0648783212248	16.1089320680975
Q9H2G4	10.8444350614968	11.0640916130624	11.0287546507949	10.9954215298417	11.0962466902539	10.7690404476975
Q9H2H8	14.6728165537876	14.6770325357363	14.6879936474651	14.748075815871	14.5178659120235	14.6416832468383
Q9H2J4	14.2736334396451	14.2382153986546	14.235410326906	14.2681139896192	14.1572067874522	14.2153007469529
Q9H2K0	11.0772662314546	11.2780218593674	11.4188407600763	11.2711969106579	11.3625692058379	11.2626675342128
Q9H2K8	11.5761646779132	11.7890068230584	11.6984835665613	11.761998712759	11.6219092880279	11.8038208122638
Q9H2M9	16.2820152765788	16.300386073646	16.2536082452156	16.3595854114573	16.3312639528624	16.269053673073
Q9H2P0	16.5654009685603	16.5997467607795	16.5789113427508	16.5370829421824	16.5342740168599	16.5405068125222
Q9H2P9	12.7646972258665	12.6291325268297	12.6776532687971	12.5816087695956	12.6836239064728	12.6063507251404
Q9H2T7	7.02259441602646	7.24174402938122	8.31474716769459	7.65693234668299	8.49541745416978	7.72026797923264
Q9H2U1	15.9975567746433	15.971868907242	15.9806794911677	15.8803942833335	15.8662474972627	15.9285213744077
Q9H2U2	14.0835046130826	14.2798994819917	14.2862867389199	14.2629153261444	14.2067464527485	14.2862862327796
Q9H2V7	12.6990575242361	12.8500207901964	12.5257201043057	12.8263293990952	12.6638208088225	12.802280652901
Q9H2W6	13.3604814123053	13.4197923044757	13.4838388762759	13.414231597543	13.5348909665529	13.4294387520982
Q9H2X9	14.2427838768127	14.2306456674371	14.284325178252	13.891365442886	13.541109370267	14.0719815059581
Q9H2Y7	11.1063834549986	11.3807229529948	11.1474538189934	11.0118885361782	11.2953321725935	11.0405153729568
Q9H300	11.5577465907415	11.4803442726172	11.5825872773109	11.3632650414325	11.2371875418802	11.4259288273476
Q9H305	10.881835714452	10.9985983962541	11.069954391859	11.0063127015086	10.9048790536035	10.8603707505868
Q9H307	15.3241268276348	15.3384566674397	15.3093739267163	15.3491477886866	15.3484756285283	15.3146091621838
Q9H329	12.4003781279364	12.3424515396216	12.3082860326456	12.2454064105779	12.446979762758	12.4253422137523
Q9H330	13.5806713487454	13.5287703653924	13.4786578875895	13.4643191192068	13.3735499526247	13.5434201394321
Q9H334	12.6497387258931	12.826439977576	12.8243332970823	12.6897215591696	12.5226076226215	12.7528881758456
Q9H3C7	11.9594188978886	12.241528740781	12.1996296325442	12.0295480183567	12.0540460465722	12.0233476883466
Q9H3F6	9.23595184333032	9.3823530792079	9.41577247814315	9.3818493207318	9.01896516542779	9.40462513286714
Q9H3H1	12.7484513010335	12.7604393123674	12.6982811210838	12.8706604935789	12.7885156536131	12.5652851418896
Q9H3H3	14.9678376034321	14.979918333666	15.032130202776	15.1482742693422	15.0023057301829	14.9844975257455
Q9H3H5	14.0184231844947	13.9458033517325	14.1569341582814	14.0767773490934	13.8068323163234	14.0719891235263
Q9H3H9	9.87291582232063	9.53090616939324	9.70077161897196	10.0311367438995	9.62218854527628	9.46616439402085
Q9H3K2	14.5443404344015	14.6240539933919	14.6303658830933	14.4330037861081	14.5228693854173	14.6443521888531
Q9H3K6	13.4635927847001	13.4588239477408	13.5074023629265	13.6157441397739	13.555141625067	13.3248909703107
Q9H3L0	12.4048780496623	12.5785047743864	12.4061871354165	12.6063851328575	12.533573158629	12.4729418036034
Q9H3M7	11.2508752891663	11.414618323246	11.2369749888758	11.3083696579144	11.4872583114464	11.2990999649554
Q9H3N1	15.4851877661119	15.5153078131682	15.4408156765386	15.5550935951007	15.5077084758434	15.3856719295533
Q9H3P2	14.6611301786748	14.6367488292654	14.5167322756772	14.5343032053977	14.5417148665057	14.6013897246266
Q9H3P7	15.083165831625	15.0691548447191	15.0662120697124	15.2919138375593	15.3029917538058	15.1264470360307
Q9H3Q1	15.7019417195211	15.7238371480564	15.7286991312008	15.7646238967716	15.8279067262413	15.7422339907051
Q9H3R5	13.6632638033226	13.8693142418523	13.7489850380641	13.6995073730014	13.6715318598462	13.6823566241514
Q9H3S4	9.05880182754604	8.74699723030304	9.074604219216	9.26777571513727	9.52492778586435	9.19872358385071
Q9H3S7	16.7419339613373	16.7230583474567	16.7496954042429	16.7261598515452	16.694173237009	16.6902016757568
Q9H3T3	10.2347918874561	9.08840084016474	9.58408572383952	9.74644371490616	9.36959200707086	9.50067859189342
Q9H3U1	16.1874802647864	16.1544165199758	16.1308578118695	16.1189272368184	16.175640697737	16.1059084828334
Q9H3Y8	9.69169473530522	10.2476365973044	9.90340066558458	9.85880480294398	9.7855527168484	10.4217123097283
Q9H3Z4	13.7664126260272	13.9615367079649	13.8290951148409	13.8653655958277	13.7900421448033	13.8199647468092
Q9H410	11.9794335256609	11.9554608462705	12.0243156923343	11.9930764866288	12.1456098827655	12.0963219330078
Q9H425	13.5413058507017	13.4074284279468	13.4305183992969	13.2995366973722	13.433753753713	13.3543211749572
Q9H444	15.2713455158924	15.2335133300446	15.1696907248879	15.3435440976772	15.3195232569605	15.1986245080515
Q9H446	11.4440868624263	11.3981675772146	11.4234257144471	11.2427292608201	11.5072228119502	11.4859353773242
Q9H467	13.277541137873	13.1496347829729	13.1474219274203	13.1462831210766	13.2539447254403	13.3930714227012
Q9H469	9.86785533452371	9.1419271561333	9.47796187693474	9.24709918298461	9.38399803151744	9.16976813713059
Q9H488	15.6426543523607	15.615833132675	15.654907918894	15.615495679835	15.727133112679	15.5677712100196
Q9H490	13.8190265231055	13.8291953928316	13.7522643260389	13.8570106448236	13.8470787768573	13.7684125587967
Q9H4A3	15.7319721121232	15.8220298506853	15.7379740736616	15.774873584848	15.7656739598697	15.8387450731636
Q9H4A4	16.3502358957735	16.3026101418827	16.2932455014969	16.2246731103862	16.1541428152598	16.2160302883836
Q9H4A5	13.0915699436056	13.216944904717	13.1357454117555	13.4364710938487	13.4837073845756	13.3417986400417
Q9H4A6	13.8225499878807	13.8586433467738	13.8945962789788	14.0013418124298	13.8953334997067	13.8410053661184
Q9H4B0	13.3366030942768	13.1923327460655	13.1941596483717	13.2896873312642	13.1490330194314	13.0492244292692
Q9H4B6	13.7518141910975	13.6413499752297	13.5997077430146	13.514618797287	13.4220521123112	13.6450482244314
Q9H4F8	14.4096450919329	14.5303032762125	14.4333390680918	14.7879736818688	14.7439320891513	14.731470156754
Q9H4G0	12.6400943972666	12.6097471855211	12.6895467914532	12.509208129697	12.690498918998	12.6194986487232
Q9H4G4	13.149838428945	13.2690918825648	13.2130454206088	13.0736571054064	13.2547796476042	13.2053906579097
Q9H4H8	15.0199227874665	15.0416904023587	15.0265854290689	14.905520903266	14.9480924795974	14.9364007888231
Q9H4I2	10.7214200802522	10.8911006971077	10.795460097799	10.6149078645128	11.1434394299963	11.1337298785529
Q9H4I3	8.68701618943176	9.28858142558611	9.39241004138493	9.47510528662895	9.57472222945099	9.12401661736489
Q9H4K7	12.6003694810777	12.5537626957474	12.6315633931626	12.4206272923504	12.3777019800619	12.5239499467794
Q9H4L4	13.4682486718217	13.4917017684483	13.5478574126359	13.4749849094935	13.5623360730147	13.5859074957017
Q9H4L5	16.2276503356149	16.235505532275	16.2131886401915	16.2222511269389	16.2515722756489	16.319677746923
Q9H4L7	14.3881245021766	14.4461557067673	14.4431730763374	14.2674626353019	14.2813487769021	14.3953397795049
Q9H4M9	16.4032351795847	16.3612126335463	16.3149688443275	16.4352937001642	16.4964751764059	16.3396975677764
Q9H4Z3	13.279687011266	13.2698098867048	13.1336830533888	13.2795419264379	13.2427592339069	13.3198485585396
Q9H501	14.4254269246375	14.5168477810787	14.4726317930526	14.4567366635839	14.4245013782737	14.5526127172543
Q9H553	12.3047252631105	12.3037028932111	12.2305495894531	12.4391798679645	12.6233487594807	12.6305782495375
Q9H582	7.07991711604549	7.99507070198768	7.79894011728171	7.88220316865681	7.54356724125711	8.36462675398387
Q9H583	16.8505670321212	16.866342027879	16.8109544628166	16.8362538257563	16.8006474963622	16.8689516273734
Q9H5H4	9.02318578364294	9.01835075621434	8.72256451458509	8.99123783354201	9.11373709570881	9.44346904851717
Q9H5I1	9.3309351424334	9.18227616598535	9.02258496269998	9.13914601594407	8.82284649206735	9.50678319282403
Q9H5K3	14.2723929971234	14.4009731476256	14.4001236430149	14.2540900024165	14.2232286950128	14.1937327358687
Q9H5N1	13.2271637375046	13.3381733612541	13.2364128955118	13.2395647945426	13.1912167105412	13.3232215106802
Q9H5Q4	12.7550934116168	12.7109099564077	12.6357889257011	12.6849629249805	12.7606169830696	12.6316908466111
Q9H5V9	13.5234455729366	13.5951977901439	13.4972643034229	13.4802259856112	13.3501687606319	13.5276084591589
Q9H5X1	11.225201100228	11.5390826033911	11.3632085543107	11.6347892807076	11.535756299659	11.5853365693822
Q9H5Y7	12.6490694726512	12.6606872776597	12.6945492989448	12.8209512407277	12.8805960854079	12.9623537672818
Q9H5Z1	12.8073255841115	12.711327770881	12.8832083142245	12.6975921961117	12.7124336495913	12.8988300883015
Q9H668	10.3793461805868	10.2401562898838	10.5905332310215	10.2263184981687	10.0069623454266	10.5778413212597
Q9H694	13.3836962288709	13.2608348453971	13.33154387623	13.1417250807488	13.1974706114871	13.3139732280872
Q9H6A9	10.2630879732678	10.4111222032989	10.2109045747219	10.0744117160185	10.5300901278752	10.2953464742588
Q9H6D7	14.0902918483132	14.0565902829094	14.1580600261121	14.032639457519	14.0791508236006	14.1664400207749
Q9H6E4	15.0342577191432	15.2131189821249	15.1107181816147	15.0793430802536	15.0954477575564	15.1026760419584
Q9H6E5	14.9389680091729	14.8668991771108	14.7834094983342	14.6909668739949	14.6807714634666	14.7846797221896
Q9H6F5	13.6963621081851	13.6354900371149	13.5579256500926	13.7993397634383	13.636339858267	13.6977888304707
Q9H6H4	14.632584871744	14.69975247009	14.6995872653911	14.5160708277759	14.5302977924248	14.5102094238661
Q9H6I2	11.8112632012912	11.7742974262462	11.8887208604106	11.7914626644022	11.8841195003884	12.0060912636656
Q9H6K5	8.5357150216161	8.42481777896046	8.13614563732802	8.37817133315404	7.98231526036585	8.63647679904217
Q9H6L2	12.1161647971871	12.0985538059652	12.1697134921993	12.1228447268093	12.1924227866009	12.1126505749595
Q9H6N6	15.5930491715112	15.6187870305501	15.629421144821	15.680492545911	15.770291161283	15.7625370803568
Q9H6Q4	13.5936791747591	13.5715663654275	13.4794713759958	13.48320458722	13.6173993081666	13.4947476393006
Q9H6R0	14.978957312954	14.9541030539474	14.8106779665719	14.602308553776	14.6607361728572	14.7594977582324
Q9H6R3	14.8666576423129	14.8202019342104	14.8251310162609	14.8631898757101	14.9473712080345	14.918340971749
Q9H6R4	16.0950042188317	16.0237857440074	16.037725153064	16.0439874531173	16.0696390480716	15.9842587387047
Q9H6R6	6.89190722529205	5.87509118013965	7.30297595914709	6.48789203665062	7.1211877666371	6.48914366121463
Q9H6R7	9.93360163075966	9.58766082819975	9.84300738734977	9.8488547813712	9.95212950901232	9.93718425672833
Q9H6S0	12.8927775872099	12.7139768867742	12.8904787590602	12.8790197029363	12.8425016149548	12.9053600856284
Q9H6S1	8.91438604347534	8.77331059578098	7.8156054165649	8.38290734209115	8.77116110223642	8.31745503230156
Q9H6S3	15.9112735685274	15.8174390733679	15.8487376715275	15.942740182397	15.9771145968671	15.8789522327702
Q9H6T3	16.221024996248	16.2803837758026	16.2011155433265	16.233570385585	16.1421862520114	16.173638415148
Q9H6U6	13.9796380324125	14.0472631346849	13.9506943794356	13.9408949695638	14.0420679725581	14.0275888863116
Q9H6U8	12.9020577874149	13.1000609378126	12.9829449295319	12.9428410742432	12.9608447786814	13.0590499991922
Q9H6W3	14.2464953771478	14.3111628400484	14.2109236489823	14.2167844341595	14.3485782800957	14.198454249237
Q9H6X2	13.0105654985053	12.8596817328336	13.061308778695	13.234147811056	13.098228005955	13.1639664018466
Q9H6X4	11.3863234822977	11.4207162206397	11.4147977271127	11.4719600268342	11.5588543815154	11.59939546426
Q9H6Y2	15.1262229013342	15.0955373631851	15.0348467781984	15.0184752970066	15.15164377781	15.0655639085807
Q9H6Y7	12.1807387604036	12.0117148842414	12.1764681289576	11.8742073214256	11.5036393054103	12.1427806744273
Q9H6Z4	14.9933263458625	14.8920346760293	14.9896365952301	14.7994786312282	14.8628183440273	14.8994796978772
Q9H773	13.6159677888234	13.7424715338385	13.6376076011212	13.6638957438567	13.6121608769713	13.6481805785471
Q9H790	11.8705838542687	11.8498109706424	11.9418760061122	11.9214809132183	11.9442166594628	11.8838194796123
Q9H792	13.8364711982318	13.918297656681	13.7979357982852	13.7748642751798	13.7673550592669	13.8744332608829
Q9H7B2	9.03010288300154	9.57488656340941	9.50314310773303	9.55530034703942	9.41754335883717	9.605218405558
Q9H7C4	11.4634968520829	11.6532868089177	11.5250476644975	11.3198107019464	11.4509741327784	11.4754549893066
Q9H7C9	13.564191129878	13.5019437932742	13.677458922116	13.4256754473091	13.3025123299671	13.5088307912585
Q9H7D0	14.7838141214044	14.9261624891057	14.8538624933082	14.804608332735	14.8624852779049	14.9122052610954
Q9H7D7	13.3457285095	13.3896497015148	13.3754182522572	13.4146538733211	13.3552713699762	13.29526556247
Q9H7E2	12.955560235378	13.0550142713123	13.1159693851335	13.1416071148138	13.107662406195	13.1663073071327
Q9H7E9	14.1349566876579	14.1706806256714	14.1526395676113	14.0061965892993	13.7001059476765	14.0759258286731
Q9H7F0	12.7032072112355	12.7377127764262	12.7197556044154	12.8258908830067	12.8839908948634	12.8105276453477
Q9H7F4	13.3615446239263	13.5084027588265	13.6127819446815	13.3743561758326	13.4159912288848	13.7509006189591
Q9H7H0	14.336719673032	14.2970205454535	14.3644972907357	14.2111095290638	14.0466145010801	14.1438109272704
Q9H7L9	12.6655684800897	12.5252525000509	12.5715201135321	12.3064111423786	12.5105768173993	12.6490785199581
Q9H7N4	12.3050050690649	12.5424745731059	12.6792666601292	12.5110167084856	12.4283045584248	12.6525974717023
Q9H7P9	13.8951388043739	14.0076911717427	14.0740858877722	13.8883382038429	14.0188527848596	13.9805934617225
Q9H7S9	11.1474768111672	11.3253637546269	11.2006135678191	10.6838376196154	10.9496804998189	11.1618765186481
Q9H7U1	8.2010973396751	8.34397362850007	8.0230578178774	8.70963862793558	8.58072232830066	8.53717186967477
Q9H7X3	10.5029905886317	10.3880774041339	10.2062582098655	10.1459318383988	10.3448131829907	10.4259145225364
Q9H7X7	12.0870293789464	12.0002972104352	12.0727682529598	12.1697976113994	12.1535557682475	11.9419503431143
Q9H7Z3	11.9613706642574	11.753241063334	11.9950892464321	11.6516790467023	11.6349928169871	12.1400801122981
Q9H7Z6	13.6641540710945	13.5460491219764	13.7385603499506	13.6152333854605	13.5112329564696	13.6636875614603
Q9H7Z7	15.1716460277216	15.1826258403749	15.111608945979	15.1434222625039	15.2732888370803	15.1616492527175
Q9H814	13.1441037986438	13.1972524094115	13.2860064722672	13.3116265919082	13.3181999548766	13.1864338524127
Q9H816	11.373336778034	11.6115332741451	11.2813055288592	11.4208116305373	11.4107651579517	11.3515525093278
Q9H832	14.8709128901245	14.7787102231968	14.814438904679	14.9171081954467	14.9091372956658	14.8129932162374
Q9H845	15.0717244776854	15.1555045033238	15.2066733995116	15.1328496032418	15.0770630749247	15.2234378576826
Q9H857	15.4701983172866	15.4976543179559	15.4614732585727	15.52849270396	15.6013774284097	15.5462539828141
Q9H867	11.556523277352	11.5327196227795	11.5725275755399	11.2415060517058	11.0517208839992	11.4955634395835
Q9H871	13.5716223509141	13.5070319104541	13.4810742018432	13.3805321932572	13.3696478632044	13.458990379626
Q9H875	14.1656281428741	14.2603560112434	14.1872502169186	14.277719528807	14.2160850883285	14.1142582294117
Q9H892	8.46970383452296	8.37004823477542	9.18314773214429	8.85901354128492	8.20112600285322	7.90012644070617
Q9H8G2	12.2580761429746	12.1324043820148	12.042624754438	12.2318958712197	12.0235100262941	12.2889037178262
Q9H8H0	15.8639254899505	15.7016969327332	15.7088037554759	15.7286387476526	15.7012986418832	15.6336923422392
Q9H8H2	11.0603495860464	11.3807173672048	11.2564154427869	11.3629864705312	11.4049242793626	11.4414562078834
Q9H8J5	8.99877287934205	9.17146786889955	8.42034078361141	8.84637531653976	9.05208598460616	8.86696085398109
Q9H8M2	11.9537548132243	11.8776543802874	11.9036801310304	11.737125292054	11.8383530336005	11.8392475422873
Q9H8M5	13.7650799413672	13.7873346742291	13.8436019616078	13.6036850061807	13.7047409430933	13.7713288000303
Q9H8M7	13.1441520676854	13.2181442402712	13.2598239412557	13.2295452755761	13.3190075159949	13.179637384582
Q9H8M9	10.7817673264142	10.8813189293754	10.6930315769876	10.9016283502767	11.0911152600154	10.9260680766686
Q9H8T0	10.4062310897927	10.474886288145	10.1613549853025	10.5251201038144	10.5644175915551	10.4356091959613
Q9H8U3	11.1143352485402	11.3271967429639	11.2710028957105	11.2343288489193	11.1875912944098	11.2772823803487
Q9H8V3	14.7647735761726	14.8796148069183	14.8365650810324	14.8244275630436	14.7804425239704	15.0280660369036
Q9H8W4	12.3153404999022	12.5102829979866	12.3392176328613	12.3688330463729	12.251548869898	12.4352918249828
Q9H8Y5	13.2131719506461	13.2568886420243	13.364849811428	13.1082555690377	13.1516354765348	13.2879569857641
Q9H8Y8	14.9140497914332	14.9796104116086	14.7931534187576	15.04793838998	14.9785479158082	14.990524517168
Q9H900	14.4469172369995	14.3589657916619	14.448645908488	14.2889854740956	14.3498000914352	14.3829364315077
Q9H910	16.508481845004	16.4632300993421	16.4069054852612	16.5174288616838	16.4836279615653	16.3945197929576
Q9H930	7.87345630064274	7.93456335384842	8.19321764402994	8.14005427450947	8.03370428228119	8.44933596378373
Q9H936	12.3650582757539	12.4559690443316	12.335544026119	12.1947908267607	12.3363505494537	12.4291081263315
Q9H939	15.1090348371603	15.1758129810904	15.206445729663	15.2754100132495	15.1085436333163	15.2489809392347
Q9H944	13.2024552961145	13.1994027638698	13.1512454818598	13.2228209347082	13.2972258419287	13.2106521260362
Q9H967	11.938775463818	12.0719381917436	12.1270270742371	11.8702555898631	11.3730237616067	12.2343861554623
Q9H974	14.004471742834	13.9388158904771	13.9370014888257	13.9531593175221	14.0141542578422	14.0613171756891
Q9H977	11.8206872594505	11.8520891069536	11.7906327354226	11.7048437321193	11.7269802756672	11.6658332058231
Q9H981	13.1831292860129	13.2543849539926	13.3710138975303	13.275298647303	13.1101518145145	13.260487348245
Q9H993	15.4361655761436	15.3700042711176	15.3759709145846	15.3407195553289	15.3240391125708	15.4169812385764
Q9H999	8.94190642175593	9.90994118655874	9.49418298551799	9.06262696988149	9.01546618452739	9.20862467825815
Q9H9A5	14.0369663877876	13.9426596342409	13.9478561300713	13.9616758033704	13.9738222047361	14.0538223953294
Q9H9A6	16.7676383427336	16.6931491370528	16.710378115457	16.7063835984042	16.7100467654862	16.6423127262054
Q9H9A7	11.0819343412729	11.0524480407282	11.0408849612201	10.8081917769052	10.9300315833902	10.9784078618369
Q9H9B1	11.3983398332387	11.3883663587932	11.4795283790121	11.261298131413	11.4741983728447	11.4603796204481
Q9H9B4	15.7305210625008	15.72656912122	15.747761269284	15.8130720588969	15.8319203257939	15.7219287623627
Q9H9C1	14.9875035695582	15.0238420785342	15.0742582662255	14.962401533374	15.003992351846	15.0625993325511
Q9H9E3	15.384725724806	15.3273854925842	15.4427105458182	15.4481463372251	15.3190049448616	15.4392778700669
Q9H9F9	13.5604589455976	13.5454612454576	13.4811513862591	13.6224948934131	13.6444563320709	13.5619380325453
Q9H9G7	14.1528402014285	14.0531114940695	14.1103022487473	14.1944053730112	14.1548225399241	14.1604213976684
Q9H9H4	15.0036276050229	14.969848295253	15.0702000248424	15.1362628820191	15.1325540067098	15.10029186099
Q9H9J2	15.5839542448133	15.6738928046695	15.5368001749795	15.6985623390226	15.6627124569805	15.568820474046
Q9H9J4	14.4273305516545	14.5482558795935	14.5567050272992	14.4209782721881	14.4162388166388	14.5266921992711
Q9H9L3	13.4311785509272	13.5762627478581	13.5297041323951	13.5022016620313	13.327740872274	13.594132524874
Q9H9L4	13.3471180206112	13.4085324857121	13.4661278936815	13.40354732282	13.3534919648204	13.4133687502227
Q9H9P8	15.5533410126775	15.5099574526421	15.5106651237388	15.4802656640467	15.5594636314756	15.4092032866248
Q9H9Q2	14.6942564722597	14.7401592675865	14.7000912372642	14.7418658041004	14.6858338175841	14.6494542840169
Q9H9Q4	11.8689025001946	12.2024650864144	12.2134049662203	11.9933651563884	11.9525273292384	12.1450417706381
Q9H9R9	10.0577034681166	9.91652158157067	10.1362484886178	10.0474519369342	10.1253810341877	10.36365128072
Q9H9S3	11.4404123405073	11.5823130987087	11.6126525844106	11.5678237326531	11.5641789879439	11.7033643352209
Q9H9S5	12.1062209266203	12.1917629707154	11.9189903728872	12.2277567198243	12.0961500735288	12.0329216320142
Q9H9T3	14.5972595196711	14.6641140360373	14.650893331605	14.6955935998739	14.7109844073795	14.6461650718796
Q9H9V9	10.3312200870695	10.2717042446638	10.3983183756354	10.5129770001569	10.3523800557502	10.5768624835948
Q9H9Y2	11.9585584051604	11.8699749531986	12.0478589176741	11.599169071809	11.5433427709232	11.8438018371836
Q9H9Y6	15.4448853035302	15.3914859511493	15.4345307446798	15.4293314053772	15.4785556271964	15.3965900238724
Q9HA38	10.9474489627453	11.0055917897645	11.027368942881	11.2331215004973	11.1506750936622	11.4818450136362
Q9HA47	11.4361923839614	11.2261543277788	11.4993398541279	11.1818418469541	11.2771947511883	11.2883609308304
Q9HA64	14.5398463344294	14.5119555253702	14.4678471300804	14.6069284362765	14.5430637848485	14.4982223802092
Q9HA65	14.0431169899966	14.077378460208	14.1432676096371	14.173966116019	14.2030916397934	14.1068170586374
Q9HA77	12.2998735835585	12.2429982154313	12.155582273202	12.1909967917157	12.3240740218437	12.3776156276859
Q9HA92	11.3405513867376	11.2169918335836	11.4091162501845	11.1914586417149	11.2892556731146	11.2967030282289
Q9HAB3	10.8918787010232	10.6485253125318	10.9283827627822	10.9708668123506	10.9343010986292	10.9594462464854
Q9HAB8	15.1397355285106	15.2323317385928	15.1579595096452	15.1483040070005	15.2355334878448	15.1834278466714
Q9HAC8	14.3179419274337	14.3194384907229	14.2061808986901	14.2830701040854	14.3714651104621	14.3752426603449
Q9HAD4	13.3874868980729	13.1839528703444	13.3158458102546	13.1977764486203	13.2996878106098	13.3368759429622
Q9HAF1	14.5792404274634	14.607865234036	14.5374416064764	14.6182484093955	14.6148018444574	14.5563583563008
Q9HAJ7	10.8150955144132	10.692210404791	10.7365138324264	10.6088031758087	10.6693856290896	10.495295344421
Q9HAN9	14.1171025063669	14.0661380207806	14.0806677616618	13.9958487248118	14.129027706683	14.0106179226836
Q9HAR2	10.5360093518673	10.5463865445525	10.2914312095698	10.6295262457273	10.6652898722603	11.0050607113292
Q9HAS0	14.0315554364177	13.9650299067134	13.9480346570202	13.9505433788208	13.868128272891	13.9715208151189
Q9HAU0	15.6774309070478	15.6713400145548	15.6254448144291	15.5962245507443	15.5702294848691	15.5857762560053
Q9HAU4	12.6632503306044	12.5127241608813	12.5227924588611	12.5441400675705	12.5137523220294	12.5201179844761
Q9HAU5	16.1093948433285	16.0913247113608	16.0911293197575	16.0412514592504	16.0382641235048	16.0926155458301
Q9HAV0	12.5014540918311	12.562717228385	12.4347411305607	12.5840641524281	12.499477517745	12.4243926343096
Q9HAV4	17.0811078721682	17.0013456932601	17.0088598213704	16.958272412569	17.0115138935192	16.9773255118696
Q9HAV7	15.8567644779344	15.8253301797565	15.838839479688	15.8604957396228	15.7744061768123	15.7464047373013
Q9HAW4	13.0476586340152	12.9888269331583	12.9507683937164	12.9762151349969	13.056507806316	13.083151244491
Q9HB07	15.4790062375146	15.4680306983932	15.455561241931	15.5079307311514	15.548565303011	15.4328983412302
Q9HB09	11.1972242307427	11.1041094909668	11.2168070695851	11.2581931140199	11.2834217741993	11.3767352416031
Q9HB19	8.72621556362744	8.77037333582661	8.96280309238436	8.75440849805561	8.5752562005073	8.80712026495863
Q9HB20	12.0029522583625	11.9643069698347	12.1702346868521	12.0887225095264	12.2244618487573	12.2980583078409
Q9HB21	9.22264347945392	9.52149299575904	9.48245909752009	9.7543604074194	9.49257520700908	9.59727988913698
Q9HB40	15.8741909798113	15.876104426153	15.908423250033	15.701279691355	15.7508760657284	15.6704425065693
Q9HB58	8.26021195066057	8.15054907475823	8.05621330476439	7.44032174284671	7.43875325406674	7.85618705641638
Q9HB71	15.4651299308593	15.5231997118451	15.4353717776652	15.4729144321498	15.4913639001451	15.3695134652426
Q9HB90	11.4809501993858	11.3749244486598	11.3339363291207	11.3119792463558	11.3414755996486	11.409562317129
Q9HB96	11.2778755411754	11.0400661904372	11.3211908046268	11.244008519267	10.7232082377005	11.0376224753377
Q9HBA0	6.60272731169973	7.33353043889942	7.22504470768378	7.2380021673669	6.79649676945451	7.25178730828599
Q9HBE1	12.9497373567594	13.0204531777573	12.9671930106558	13.1739773517721	13.1493800922763	13.1811551884351
Q9HBF4	15.6094167228316	15.6440449396055	15.6326343224053	15.6929747605694	15.7241389448594	15.6876325768834
Q9HBG6	14.4690504260598	14.4307325325251	14.8209530575925	14.4824378311548	14.4881904124647	14.4435974073546
Q9HBH0	14.460641485391	14.3523556986221	14.4216421368193	14.3862481074162	14.3641237865752	14.4114118221398
Q9HBH1	12.1742601365511	12.1226647047009	12.2336712396589	12.2837436068828	12.4094592991899	12.2165410236217
Q9HBH5	13.768269053201	13.849963294604	13.956092929937	13.967941559641	13.7884618025503	13.9087709944229
Q9HBI0	12.7047160901324	12.6335810361775	12.7956981936566	12.6531242149941	12.6076560552547	12.7448507505981
Q9HBI1	12.4441746851374	12.4758017453017	12.3311536395852	12.3592969065682	12.3936790066117	12.3660887283131
Q9HBI6	8.83688455633666	8.43823428165282	8.66213159123503	8.14426895831128	8.78894267707459	9.03148080992211
Q9HBL0	15.4952973642599	15.5173790619884	15.469995306767	15.5127270452309	15.5635937539745	15.5245704652979
Q9HBL7	14.5114847876412	14.6476006043012	14.4864400593414	14.6349672364436	14.7375365608378	14.607975565696
Q9HBM0	7.68332192335354	8.74855639509425	8.13372651879899	8.49686510641865	7.94452334208256	8.54937447936233
Q9HBM1	14.7749080412073	14.8241574002293	14.7818386753275	14.7608142487397	14.8008703974638	14.7020389278106
Q9HBM6	12.8988024281907	12.9405287485211	12.8954529349514	12.7855546754094	12.8608986198066	12.7443250536241
Q9HBR0	13.4498061173751	13.5819366052373	13.6189327857217	13.5854063008246	13.4815576942115	13.583347768955
Q9HBT8	7.39627920099999	7.63486725432492	7.80716763773654	7.38497964420978	7.46722247829551	7.04728845568695
Q9HBU6	11.9513646603865	11.9056539894287	11.9643173678669	11.581757836572	11.5474437429118	11.7845639802591
Q9HC07	13.1853751383124	13.2395296366598	13.1147612404552	13.3191186095375	13.1897734300574	13.2286586371492
Q9HC21	15.3802349445281	15.3575382067063	15.3930638337377	15.3319111794445	15.3265382743941	15.4044926542336
Q9HC35	16.5924857538027	16.5779509889031	16.5503269465545	16.5603973657682	16.3914609336967	16.5433546202339
Q9HC36	12.9036234114729	13.0176630373259	13.1287242391132	13.1252160033785	12.946077420369	13.0680225506543
Q9HC38	15.7863688321546	15.7942508914689	15.7462722128969	15.8890739355733	15.8701665079173	15.7983042571913
Q9HC52	13.6912138202187	13.6172955776654	13.576163077326	13.5949181704596	13.5996351637561	13.5636499401307
Q9HC62	9.91659407515582	10.1662406134767	10.2951899414931	10.0112849682267	10.0947120601677	10.2237560536537
Q9HC78	12.1939675393556	12.404324266072	12.0379359076985	12.3956205312993	12.1013647171813	12.0854623968974
Q9HC98	12.7507786322354	12.4294856400038	12.6229236395639	12.4189520183236	12.7582884155657	12.569158905456
Q9HCC0	15.8549203655198	15.8205308985041	15.7819082692157	15.8661597259739	15.8798223924909	15.7500914985093
Q9HCD5	15.3551006082484	15.3266847122636	15.2794106678607	15.3996711106395	15.4045757025559	15.3143586859101
Q9HCD6	13.4305897759058	13.4042019939422	13.4971466828594	13.2061850721533	13.151498318117	13.1863761510004
Q9HCE0	9.23638658645275	8.47482349265252	9.12988362828381	9.09794897586737	9.22643709138241	9.31897584375062
Q9HCE1	16.9554911975172	16.9835604679902	16.9730269201252	16.976749930385	17.0535226707694	16.9246198887964
Q9HCE3	14.5154113470001	14.5378577109724	14.5320334603779	14.5632597262441	14.6322685720365	14.6603303638804
Q9HCE5	13.6433190743584	13.6646073333598	13.7809632005538	13.6068291141627	13.5506214427575	13.631802472555
Q9HCE7	8.58023472922629	8.74921420352591	8.87483816076204	8.99020362399454	8.26743238348283	8.43219498049247
Q9HCG7	9.51823046669198	9.52408471269184	9.79646919174175	9.38847508281314	9.43918480993455	9.47042423227084
Q9HCG8	14.2464027508798	14.3066694526726	14.3442918750578	14.2485559695513	14.2227213266548	14.2442302001111
Q9HCH0	13.3033980366684	13.2662450111517	13.3429167224489	13.2543479048801	13.2716710330206	13.3520042848875
Q9HCH5	12.2631633561324	12.135363832274	12.3334654445412	12.128254653644	12.2146250250418	12.3038585728754
Q9HCJ0	7.3528866054866	7.47787637408695	6.49202264284183	7.21572750054636	7.01741956085599	7.05786276540784
Q9HCJ3	12.3258169194517	12.5355998585241	12.3684332230937	12.4223006232858	12.3928731067448	12.4679717310895
Q9HCJ6	14.2288306107639	14.3838071932792	14.6263149872806	14.4312301520535	14.2002552483508	14.3908823052867
Q9HCK8	13.8115525585248	13.8059106793177	13.9041407531964	13.7413371531342	13.7689916179242	13.8781785253504
Q9HCM4	14.0528677209747	14.0536528982855	13.9860976055642	13.9946710896024	13.9649100054518	13.9858849461496
Q9HCM7	9.77365307569306	9.44617772625339	9.96273059915327	10.057101234748	10.2081176088822	9.71164143790706
Q9HCN3	11.0258087335315	11.1494479208763	10.9198196002991	11.1756662135547	11.2585314996824	11.0234989525602
Q9HCN4	14.3881660752665	14.1887089300609	14.2953482619367	14.0662821211767	14.1390916164841	14.1499272457636
Q9HCN8	12.6258378113666	12.7478658063606	12.5481835663491	12.5494203819266	12.5328151507735	12.5554808845573
Q9HCP0	8.38335603540955	8.70199848131275	8.83999531574228	8.87115768559696	8.90217682443491	8.91748615610216
Q9HCS7	16.3853504410153	16.3348965597135	16.3984105183875	16.3016951668068	16.2769747242377	16.2762769136439
Q9HCU5	13.578699805099	13.6802102687683	13.7044678922482	13.7207938445453	13.7712766788954	13.8127593845828
Q9HCU8	12.2569481310581	12.3072132486202	12.2823445368258	12.4079016918759	12.4589018456761	12.2945711005334
Q9HCU9	11.2163911351389	11.1528993225635	11.3712760805874	11.273872123835	11.0522901531355	11.4468379200223
Q9HD15	14.3914701548893	14.567093971685	14.4870349656493	14.5971745124404	14.469241873075	14.4945481638992
Q9HD20	13.3611260778662	13.5443234226679	13.4639361088885	13.4767142141715	13.4212008323251	13.5127399545255
Q9HD26	12.4612607441615	12.3021435939876	12.4035218037911	12.6051857004043	12.5885843062104	12.645000091499
Q9HD33	14.9636556977123	14.9969549735958	14.984743923593	15.0151007988269	15.020430060235	14.9864314579919
Q9HD34	12.8646038135293	12.7662469944223	12.8773958430264	13.0824534581149	13.0712152216365	13.0526038281925
Q9HD40	13.9051588562944	13.905906302153	13.8262590357814	13.9148572456762	13.9213960344425	13.9296666981979
Q9HD42	14.3411637534248	14.3276437605906	14.5698213991104	14.4100147478029	14.5074642541587	14.4867607458806
Q9HD45	15.2252823217264	15.3011087808471	15.2113111833383	15.351437697384	15.4176856339386	15.2976671667171
Q9HD47	12.7050459471347	12.7755045246627	12.8164862005561	12.8181606883079	12.8649213267816	12.8967397362867
Q9HD64	13.0447967681446	13.1444625621459	13.2281209818199	13.2060225922156	13.1573541892445	13.2202135394721
Q9HDC9	16.6720954918573	16.599000922925	16.5150434712747	16.5748734176947	16.5860147897663	16.4925964253913
Q9NNW5	13.7456723712903	13.6000315235109	13.6957666895426	13.7034069247572	13.7715181384571	13.6228501919797
Q9NNW7	14.5394529659483	14.5926012251299	14.6498648613411	14.6295605485482	14.5265485695364	14.4957304058847
Q9NNX1	14.7444770318658	14.7260138520062	14.7502182697384	14.606831333726	14.6341850213716	14.6641050200826
Q9NP50	11.72797885263	11.9039837312623	11.644560099783	11.7371536822616	11.8812875272132	11.8083893848771
Q9NP61	15.3912895949524	15.5197620658646	15.356624445557	15.6646779864766	15.6919452988901	15.6351235246207
Q9NP64	9.30121098116236	9.70071036065495	9.40846703234973	9.54050296568465	9.36760460450717	9.62412774540338
Q9NP66	12.3582194826309	12.4241864861594	12.438911149409	12.3553891672706	12.4323366361618	12.3602718435118
Q9NP72	15.2651338247405	15.2797519680418	15.3063698870839	15.309642836921	15.3024616154845	15.256065439278
Q9NP77	14.3887520468562	14.4502974580328	14.5184009183611	14.3014284489523	14.5323816661439	14.4005811747638
Q9NP79	14.4291217081017	14.3284548488954	14.5129344007517	14.3826615769055	14.4263540407103	14.3019770176638
Q9NP80	14.1956825038153	14.2254088162226	14.0936874875174	14.1580776707164	14.1772894793759	14.2920077061376
Q9NP81	15.545387765227	15.5419753393752	15.474342029619	15.5153497249426	15.5639944226755	15.4808719604035
Q9NP84	12.2196819413197	12.2310515886309	12.1147938622371	12.2068985072741	12.2545363465882	12.4110107953584
Q9NP92	14.7478720574514	14.6145425905016	14.6484233194138	14.6301858312263	14.7386773370154	14.6375565494605
Q9NP97	13.0311558428931	13.0529476310624	13.1167221296098	13.0910616382525	13.3793550125411	13.1048906300108
Q9NPA0	13.738888205445	13.7382564290557	13.8437879618384	13.8655965762722	13.8698203470801	13.7886497608741
Q9NPA3	8.35737034386826	8.21828021669815	8.5781980395388	9.05941268464592	9.11563297789552	8.91199513901129
Q9NPA8	14.0236998832651	14.0231368441735	13.9561202406893	13.9030805334582	13.9193776554489	13.8638226921793
Q9NPD3	14.5668301913042	14.5808392343671	14.5592453348888	14.64771838941	14.669898546108	14.5375873148175
Q9NPD8	14.9720655045986	14.9981720146115	14.921315299484	14.8796839637737	14.9498278731508	14.9682196405323
Q9NPE2	12.785356861888	12.8482363505576	12.9058309577285	12.9314049385041	13.0719004421041	12.9338852120803
Q9NPE3	12.6759850186184	13.0203527904245	12.8705523106598	12.8619996637654	12.8225382095581	12.8399988826774
Q9NPF0	12.5518961742603	12.7145996843471	12.8383288797963	12.9731552294568	13.0200347168329	12.8933002294335
Q9NPF4	15.3320694986681	15.3792933327659	15.2187684548012	15.323215535761	15.3983899974974	15.2120512582441
Q9NPF5	14.2769381360517	14.5412569312831	14.2782518754316	14.4681275268092	14.3141637390485	14.4383956269414
Q9NPG1	9.9624966625061	9.84767876538836	9.76787791215074	10.3735867141147	10.1829097158415	10.2129641466785
Q9NPG8	12.1232498988772	12.3105919442616	12.2178158112938	12.1313162356067	12.1791469117741	12.0506940336648
Q9NPH0	11.4240897092144	11.4676363118081	11.1668592837184	11.5815048653209	11.3948260267756	11.5583939299562
Q9NPH3	13.4051825943478	13.4554904674977	13.4253708369564	13.5068312214387	13.608832217151	13.4405537607234
Q9NPI1	13.8186406782586	13.7320502708809	13.7652450970995	13.6965400063007	13.6117170093845	13.773620085815
Q9NPI6	14.0378073557436	14.0891770167113	13.9828743350137	14.0266913621281	14.2046810098919	13.9878032927846
Q9NPJ3	14.8671548520693	14.902277489803	14.7892036512941	14.9361118257161	14.9883541497213	14.8646294207668
Q9NPJ6	12.4856876372136	12.6132719898763	12.6380173668951	12.5012515169147	12.4972614621626	12.593818471581
Q9NPJ8	11.041607941386	10.8589020108804	10.9226249783274	11.1481297660974	10.9810808827084	10.9179880031786
Q9NPL8	12.7654025589627	12.6294663474278	12.707728715621	12.8531836174491	12.6428015590228	12.7653858378588
Q9NPQ8	15.5958135538893	15.5630101631387	15.5525619794088	15.6167943960091	15.6039387454492	15.4826790284036
Q9NPR9	10.6417199446475	11.3108558009438	10.9553462357761	10.8643261901336	11.1414634535599	11.1868081518713
Q9NQ11	13.5864632997769	13.4253404862198	13.6263807182006	13.6811775704723	13.8036017911442	13.7620014999707
Q9NQ29	14.8939296872132	14.955199705351	14.8988697451589	14.9782939370679	14.9839893209185	14.9007068461307
Q9NQ31	10.0988642265494	10.1329350772722	10.2306669990936	10.0731270364671	10.08046489318	10.0783206272758
Q9NQ48	15.4097378952913	15.4395373218038	15.4501046104073	15.6266380618559	15.5554819590252	15.4837301744647
Q9NQ50	12.6617918387063	12.6707753499041	12.5453036184349	12.7976168858685	12.8365652537931	12.8327631216416
Q9NQ55	11.7523145926526	11.3060872168625	11.8800910283957	11.7267131139522	11.6314856473137	11.6773472387755
Q9NQ66	10.5953620762434	10.1991747278773	10.5283822432349	10.3669969047543	10.1766802084393	10.6336554413119
Q9NQ84	11.2166188349592	11.3155969878181	11.4185025111605	11.2405221593454	11.417024566206	11.263521610556
Q9NQ88	16.0251602049498	16.0470202943548	15.9332804265477	16.04763488705	16.0710528346806	15.9505369305182
Q9NQ89	10.9194486440615	10.760102259416	10.7863791181864	10.9217735628846	10.7027253722761	10.7199802202836
Q9NQ92	12.196829645954	12.1936210726397	12.1205920687508	12.2041840784551	12.3404246863047	12.236804546481
Q9NQA3	11.8024868824511	11.9298297155247	11.9157510752326	11.9107691565001	12.0608884431591	11.8919890961657
Q9NQC3	15.7155071748096	15.7343992200304	15.7675275453262	15.7278077770291	15.6316442846934	15.6771629665822
Q9NQC7	11.3569705761547	11.2822083176665	11.180575599635	11.1649365462727	11.2974529153063	11.1556849681521
Q9NQC8	7.8074206810575	7.22112808579249	8.28365211164303	7.24184911217166	6.93112874368406	7.84321994624302
Q9NQE9	13.6326603555426	13.5641788483288	13.6460055050795	13.7150849464039	13.7155895230323	13.5628956067663
Q9NQG5	15.4804161863598	15.5090196630511	15.484924271636	15.5335555490844	15.5048937543402	15.419925648773
Q9NQG6	11.118493679449	11.2384373469957	11.3200594432049	11.2502230276715	10.950032510304	11.1847243494083
Q9NQG7	13.6756564634605	13.7586909345532	13.8116805008207	13.7228065006698	13.8986215899421	13.6958187572839
Q9NQH7	14.3912497385884	14.2911795678069	14.3012476885206	14.3472634881841	14.3326902632877	14.2398625308223
Q9NQP4	14.0419810253725	14.0819899885428	14.0081256816417	14.1674616790422	14.1983821832203	13.9969108580088
Q9NQR4	15.494152236693	15.522922622509	15.4527027536983	15.5745667490659	15.5763587742222	15.4732815701157
Q9NQS1	12.6055396279504	12.6967426171734	12.7867108602517	12.7365675139637	12.528850181719	12.7279918758948
Q9NQS3	12.2545284996825	12.2725353491933	12.2761517412049	12.3691706838985	12.4139945520048	12.2072881073952
Q9NQS7	15.2098275040308	15.3097190410535	15.2783920427127	15.384948581658	15.0585215485298	15.3713100755023
Q9NQT4	14.7512464369153	14.8054909819757	14.6099067192488	14.7632728198204	14.831843744531	14.7100618654929
Q9NQT5	14.712316341595	14.571988382239	14.7328935460449	14.5940876461954	14.6929141208404	14.5462737227974
Q9NQT8	15.8696859163842	15.8266834650033	15.8573727797256	15.863742123929	15.9494479929682	15.9114788573471
Q9NQV6	9.69355347037044	9.67696146081088	9.53913753036128	9.62010740634402	9.34745753420229	9.71766828959156
Q9NQW6	17.1418398325843	17.1586813893835	17.0816929508432	17.1659371965765	17.0633424018794	17.0681900155006
Q9NQW7	16.8406649420615	16.8466217168314	16.8164319194847	16.925442256463	16.8995811763729	16.8093307470302
Q9NQX3	15.5561211526932	15.5295927598029	15.5765915576132	15.6207389969613	15.594053916137	15.5082040369756
Q9NQX7	12.4813292783489	12.7876171867469	12.5405030355889	12.8547320953637	12.8480323832658	12.8813178161816
Q9NQY0	14.9725608503536	14.9886881298697	15.0246226105344	15.096189113803	15.0434189639573	15.0188798247594
Q9NQZ2	12.5865997025361	12.6176463676817	12.4617486837215	12.8094421466462	12.7327164145241	12.7561858483948
Q9NQZ5	12.4825392188156	12.5190691754353	12.4182804922031	12.3603979210598	12.384740119428	12.6788865940547
Q9NQZ7	8.33870344624191	8.37956064284689	8.57467321442498	8.77633036308548	8.63797216910215	8.82288193147128
Q9NR09	15.9232608121876	15.9575234634106	15.9703863436699	15.9263714246638	15.9295332316103	15.9847208368071
Q9NR12	16.257735266704	16.1884117862044	16.1578496854207	16.2461502710285	16.2400353171533	16.1535123164473
Q9NR19	14.0798353589644	14.0677695900826	14.0798851016492	14.0155740383895	14.0590254111217	13.995698654879
Q9NR28	15.4168337769533	15.343909882391	15.3885768449725	15.2686822806016	15.1964010175409	15.2464826602797
Q9NR30	16.1957819371755	16.2310136351917	16.1382656632432	16.6328560675754	16.1782587111362	16.6344871603408
Q9NR31	14.1991063289728	14.1078042427547	14.0978152099936	14.2962557650071	14.2293921579584	14.1471576116325
Q9NR33	13.052203208305	13.1196087767097	12.9347978131473	12.9218377951103	13.0509068102042	12.9424437534178
Q9NR45	15.7029201884667	15.775016387738	15.7103063333011	15.8791184886022	15.8931679948238	15.7831245650583
Q9NR46	15.4072422222524	15.384176761898	15.3503080429924	15.3687165561803	15.3980273634732	15.3636780403788
Q9NR48	12.9897438560855	12.9768620176636	12.9144548161594	12.8851746672664	12.3606645258345	12.6125123702109
Q9NR50	15.843480148655	15.7639506027793	15.8112774570854	15.8832982697622	15.8793048409185	15.7994325832461
Q9NR56	14.7508572441669	14.7812165553546	14.7600546984636	14.7565000912009	14.7503470587158	14.7048585085955
Q9NRA0	9.01727466352963	8.58007212241266	8.79311366878902	8.71228183497912	8.96204225270305	9.17140727891655
Q9NRA8	12.4472451168132	12.5816280502411	12.5037112372191	12.3118076955002	12.5563766373828	12.5872906547603
Q9NRE2	11.2265730383963	11.254359041564	11.0987399513473	11.0748610837346	11.4354043118493	11.1447231126557
Q9NRF2	10.4242786126176	10.5736752160849	10.3110732772746	10.2844015306987	10.4794116976797	10.5469913071265
Q9NRF8	13.5423068556601	13.4089588366407	13.4308905274655	13.4210779954849	13.4514374683648	13.4813093850108
Q9NRF9	14.9486522040106	14.7586452636212	14.8065371526246	14.9021389511418	14.8391757267351	14.869867885494
Q9NRG0	12.9219327580288	13.0289107730142	12.9689860276342	13.0088782465558	13.0287230648583	12.8674630292289
Q9NRG1	13.1786119845351	13.092731148332	13.1947646775079	12.722825548051	13.2963733453625	12.8176914374203
Q9NRG4	13.1388637731396	12.9794739460881	13.0714410095162	13.1694805614891	13.1860722083096	13.1239651823171
Q9NRG7	14.0011167418118	14.0383569386499	14.1401241689056	14.1315939588388	14.1914105369685	14.2111253408729
Q9NRG9	15.2468644742245	15.2992002120817	15.2404965741772	15.2550331770824	15.2266423477428	15.2099285129272
Q9NRH1	9.52120688868751	9.28672252792591	9.24163118389903	9.20105292391992	9.17204160608965	9.32876102818808
Q9NRI5	6.2981435227466	8.75773853071906	8.12892776479743	7.39735133311237	8.17826845508652	8.08541409695799
Q9NRK6	13.9908726267583	14.053199113709	13.9660470577058	13.8378654400944	13.9115929575586	13.9322649989589
Q9NRL2	14.2624779205462	14.4524016870109	14.2773907675362	14.4867709914734	14.1556652851108	14.5671546883309
Q9NRL3	15.3632951385777	15.4528292184032	15.4518091406097	15.5071957368093	15.5264286048383	15.346471912932
Q9NRM2	9.69038373251032	10.4287348257067	10.5653268485538	10.3746299530356	10.3041394483757	10.2383828820893
Q9NRN7	14.7110515098308	14.6418096333508	14.6896727227824	14.6683717733471	14.5799137597619	14.5606172076486
Q9NRN9	12.1190320916183	12.1630288918178	12.1873975711677	12.163657609357	12.2552889682427	12.1656906707411
Q9NRP0	13.1172234884441	13.0463020924733	12.8708337689171	13.4178796307765	13.3143385084199	13.0737477048716
Q9NRP2	10.9674196905912	10.8829446348066	10.6708821030461	10.9575539575059	10.5945356440129	10.9536367195418
Q9NRQ2	7.09623199274723	7.00356915206041	6.51008881326908	7.59368732394313	7.16935166875428	8.12335811022733
Q9NRR3	11.4413491330476	11.5537973763335	11.4775864749873	11.3387296584502	11.3092221050332	11.5593984151349
Q9NRR4	14.0605777195087	14.0936123510818	14.1797681382047	13.9534543395085	13.8415174960204	14.0740535248391
Q9NRR5	13.931212513457	14.0359302534154	13.9212211059307	13.9828304463012	14.0182891671663	13.8739553524444
Q9NRS6	13.1712410678693	13.1990226838555	13.080231796407	13.2350786210052	13.1837147557536	13.137885452064
Q9NRV9	14.9392790324979	14.8855962827385	14.9714421634853	14.9178173274558	14.9491772413442	14.8863670617466
Q9NRW1	12.1645691793342	11.9287795036809	11.9158971123476	11.9495110764147	11.9389194426619	11.9435366562977
Q9NRW3	9.95881309423483	10.0352269126893	10.0847254340421	10.0670607649984	10.014679012939	10.2067275993221
Q9NRW4	11.5743087677016	11.5080448270773	11.5084071709923	11.8319933273512	11.4526625378173	11.5613097876043
Q9NRW7	15.3798537613699	15.3801639176704	15.4123168242592	15.3327820281314	15.4673451484678	15.4963535193022
Q9NRX1	13.8868497929839	13.794113802728	13.9269426826992	13.6302486175695	13.5764020637784	13.7614810719119
Q9NRX2	12.786012820834	12.7984816498727	12.7613160188518	12.8346416654263	12.9806095916525	12.7823496163175
Q9NRX4	13.780066121291	13.7775742167033	13.7182800709028	13.9120217698085	13.8623169296545	13.7003644390368
Q9NRX5	12.3115838460809	12.4177521595547	12.4385280524196	12.7402934338759	12.4029995447469	12.6656070736428
Q9NRY2	11.1393016539032	11.0102858372035	11.041269474826	11.0601715387071	11.1175500236324	11.2143451655278
Q9NRY4	15.4446596133135	15.4365968390545	15.4626509018904	15.5090172303569	15.4664113747189	15.5316316635748
Q9NRY5	14.9999804920768	14.9524508749932	14.9591512503389	15.063972363394	14.9541452439289	14.9477219238128
Q9NRY6	11.2971325513266	11.4346658597542	11.1703225806478	11.305620974349	11.3799713308109	11.383620945876
Q9NRZ5	12.1708942750581	12.4292642174204	12.2368970583399	12.2901767004958	12.3449899606424	12.3141072000431
Q9NRZ9	15.8571443839995	15.7937008850849	15.7843383536099	15.685709926828	15.7933667598443	15.7553770786159
Q9NS00	11.6449382654786	11.5991664146069	11.6121766235753	11.6858520314692	11.8334546979034	11.5828153906148
Q9NS25	13.0492575654348	12.9541513842056	12.925250075041	13.103820958782	13.1691120667445	13.1302516368514
Q9NS56	10.8359095104532	10.7862894659065	10.49748950753	10.5562569438067	10.4555189433494	10.5774979450732
Q9NS69	14.7439840956378	14.6180077344089	14.7290276214744	14.7202502328963	14.8395884657165	14.6688754750081
Q9NS73	9.20578170737664	9.85667076153378	10.0599590861699	9.61471362041739	9.4009070601666	9.83775372229247
Q9NS86	14.4506626779175	14.4413889261849	14.3421471508009	14.4590290507503	14.355490116022	14.3710670863696
Q9NS87	15.7354934123527	15.7979897241424	15.8110094537035	15.7042007172773	15.736716115545	15.7059111188053
Q9NS91	14.5409436763721	14.6842021790027	14.4604355333947	14.4637732764966	14.378086417438	14.4470587861267
Q9NS93	13.367692540262	13.5064330343635	13.5126596019313	13.602171615639	13.6049761295292	13.6349141845351
Q9NSA3	13.3694475896524	13.3941679192637	13.286517718823	13.3810929304641	13.5336905920487	13.2926125366639
Q9NSB8	12.0522237860446	12.3993977103089	12.2495088240646	12.0082297257281	12.3216713181186	12.2591123516157
Q9NSC5	14.8595598941803	15.0103214903765	14.8561166364927	14.841638414834	14.8883925847524	15.0049434114266
Q9NSD9	16.3004049231023	16.3462188932668	16.2560879034547	16.3824847452525	16.3513716277569	16.2629047912892
Q9NSE4	16.8349883771606	16.8247992109423	16.8336331689326	16.8664560505789	16.9385442096388	16.8202954807453
Q9NSI2	14.029978549173	14.1591808322797	14.1027373131382	14.2147324171714	14.0747652263499	14.1750339421641
Q9NSK0	14.8574682559024	14.92983019272	14.8386987617804	14.9864181045746	14.9499191955479	14.93442119197
Q9NSK7	12.5826558734271	12.7052449847132	12.8193715635476	12.8345165668932	12.7574272771937	12.8437018971514
Q9NSP4	11.454176510653	11.2916148602377	11.2715063173003	11.0785150199408	11.3670177974203	11.2781225682393
Q9NSU2	13.464298157702	13.4907523563308	13.5039292099765	13.468818885734	13.5162717808147	13.4337418624414
Q9NSV4	14.4397701199558	14.4619002775072	14.4414475762017	14.3246352784121	14.4556840088129	14.4538339652674
Q9NSY0	12.939723473606	13.1050564652924	13.0217275174683	13.0429376862152	12.9951999862344	12.9423887531938
Q9NSY1	13.3560056803151	13.449713828585	13.5020261310107	13.4425838822523	13.5111091794833	13.4169629464237
Q9NSY2	13.1291205327426	13.1415177525896	12.7756197288277	12.9771649822011	13.0723519908063	12.977513499995
Q9NT62	15.1819495648411	15.1259541203439	15.0281827745504	15.1207415931927	15.1164009895393	15.0546282911756
Q9NT68	12.3442737953068	12.204281058696	12.1429213424495	12.221429968991	12.3258740670045	12.4202099159349
Q9NT99	13.9512377657874	14.0671345388168	13.9281943620851	13.9278406815586	13.9881771096564	13.9458638117506
Q9NTG7	13.0037441222299	13.089445333043	13.1282072193938	13.0392565498388	13.2452292525928	13.1622872959731
Q9NTI5	16.7058961264734	16.6488459794045	16.7107023050253	16.6785803212965	16.6255050173812	16.7667707907125
Q9NTJ3	17.2831216740121	17.2596471056544	17.3024406171455	17.2390171366987	17.254736804062	17.2340633173832
Q9NTJ4	14.1590085368224	14.0878475167352	14.1616147518856	14.0641691943388	14.1194623109983	14.1046017043775
Q9NTJ5	15.5646658104904	15.5713617345793	15.5689087854279	15.5476165586125	15.5187823701072	15.5744549606312
Q9NTK5	16.5943043100321	16.5695954728696	16.4757164127797	16.6637583943792	16.471989219526	16.3805377627867
Q9NTM9	8.72125443411375	8.83171674569146	9.02202846399845	8.92421950427507	8.65941274458397	8.58803660479461
Q9NTW7	7.14409800625032	7.43926447155025	7.36353256231111	7.71778397284307	7.53891224466422	7.5490592854549
Q9NTX5	14.9961695808735	15.0094727960216	14.9924760192079	15.1277922258549	15.0396469595342	14.9573978405272
Q9NTZ6	16.6754332102781	16.6584803642064	16.6197217397642	16.6378119542877	16.6291222666281	16.5288255345018
Q9NU19	11.8390187527704	11.9297380911155	11.6989362450512	11.8857894536537	11.9075659719578	11.5900934278369
Q9NU22	16.1081819366396	16.1398580771845	16.1789571043591	16.1327578282559	16.1802233719948	16.1928576822095
Q9NU23	11.4716499771803	11.1662341323524	11.3151163140761	10.7697871225134	10.6836019400303	11.3006402385468
Q9NUA8	11.7306711833592	11.7297298894863	11.7394238463554	11.9018056564428	11.7034740321054	11.6453994438131
Q9NUD5	11.7693334466106	11.8929778415654	12.0140294693934	11.8324186031687	11.9168171515613	11.6693578973374
Q9NUE0	7.94811263902224	7.93084482993423	7.42358900551746	7.67932760015501	7.49610894913835	8.2254665254099
Q9NUG6	13.8320770321314	13.8012930179228	13.7697716870659	13.7835079553644	13.8896066932174	13.9649568390054
Q9NUI1	12.1782443317329	12.4995434642962	12.3105749325873	12.2847428666023	12.3679028894807	12.3849117374245
Q9NUJ1	14.5433745125022	14.5427710225726	14.5025909605866	14.4927596161847	14.5889399259206	14.5494341176838
Q9NUJ3	13.6682266672141	13.5859878545966	13.7025449717243	13.6683712416286	13.7187404570287	13.6888515724157
Q9NUL3	16.4544235289934	16.4914321420198	16.4778293559835	16.525554731845	16.4594126506146	16.5060797162987
Q9NUL5	9.02447519947305	9.46389743446947	9.55634236218139	9.0507451659296	9.23258689182922	9.67336814030741
Q9NUL7	14.4952886609331	14.5119402249846	14.4170607609706	14.4755854792795	14.5886685538852	14.4792228967269
Q9NUM4	13.5618240537266	13.5365415299	13.5432216908285	13.698093366149	13.7318929812944	13.6571288483128
Q9NUN5	7.82818147052805	9.09808165486409	9.09382320001741	8.95185456226182	9.19223751799661	8.80163583111015
Q9NUP1	10.678445467012	10.8121423461352	10.9038236192789	10.3718741675051	10.6045353192525	10.729608352356
Q9NUP7	12.2843021231906	12.4618501151303	12.2932022619394	12.3769224266779	12.5347249225979	12.2848685791148
Q9NUP9	13.0392608972092	13.2376449580921	13.1256209567448	13.1025055441664	13.1560939572852	13.0221817915633
Q9NUQ2	11.5692444383335	11.6331989326796	11.7514210728203	11.8669418356096	11.8145324815885	12.0267378706631
Q9NUQ3	15.1432482032618	15.1767808081688	15.2215608932517	15.1678197950211	15.1431279575386	15.1270682077114
Q9NUQ6	15.7554764080347	15.781256227755	15.706475653802	15.803236819417	15.518005629713	15.730732092546
Q9NUQ7	14.3412648068445	14.2506082662437	14.1260021515979	14.2160207262925	14.1529075408063	14.2828336060391
Q9NUQ8	15.7998197045367	15.7372582601232	15.7739448586871	15.7474482644975	15.762782311531	15.6740540839986
Q9NUQ9	16.0982168333523	16.0901218838579	16.1143780831973	16.0688579077955	16.0489634034328	16.0150785215148
Q9NUS5	9.09405877753011	8.1761099147936	8.64144756600039	8.67540465763605	8.66615523132058	8.23411931292957
Q9NUU6	10.3751145910019	10.2496321534469	10.4116995825128	10.2817457892134	10.2033674510864	10.4586233407989
Q9NUU7	14.2901698583228	14.1479275377315	14.2311508367147	14.3059224649429	14.1472819210572	14.2138819810492
Q9NUW8	15.2481863346127	15.2823929546927	15.3115977770746	15.334895717583	15.21396599325	15.2294798085998
Q9NUX5	10.3262594482834	10.2978401551743	10.3221122084422	10.1689650188199	10.4178891169771	9.99695017734467
Q9NUY8	14.859534024637	14.8401926559873	14.7920037948838	14.8310953748437	14.8838101325833	14.7456050300274
Q9NV06	14.7906831571852	14.853869293483	14.8159771569403	14.9273728682809	14.8390376725813	14.9947269530024
Q9NV23	12.1440632514008	12.181054644751	12.3659082274744	12.3175584914076	12.4496853948728	12.5073511350908
Q9NV29	12.086868673269	11.9130883827516	11.9564024215269	12.2336103108677	11.777521884287	11.736468431459
Q9NV31	14.00654621165	13.9773367618889	14.0189098412542	13.9477115303206	14.1052633677896	13.9529535544052
Q9NV35	11.7158865353252	11.7645955448777	11.7201649927341	11.7717207435464	11.6856852660572	11.5211516983766
Q9NV56	14.1407025605072	14.0712547882427	14.1867669444816	14.2094587527852	14.1439170356751	14.1408879069399
Q9NV64	11.6258792909663	11.7959978283582	11.6195801113398	11.7647507285261	11.718982102086	11.9109870900875
Q9NV66	12.0982743856431	11.8904574387826	11.8894380061585	11.8888850179423	11.8829477238327	12.0746482427129
Q9NV70	15.8066499715255	15.8169899501615	15.8707917565004	15.8179265402607	15.7650824107809	15.7921946595862
Q9NV79	9.07817195931272	9.68177526254393	9.70495553561051	9.8194752378621	9.49852657477815	9.73344322658958
Q9NV88	14.1373573010753	14.1924839056628	14.139927025445	14.0654214931853	14.083394476491	14.1499048730558
Q9NV96	14.3136230617726	14.3143100674171	14.3290623915015	14.4795818913666	14.4632973314003	14.5185738489809
Q9NVA1	12.3418987555405	12.3636216767163	12.6044747677773	12.3222892159781	12.2979408716285	12.4194461576671
Q9NVA2	15.0768733367212	15.1076228515379	14.9687437484704	15.1729005690789	15.176208715758	15.0342042403069
Q9NVC3	10.2133835967756	10.6474392707569	10.4956267635128	10.5437528866985	10.5540475600108	10.76528408396
Q9NVC6	14.5068577208062	14.403973908119	14.4983368357348	14.3513674864448	14.418320598133	14.4691065311158
Q9NVD7	15.1562943482586	15.1677175502569	15.1590058833072	15.1501073267433	15.1415463245797	15.1280624789623
Q9NVE5	6.80006755914587	6.6399390852746	6.80101761927461	7.40709129067354	7.56099527928032	6.69706395087532
Q9NVE7	13.9687394047346	14.0379771249089	13.99247557536	13.895884887451	13.9659835137715	13.9385159703063
Q9NVF7	14.2442184654653	14.2441492316084	14.2512860643579	14.240364073378	14.1381964353652	14.2254980295036
Q9NVF9	9.42758201089608	9.26628431657668	10.0381079294761	9.65722387471188	9.84706986167429	9.48719267579577
Q9NVG8	15.4367355292024	15.3500923352261	15.3361863238079	15.362265155611	15.4258566724715	15.3435467784888
Q9NVH0	15.0359511678801	15.0848051531525	14.9967213853054	15.0263466396124	14.963391308215	15.0647648655916
Q9NVH1	14.2649127674273	14.3271757290025	14.3683381365997	14.3518211477856	14.32391131821	14.3720969555598
Q9NVH2	14.2377651235112	14.223233048149	14.2654918352196	14.2228614844204	14.2192281153673	14.1573717713695
Q9NVH6	12.5671261627986	12.5878495514705	12.5516555492066	12.5247677256224	12.480101707278	12.4642387122587
Q9NVI1	16.8844563226757	16.9343952080859	16.9190725698559	16.8140455846149	16.8246300634893	16.8310367435791
Q9NVI7	13.8322843564515	13.871322304125	13.8440605220308	13.6521222134887	13.7966731141698	13.6302254722705
Q9NVJ2	13.0201703430987	12.7855281097352	12.8073190342837	12.9974546595399	12.9816462288255	12.9139003339391
Q9NVK5	11.2036267120608	11.6320919023102	11.49838997258	11.2307613804028	11.5862447356097	11.4311501343165
Q9NVM4	13.5154912021602	13.5581666475883	13.5353878991725	13.510134063504	13.5982809374901	13.4955691190268
Q9NVM6	13.853520898781	13.9041391857144	13.788722204202	13.8382761557843	13.9736980859214	13.8227153422739
Q9NVM9	14.4912097309761	14.5033105038088	14.4113722708849	14.4025517722498	14.4501256670586	14.4029037778829
Q9NVN8	14.152556045191	14.2546524345118	14.0798366412877	14.2941711497333	14.2152695965435	14.2729508279239
Q9NVP1	15.4446246926421	15.3217482387756	15.3147929611755	15.5143342503938	15.2823236056463	15.5478399968969
Q9NVP2	12.1443682931698	12.2174610383104	12.0753620904455	12.1265867424699	12.1222608013023	11.9216110378674
Q9NVR0	13.0297329845037	13.0609681830593	13.1246509241845	12.8144308947845	12.9290329809447	13.0625567784718
Q9NVR2	14.879785422879	14.9475734596051	14.9598387749758	14.8055301705801	14.880384406619	14.8718574983718
Q9NVR5	12.4072064242513	12.442995430259	12.3297040673827	12.5424862881934	12.4077267905603	12.3315151949473
Q9NVS2	14.0608385454079	14.0745382198056	14.079547516341	14.1422619337047	14.0785753517353	13.9029529113289
Q9NVS9	13.9499483252902	13.8665008435664	14.0289251740919	14.0802793757877	14.1480209701214	13.9908992614707
Q9NVT9	14.4257954621888	14.390569124014	14.4700584869143	14.3796517076876	14.3909273239714	14.4433648221608
Q9NVU0	14.2572302167325	14.2927329448114	14.3237684071381	14.2918757619797	14.2152357516137	14.2769585924692
Q9NVU7	15.8042935235606	15.7440944854042	15.7382559924499	15.7667189213286	15.7071962894242	15.8655567770904
Q9NVV4	14.0890487263836	13.9275105921029	14.1089108448352	13.6854022919414	13.7040333032508	13.8680273288072
Q9NVW2	11.8931659350656	11.9790884534718	11.9784629278446	11.7430305783302	11.8290272366751	11.8904659961617
Q9NVX0	11.7034509391617	12.0574047260148	11.8615322777363	11.9283176682343	11.9643783350403	11.7566655374116
Q9NVX2	15.2207145024531	15.1599227053438	15.2438593245565	15.1541515423971	15.2295176621718	15.1642708343779
Q9NVX7	12.1639713257056	12.2690903737765	12.1212677143797	12.3828243880595	12.2709800756517	12.217163862085
Q9NVZ3	13.4039817675089	13.283896828699	13.4140238144744	13.2203670050602	13.1406141147289	13.2494047014376
Q9NW08	14.1386273397797	14.2004854428813	14.0998239732764	14.1199439618566	14.205763257445	14.1409191345218
Q9NW13	12.9513646603865	13.1452683487178	13.0045745944542	13.3277964904542	12.9028905950208	13.1866533781564
Q9NW15	13.3994030176352	13.1814843790626	13.3903498694949	13.2490616222458	13.2393139231406	13.4741712753457
Q9NW61	12.1337349480714	12.2145808441423	12.2728810508868	12.4700822636038	12.4583136783639	12.2574252550295
Q9NW64	13.8340771276858	13.8452459014683	13.9235787573514	13.9165612322672	13.8418799088046	13.8513504649572
Q9NW68	12.069430636044	11.9145513843004	12.0578431005103	12.0948125161039	11.8986301921849	12.103739051189
Q9NW75	11.8973048754182	11.9688844178606	11.9929220173533	11.8902716634243	11.5927545204298	11.6758002243239
Q9NW81	13.0946623328471	13.1358007728573	14.4332991759866	13.2181471934799	13.0595964222676	12.9999000815542
Q9NW82	15.7887905313317	15.839468627247	15.7784362969793	15.8117295139928	15.8195801114318	15.7860509522787
Q9NWA0	12.8451126916678	12.8600443904431	12.6644668383258	12.8744820627063	12.8860333246397	12.7941765034998
Q9NWB6	13.5391769568705	13.6027710098487	13.623548542997	13.6663460999648	13.3120280377008	13.5121954648282
Q9NWF9	13.5877074971374	13.6218149441656	13.6264573718878	13.4647735242726	13.6181058041321	13.5240256804395
Q9NWH9	15.8484620093693	15.9515664943158	15.9105341376337	15.990033239994	15.8860903791005	15.9565031458995
Q9NWM3	12.9146214864673	13.0497296938741	12.9985938995118	12.9555788102685	12.8617054710691	13.0308758623054
Q9NWM8	13.6860656607325	13.5213726614463	13.5224260850977	13.6016248468684	13.5929278408248	13.475234972249
Q9NWQ9	14.5900070043239	14.6010339688421	14.4612972026141	14.3817922485072	14.5996044721588	14.5424522954635
Q9NWR8	10.5706357415066	10.6420992919147	10.7265150211989	10.6189633531208	10.4229698782114	10.7147360766914
Q9NWS0	14.4859565510721	14.3898019385313	14.3365884888505	14.3825826276214	14.480473025841	14.3096776052957
Q9NWS6	12.222859225411	12.1262539980629	12.283425751456	11.8261330366308	11.5870990332162	11.9048418513162
Q9NWS8	13.8286897141067	13.8199702241942	13.9289663703451	13.8030980707653	13.7880439242688	13.9239906826963
Q9NWT1	13.149684569989	13.0184943636881	13.1950208123707	12.9929915727648	12.949527713824	13.1216295695524
Q9NWT6	14.3494752803949	14.3827254608512	14.3566247903944	14.3227818408054	14.3073033022167	14.2894600591919
Q9NWT8	10.1130748043326	9.81266414795203	8.36993188849445	9.282346258867	9.5550521219651	9.28627704025578
Q9NWU1	13.938548383094	14.0272328503495	13.9749520990637	14.0365072351445	14.0226340897637	13.983847446673
Q9NWU2	13.9385822248408	14.0318057241146	14.0387204563781	13.8711010439283	13.7586590778956	13.9871910565699
Q9NWU5	14.7154244037973	14.6559265280567	14.6057949256769	14.643841478415	14.5838633820144	14.6277391028604
Q9NWV4	14.3222581417092	14.4468408223918	14.3380961340342	14.4406500327862	14.4928430453088	14.3194308763743
Q9NWV8	14.6148494469692	14.5549246605929	14.6481077900201	14.6169144419608	14.6038189789779	14.6227129098252
Q9NWW5	12.1713718041762	12.3775075494776	12.3052589991849	12.1945929438297	12.5113780995891	12.3804553394844
Q9NWW6	10.6170031879642	10.5029731172558	10.7062204724606	10.6214263414116	10.9273153853107	10.6485249065626
Q9NWX5	10.9937244469545	10.4408941025774	10.5538228069406	10.4438567666523	10.3993320548102	10.7532492558226
Q9NWX6	11.9503315242787	11.8382439862043	11.9317790333813	11.9578289398838	11.8134925908855	11.9271262874135
Q9NWY4	15.1249971639276	15.0580327216466	15.1494452465768	15.1196589310594	15.1317488071071	14.9921489142444
Q9NWZ3	13.2068801822544	13.2651470501012	13.3234607493118	13.2602175824355	13.3599486848405	13.2192371333218
Q9NWZ5	6.41738278014446	6.99425314557752	6.32743239060715	5.74173421541022	7.01833192116943	6.26627895863098
Q9NWZ8	10.5685540379945	10.9888177716367	10.7723269831222	11.1096566075861	10.8625206916065	11.0599351749397
Q9NX00	8.71290613014857	9.54638654455247	8.98418825647254	9.02474473600127	8.65576908043232	8.54055814809803
Q9NX01	14.6620440125009	14.7267056391041	14.6888446597089	14.6866350632411	14.8499688481273	14.6740528293682
Q9NX07	13.2841969998619	13.2077172494529	13.2834837959155	13.1247122974819	13.2305708516689	13.28194742363
Q9NX08	13.6840566201957	13.5859066987346	13.6091855693639	13.6210560622283	13.6027411611102	13.5104888146539
Q9NX14	15.0055210401975	15.0048635319314	14.8996576017103	15.0499070532577	15.0594656175683	14.8742061212196
Q9NX20	12.7775217485381	12.930440396257	12.9255681133086	12.9807988535589	13.1332838220784	12.7043278610534
Q9NX24	14.3953735037207	14.5091809538978	14.3099831026862	14.5101755978878	14.4763636596698	14.4790879029335
Q9NX40	14.3661323573512	14.4526801016583	14.426368700973	14.6177049472845	14.6300941703713	14.4193988583988
Q9NX46	15.8695326537342	15.8262241364674	15.7734825722298	15.9421907585323	15.9390923851153	15.7945299365305
Q9NX47	13.6225759881402	13.7393164247899	13.5730778183836	13.7839094826917	13.6510462963918	13.7197254668329
Q9NX55	12.5084214748642	12.3703802050638	12.4815713995503	12.3398064132345	12.3868095591391	12.3980433750695
Q9NX58	12.8441812246472	13.0623514048979	12.7236344425199	13.1835914772	12.8920897471168	13.1353740072313
Q9NX61	10.5952152008304	10.85392914849	10.7038282877916	11.0533339546339	10.7158141206592	10.7040958871191
Q9NX62	14.3260853464053	14.1957569992482	14.3129661295754	14.2116605845676	13.9992162154406	14.2746053878977
Q9NX63	15.0543674067757	15.0627957925855	15.0555404772683	15.0901922523683	15.1557852052365	15.0798097726761
Q9NX70	13.0911513819091	13.1515937383117	13.1934277179558	13.0818276071398	13.1841340459711	12.9471343827408
Q9NX74	14.8056408416811	14.753750640262	14.750572602583	14.7995368934532	14.820631742336	14.7618244243801
Q9NX76	12.1199944448106	12.039471897734	11.9822370408204	12.2135777846546	12.1237628877954	11.9226252110094
Q9NX94	11.9860827584129	12.0528873388124	11.9418954968898	12.0583343606633	11.9970170698329	11.8526500860771
Q9NXA8	13.3914758478532	13.5091681790427	13.440216042852	13.464374243352	13.5583034132883	13.4624708557181
Q9NXC5	15.374823912037	15.3725889210351	15.3684879462921	15.3749743822125	15.4311307529325	15.3093093117336
Q9NXD2	12.1956489697081	12.1665613927469	12.1869477057728	11.9107080255829	12.1584322809313	12.1570213544821
Q9NXE4	15.6252379521766	15.6062331568615	15.6367326284489	15.6456802321187	15.6637054057718	15.6302539252481
Q9NXE8	12.5770831573196	12.6558463277342	12.6016213319801	12.7471487351786	12.6244747536462	12.803329021105
Q9NXF1	15.4443816746635	15.465094534643	15.3795550138472	15.4380787553272	15.4325068707309	15.4446344575194
Q9NXF7	13.4044009615685	13.5776242196928	13.5602068964837	13.6125464675516	13.7599485440033	13.5491906246184
Q9NXG2	14.3412732276433	14.3857205415769	14.2065214960552	14.2598640418488	14.1522279954136	14.2422318263776
Q9NXG6	12.9397968849932	12.8537319696714	12.8844985012191	12.8042193010289	12.713918591252	12.7391764924109
Q9NXH8	13.4583644520692	13.5892339768239	13.5647693424563	13.4404457944119	13.4865774400034	13.4079385827957
Q9NXH9	14.3201559100953	14.4388078179726	14.3237592348032	14.5275444804628	14.33391287522	14.2761693028976
Q9NXK8	11.1206304239241	11.0062653726654	11.1012118157067	10.7971773345184	11.0763882879757	11.0978700643135
Q9NXL9	12.1862248709883	11.8637059279921	11.9332448183612	12.0608975893656	12.3493016720477	12.1174061707709
Q9NXN4	14.0466612415933	14.0312016128582	13.9921541936229	14.068346825612	14.1595906906087	14.1258024802405
Q9NXR1	13.0786872425488	13.2087622450447	13.1364734502543	13.2553436558222	13.1157257825207	13.1881357095146
Q9NXR7	13.4007337255426	13.5149423658901	13.4882548903674	13.4682362606796	13.541523713615	13.5451321984042
Q9NXR8	12.5489241276016	12.5530689088957	12.5980856699835	12.475734974996	12.5406133241362	12.478446653541
Q9NXS2	12.7817484627303	12.7779517478684	12.8509802466691	12.7479057447098	12.7961680275231	12.7558520575941
Q9NXU5	11.3608303649957	11.3508844887006	11.5235789875027	11.5421102702289	11.4572581104542	11.3147588476795
Q9NXV2	8.64964080578443	8.70142612522654	9.17846090120898	8.76758884150507	9.07920243782674	8.89746035589317
Q9NXV6	15.6632297844669	15.6721977220353	15.6696943188664	15.6637808512462	15.6037638144681	15.6684762719481
Q9NXW2	14.8746937457667	15.0443683883292	14.9910905488659	14.7773922227068	14.7490213063751	14.7498729581637
Q9NXW9	12.9782253706617	13.1489691812254	13.1202703762413	13.0843277895575	13.1337151024724	13.0677704574478
Q9NXX6	12.3771366577094	12.49063460638	12.4265513707534	12.6077676847809	12.4697815996992	12.4296860772279
Q9NXZ1	11.5931913174889	11.681040607318	11.8749036508686	11.612950984732	11.5925886237398	11.8481069565656
Q9NXZ2	12.5682950526648	12.4708146282585	12.3883677136621	12.5791062114146	12.5882216651203	12.6393399456245
Q9NY12	13.097394556571	13.3264414974422	13.2017258362486	13.2493218469576	13.3749109682743	13.2411713074753
Q9NY26	9.14276900272311	9.26427534564759	9.22049224045182	9.7645199361558	9.52448189031424	9.37393020887396
Q9NY27	15.9998671379398	15.9872734531274	16.0153539963426	16.0214708523448	16.0186062687907	15.9531163110476
Q9NY33	16.491301182284	16.4761994611753	16.4627273161239	16.5260793109585	16.4467598983019	16.3608242534309
Q9NY35	12.0388316555425	12.1300869377932	12.1037583468154	12.2101309781787	12.1672195244757	12.1859637298156
Q9NY47	7.67949028791803	6.82078979573594	7.09656389309959	6.38494651079742	7.008672229101	7.29728699708567
Q9NY61	14.993241139029	14.940505538528	14.8625389551815	14.9715534601407	15.0347790129153	14.901602091429
Q9NY64	10.1468602682285	10.4559239773844	10.3390780167617	9.94147238840577	10.6642135149563	10.2534003997002
Q9NY65	12.7270381844266	13.0289767088611	13.0217083800169	12.5284845019791	12.4828699256491	12.8277967013214
Q9NY93	15.297710422815	15.3436442430915	15.288548242849	15.3266096575183	15.3409841080657	15.2531363794399
Q9NYB0	14.2861956589801	14.202383708939	14.1750945441966	14.1876595317969	14.2687827590202	14.1177929083588
Q9NYB9	12.046219112205	12.3707233482855	12.2341908586355	12.1712632492021	12.1886369025199	12.0775195143826
Q9NYF8	16.1552996371628	16.2443639376866	16.2464469740397	16.1804700682186	16.3001904783389	16.1414669596973
Q9NYG2	9.5548504916691	9.99874398332126	9.60657344977668	9.58083608483735	9.36712722023449	9.40537984749901
Q9NYH9	15.5510032733812	15.5716190325277	15.540355188504	15.5175048690752	15.5503048746119	15.6279505228897
Q9NYI0	13.0084310500898	12.9770578454954	13.0707971087085	12.941727576138	12.8854257607971	13.1730360377815
Q9NYJ8	12.7186144716508	12.6049758346124	12.5755410066466	12.6751993395507	12.6400112503292	12.6206052377398
Q9NYK5	15.2862770174415	15.3283840680866	15.3003508652441	15.2753457781415	15.320821946573	15.309237257348
Q9NYL2	14.3000217631406	14.3547612587475	14.3832229935868	14.1667293711603	14.355806580963	14.2773913946083
Q9NYL9	16.3107493764185	16.340313856741	16.2247953599437	16.2853798803002	16.3431603691994	16.2711305571388
Q9NYM9	8.6950935604212	9.5086276990535	9.4360289118745	9.86325630530936	9.40597041251184	9.43388413023768
Q9NYP3	11.3756738197594	11.545375285809	11.5970351893364	11.5472453453125	11.6888165637355	11.5059714586886
Q9NYP9	14.345326342071	14.3185435891084	14.3711948362452	14.1304920086437	14.2583779927832	14.2487888915296
Q9NYR9	12.1179904557892	12.1494872622765	12.244687236497	12.1567668632637	12.3848383805965	12.1455341036657
Q9NYS0	11.9617869916845	11.9885905472864	11.9730891135773	11.856469348363	11.9367629274093	12.0376162343759
Q9NYT0	12.3716689108778	12.4722727331785	12.551951933236	12.132960195615	12.3135438142187	12.5073353619354
Q9NYU1	12.2677670382064	12.5168496871409	12.47059836987	12.1187256736973	12.1215091711773	12.3626004161562
Q9NYU2	17.7241657802693	17.7192868950645	17.6984060202392	17.8317037856638	17.8464851839995	17.7683890546548
Q9NYV4	13.4000539728519	13.6042835260733	13.5431892941424	13.6824836714401	13.5115007285186	13.6471563045036
Q9NYY8	15.7905570387859	15.7142489782157	15.7544464715086	15.7427157375416	15.8005350546029	15.7003432492285
Q9NYZ3	12.6306552885554	12.6387634175401	12.6247207964869	12.5890972439	12.4547234641701	12.706084147744
Q9NZ01	14.7363597492154	14.7953693947372	14.7402191601966	14.7653921771661	14.7264550323739	14.6985251879533
Q9NZ08	15.8748412254557	15.923932668599	15.8886311921217	15.9307951053476	16.0212399781467	15.9239913157322
Q9NZ09	11.7733734913704	11.4210421674817	11.380368326159	11.710836931179	11.7744875090642	11.4903060558961
Q9NZ32	15.9353295129076	15.8694630278064	15.8368404923178	16.0084269589902	16.024073974191	15.7998233678663
Q9NZ43	12.9422995348439	13.0627936166815	12.8653764121898	13.0565195428345	12.972153873919	13.0763868801627
Q9NZ45	15.4885874328685	15.4945543274302	15.541137361364	15.5785874105175	15.6041508185091	15.5233171926268
Q9NZ52	13.5851867407025	13.4665735607335	13.4613908452521	13.5819272121694	13.442315872596	13.6100865427183
Q9NZ63	14.7121392277631	14.6758932094288	14.6730282320372	14.7129655955353	14.7778834295814	14.688788486223
Q9NZ72	9.63560231472539	9.58727362626479	9.67019857376687	9.62181300041661	9.74861379815571	9.71782409155729
Q9NZB2	16.7778093968021	16.828534291412	16.8025382174666	16.7599509616167	16.7617093939558	16.7944082877742
Q9NZB8	12.2601324939259	12.367121906084	12.4704275668872	12.2173275117453	12.5090991307937	12.4816018835323
Q9NZC3	11.3150386808549	11.3991716210214	11.2762159127106	11.5741584183324	11.4854541582447	11.5002629091016
Q9NZC7	11.2432526179421	11.4221824018557	11.4039997379716	11.5129959500733	11.3925066397503	11.4957678854599
Q9NZC9	11.3333147371024	11.5181706178717	11.6096092741309	11.5533437880228	11.7158961389025	11.4515533422232
Q9NZD2	12.863471435666	12.6930788517187	12.7835664866076	12.8276384344814	12.8359544599479	12.9119747125796
Q9NZD8	14.2287960176682	14.2760344334667	14.4177352113879	14.0833614171766	13.9967920686007	14.2046723907955
Q9NZE8	12.4510334101325	12.4427493182801	12.4463910909483	12.1981506904922	12.1532558460368	12.0729988569609
Q9NZI7	12.1102588871074	12.3921535337712	12.4101294039761	12.4141757920982	12.2990257871549	12.2283237492435
Q9NZI8	13.1486667644489	13.2198203878393	13.1438296170678	13.0677349811156	13.1668567177959	13.1869066355908
Q9NZJ0	13.7289124712453	13.7948402508626	13.7766469148199	13.8350491081672	13.7669131149904	13.879193210248
Q9NZJ4	15.1003387697583	15.1267873764487	15.1031225463943	15.0573461088816	14.9320729458537	15.1398163187915
Q9NZJ5	11.9286468256783	11.9629085125464	12.0044795208082	11.9712254789592	12.1063132983337	12.1934085481876
Q9NZJ6	13.7250530378629	13.8368694428664	13.8536851175464	13.6289180545842	13.7544966966823	13.6854429558644
Q9NZJ7	12.3489116649909	12.4916720279576	12.4408979725092	12.5647830474072	12.4371110263026	12.4409041896027
Q9NZJ9	13.0244563198604	12.9817387088429	13.0632540420442	12.9971871278632	13.1831936496143	13.0158291295964
Q9NZL4	15.1015920910299	14.9843762932678	15.0522478513584	15.0573436725277	15.0841881590389	15.0351813706886
Q9NZL9	15.1624503473017	15.1915615856645	15.1559607860676	15.1735930393297	15.2877847609559	15.1875047797535
Q9NZM1	17.1945196961402	17.2372213178598	17.1970806773421	17.2717403649785	17.2739059889496	17.271099950993
Q9NZM3	14.8381823998418	14.8155776936379	14.8134392910737	14.7358547654477	14.8423799784303	14.8609550246629
Q9NZM5	12.8725010076725	13.0097351320009	12.8094752144514	13.1432562304429	13.0752851396399	12.8610692060667
Q9NZN3	11.556534302825	11.745614227545	11.4772262001915	11.6924474934241	11.8545037919932	11.7027032596766
Q9NZN4	13.2552937849658	13.0897938988423	13.1566965211468	13.0599818626094	13.304842492164	13.1048072347375
Q9NZN5	14.3542166666579	14.3397545624794	14.3030539797095	14.3035635512006	14.3473182463806	14.3856688650666
Q9NZN8	13.0945052728873	13.2438558986233	13.3396354231286	13.1921969984603	13.1711516894729	13.2294811745522
Q9NZP8	12.8748019571887	12.7999924490733	12.8665780282474	12.6640749452615	12.5937239964304	12.8310357308303
Q9NZQ3	13.4060507577426	13.4363033779362	13.4012634937138	13.3492317067737	13.4223926033755	13.3020879487119
Q9NZQ7	11.0510956930191	11.2755906588754	11.4505405441868	10.6340184299626	10.7727689471409	11.5890845456795
Q9NZR1	9.05127690610595	8.2759270690532	8.22485127803398	8.75078117429353	8.83215815227036	8.18645918401105
Q9NZT2	15.7637124094466	15.8011625964175	15.7887817549327	15.8374937156259	15.8432647395396	15.7424512981157
Q9NZU0	10.66640758779	10.501288853431	10.6193317933994	10.5876989240446	10.3233077452547	10.5153775381496
Q9NZU5	16.0342103177144	16.0405751684403	16.0358110382866	16.2019235954403	16.0764915223148	16.0030996726658
Q9NZV5	9.661883543368	9.60369617843708	9.72997777070847	9.75213044827887	9.74930086487742	9.54727188474562
Q9NZW5	15.4811635581975	15.4020729359076	15.4305082430453	15.3481460335718	15.4226117856401	15.4048120340858
Q9NZZ3	14.693057997802	14.6769739702517	14.6092585110186	14.7368540360097	14.7300967882159	14.7045219631178
Q9P000	12.0380505109721	12.2008556466212	12.1443985964059	12.2561505172222	12.4138019551296	12.2571572803941
Q9P003	14.0433989004655	13.9086788336418	13.8687800069666	13.9593630059117	13.9257173153674	13.9264616262529
Q9P013	14.1917782790769	14.2848860292326	14.1921946412342	14.1635021895369	14.2235123587826	14.1582366781915
Q9P015	15.4957222497951	15.5146550956103	15.4551149058577	15.5805366147167	15.5727781871879	15.4322753904118
Q9P016	13.7126900325293	13.7734286681618	13.8522066266678	13.5086522840279	13.4738473757494	13.5630311123646
Q9P021	10.4790655550409	10.5733819953175	10.3262878844134	10.2795864822538	10.438295057885	10.4168261977374
Q9P031	11.2363141383627	11.3770316203859	11.1403565392053	11.4161580978663	10.964345458722	11.2170481336843
Q9P032	14.2165867020819	14.1050590009962	14.245323596773	14.2058929174587	14.2335672586776	14.0990255878897
Q9P035	14.1778369761523	14.1850224124501	14.3188641864072	14.1711604328229	14.1485831466329	14.2801872713359
Q9P086	11.9841438839733	11.9679923969907	11.9895138466629	11.941965124147	11.9298497646026	12.0256779176653
Q9P0B6	11.5901558281928	11.5433556296118	11.6931714051982	11.4549961773312	10.9219759442891	11.2975893166548
Q9P0I2	14.5194515654658	14.5564757894519	14.496910286576	14.5235279037821	14.6123392250087	14.4827288820548
Q9P0J0	12.0834615209127	12.3127102309018	12.0643878504159	12.139118391015	12.3597899773951	11.9790189611933
Q9P0J1	15.891274626894	16.0083452468383	15.985151722943	15.9906059992051	16.073619880905	15.9344362753096
Q9P0J7	12.2370420762716	12.5339934614303	12.1253343872935	12.2536095007035	12.2688147052642	12.1782708436741
Q9P0K7	16.8056654071824	16.7971203411295	16.8012701290198	16.797237513315	16.8250984685676	16.7779501497604
Q9P0K8	11.3107928099817	11.5429164165715	11.7137352009349	11.0919546832056	11.4050599320165	11.6277805602101
Q9P0L0	15.7229556072342	15.709195839924	15.652577358682	15.7915373622043	15.656762494704	15.609348498204
Q9P0M6	14.9673858638673	15.2382500803337	15.1023466300852	15.3367948921422	15.1756767267656	15.2603489716133
Q9P0M9	14.5872318177697	14.5894315571579	14.6603866116732	14.6940629303545	14.7592475812241	14.6617720718233
Q9P0N9	12.7772802601757	12.600167062223	12.6287699396636	12.7494044982939	12.8023572112555	12.6578710231952
Q9P0P0	12.3105416512981	12.2967127016796	12.2715033909383	12.3892521319989	12.4663452131121	12.3830512561387
Q9P0P8	9.19687432134763	8.80422595086149	9.35712678636825	9.06052812710078	9.07045636850884	9.2927759608563
Q9P0R6	9.54339500846956	9.71835735602772	10.0498940474177	9.62779300118622	9.86126414225942	9.4941224104705
Q9P0S2	11.9622820458096	12.1755691117767	12.2638041009995	12.2134786690247	12.012124096142	12.1573918746748
Q9P0S3	10.7510322037346	10.6464732134667	10.6708909779199	10.8345355219137	10.7741499619667	10.9577124398654
Q9P0T4	9.53966580922673	10.4385348297034	10.1954404049538	9.85017542227977	10.2444185668786	10.3537598462143
Q9P0T7	10.9824689315835	11.0962051107884	11.2027881427356	11.2203191315028	11.0558368337809	11.5274806955469
Q9P0U3	13.430596424707	13.6185656016636	13.4693551250067	13.4080035969098	13.530583143606	13.5168411545176
Q9P0U4	13.7500683948425	13.9628040399951	13.6938212100372	13.8353029910287	13.6186699163499	13.8938476199273
Q9P0V3	15.2451886172053	15.1907892163665	15.2309300071676	15.1162474155749	15.1494072038262	15.1367963365567
Q9P0V9	16.0218572296859	15.9771518241779	15.997278440235	16.0467957831094	16.0679054843786	15.9939630709935
Q9P0W2	11.9995670398733	12.1353936278816	12.0408883948307	11.8926513956774	11.5346496430424	11.9538483854584
Q9P107	8.4657047799523	9.09178969517861	8.77483131108748	8.58043828455535	9.11747906734601	8.80460219513537
Q9P121	14.9264083439094	14.9417805874553	14.838513585725	14.9009809072767	14.9340073440494	14.7861579848582
Q9P1F3	12.123171540512	12.2026294075172	12.0439376463854	12.1440334324935	12.166082234564	12.2339314043904
Q9P1Y5	12.528973161096	12.5330237377534	12.4884890583422	12.5774376895953	12.3130972517067	12.5618328016047
Q9P1Y6	9.45834426466677	9.43619319284599	9.02124900500901	9.25203505567579	9.34786082580497	9.13963824907479
Q9P1Z2	13.1746250252025	13.1488904690906	13.275361030703	12.925727431079	12.8810924940625	13.0506847566488
Q9P206	14.6773491910915	14.7978945608035	14.7219982016457	14.6822227986108	14.6748120376408	14.7769502058688
Q9P209	9.48329644289673	10.0493800963371	10.7842640056604	10.4162594213935	10.4071899432013	10.386568931376
Q9P212	8.17834992366616	7.35334017921954	7.84528984671554	6.93407523917005	8.24205564256386	7.67925267475886
Q9P215	13.3787457091122	13.1956482538196	13.3981682814028	13.4288565947798	13.3318113284631	13.4052153920566
Q9P227	10.1648470778746	9.71377602709481	9.98403111337738	10.2441455154173	9.96754541224917	9.97469931294557
Q9P246	11.5480313183815	11.4643118212768	11.6516647655605	11.435667840377	11.6448030600341	11.5185872639299
Q9P253	15.549227440271	15.5892777851959	15.5978592977036	15.5341301874781	15.4597504145397	15.5926072409336
Q9P258	16.9820446236649	16.9801010736901	16.8923345484628	16.9139079594469	16.9361630551392	16.91110163787
Q9P260	12.8424621351375	12.7457942230032	12.7935476424497	12.8276974750379	12.7411710177163	12.7970771246598
Q9P265	14.9806228295561	14.9905423185686	14.8792304802286	14.9072819052258	14.8953395350216	14.8486161810679
Q9P270	14.8262195094717	14.8530829000647	14.9264874261324	14.8825474394183	14.9932239248763	14.9675122273585
Q9P273	15.2955919057049	15.2523455952813	15.195291556111	15.2453550834256	15.2108873330085	15.1894013062817
Q9P275	13.5324748946165	13.6195730062417	13.5911629408257	13.499803610724	13.5024930102088	13.6509400437685
Q9P287	15.7125018971019	15.6745738686638	15.6759626252957	15.7210389156336	15.7291685876429	15.6041086385682
Q9P289	14.7757677359498	14.7364045532391	14.7199006942886	14.7494235998666	14.7692805065167	14.7338857605228
Q9P291	12.118426855164	12.0353262703856	12.1429181432889	12.3501216677738	12.3579967453127	12.4332959991431
Q9P299	12.1237042934873	12.2780338551355	11.7236472768383	12.1607939914899	12.0383904230185	12.1409808614743
Q9P2A4	12.5602144201555	12.5691431911764	12.7478517207134	12.6678245313409	12.734118933397	12.5336847006572
Q9P2B2	15.8127127478472	15.8542985347321	15.7971640592088	15.780348043499	15.8071235798034	15.7347377014656
Q9P2B4	15.020900978896	15.108070382537	15.0746079927912	15.1021631193823	15.1345878679807	15.1495306200351
Q9P2B7	10.8302181715966	10.7856314752788	11.0601420544905	10.4547199709376	10.4725858524587	10.8272787197609
Q9P2C4	12.3981585120433	12.4504524761114	12.1276415168403	12.5275843441841	12.4457792920271	12.6063338941822
Q9P2D0	11.3420468893163	11.060406850925	11.0290939463407	11.4521823176108	11.378807501121	11.4396247713675
Q9P2D1	10.7662658651632	11.1079813935568	10.8143043236997	10.9172630262461	10.7144151871163	11.2852365934486
Q9P2D3	15.0015039606198	15.0680865773316	15.0971355060859	15.0069992132607	15.047974041549	15.0633965485952
Q9P2E3	13.8778471635618	13.9196977219628	14.0369980283287	13.781460294079	13.8859369994411	13.9626183946596
Q9P2E9	17.275517334702	17.2502762174124	17.3706718442966	17.6013796523354	17.399607668132	17.6089348392881
Q9P2G1	12.2973617484277	12.5236168270415	12.4475545557989	12.4762987869141	12.3373231976877	12.6702175989558
Q9P2H5	10.9702191021437	10.9399109512099	11.1645731049077	11.3370715418058	11.0023073313281	11.1764155967513
Q9P2I0	15.1817017478128	15.2935739067628	15.1791782342731	15.2309507641843	15.2838843997629	15.1733683856352
Q9P2J3	10.3423700374957	10.3710832796891	10.2027022048196	10.5814416155767	10.5358093978313	10.5536054134517
Q9P2J5	17.0622286805424	16.9899756704174	17.0222525022779	17.0920617163239	17.029363747438	16.9949844032425
Q9P2J9	10.4833452824181	10.1777311085675	10.1768119068189	10.4572137753098	10.5489791550474	10.4216166624951
Q9P2K3	14.8954227167583	14.974205603015	14.9034275759305	14.9507410067215	14.9792427897833	14.9352057353577
Q9P2K5	14.7008523309156	14.6681157727129	14.6500016203821	14.5645430810226	14.7171487785413	14.6129611308585
Q9P2K6	11.3247474818935	11.2306177755282	11.175836614375	11.3021654025958	11.3610216888465	11.4611662247236
Q9P2K8	16.4554839230509	16.4540388522139	16.4178884065426	16.4537964843333	16.4926229371556	16.4971840133201
Q9P2L0	10.7564984979677	10.9909343687548	10.6356752533765	11.1062880583372	10.7631553646499	10.5488841479687
Q9P2M7	14.1938115069225	14.2117873599041	14.2593477081593	14.1954921964754	14.237998832407	14.1281123027629
Q9P2N2	12.8042180756287	12.734416978572	12.8441844854426	12.8063605776903	12.5826832764394	12.8158922226487
Q9P2N5	14.5684684340989	14.4872078880148	14.4538898315509	14.499104224804	14.4273102795312	14.549391988116
Q9P2N6	14.1963772296601	14.2790306547743	14.2430936144102	14.2726841412078	14.3104272557633	14.1908916914967
Q9P2P6	9.71515370812921	9.23407226652084	9.43915867499211	9.84079976394869	9.58697092082036	9.43373237742277
Q9P2Q2	9.26981423339247	8.71037890642035	8.96624956355207	9.61314104653326	9.62703151169171	9.84233416480548
Q9P2R3	14.5657248384113	14.6652070933199	14.7065451916861	14.5913413876166	14.6166139131929	14.6552819075316
Q9P2R6	12.2124631701574	12.3341767042471	12.1253441024443	12.1332899956969	12.0983718212426	12.1782849966928
Q9P2R7	15.0899425791053	15.0112941660968	14.9773160276212	14.9841254407029	15.0195985273745	14.8859949167446
Q9P2S5	13.5425515052628	13.4580167789749	13.6913788298732	13.3223595047049	13.3984806417628	13.5111317138705
Q9P2T1	13.6558320395632	13.4784363259375	13.5899525287111	13.433609571344	13.5850585591596	13.4876941464381
Q9P2W9	13.5371037335347	13.5347617432007	13.6295213260999	13.4175354884963	13.5328827670667	13.4653457133506
Q9P2X0	11.8870320888234	11.9854791070152	11.8713513387668	12.1610660982727	11.9071726596898	11.8878754533478
Q9P2X3	11.1913389442912	11.2768818063307	11.2929889278203	10.8456607405523	10.9408588907705	11.3252220740479
Q9P2Y4	12.4387699143312	12.544602664905	12.3535814958915	12.3354650962673	12.5297569137353	12.2686620652184
Q9P2Y5	12.8494010791861	13.0389233747553	12.9501633755505	13.0326576325904	13.0715036948615	13.0721795496593
Q9UBB4	15.3877144132021	15.3143019520112	15.3235461379926	15.4084518935656	15.4223915862108	15.306081107113
Q9UBB5	13.7324996675574	13.885802930138	13.8744759853204	13.8102664504551	13.9301889728183	13.9074832436902
Q9UBB6	14.8695022912008	14.7749021642875	14.7189991420949	14.8326283470831	14.7658222808354	14.7236201247078
Q9UBB9	14.9711548427505	15.0570006204619	15.1764497657899	15.0425250320807	15.0403586413577	15.0026845265022
Q9UBC2	15.3824373167659	15.3560540545685	15.388970233258	15.3171174284998	15.323178860607	15.3240252352444
Q9UBC3	11.8841264599922	11.9896933501334	11.9475246522278	11.5868439776259	11.6947180422934	11.7165109334266
Q9UBD5	15.4326632699708	15.3468160758423	15.4532291744343	15.2903104187167	15.2223876785206	15.3175430621426
Q9UBE0	16.5317174108914	16.5493160624608	16.461851914525	16.5950106234529	16.5268115662744	16.4100050285321
Q9UBF2	15.6426417107941	15.6735924760821	15.6529090421244	15.7332104631624	15.7029795661462	15.6853889320722
Q9UBF6	10.7625680879184	10.5907836819833	10.456643339463	10.4173532622845	10.2903051730633	10.1624444195761
Q9UBF8	14.0659188150742	14.1088094958831	14.1657127109017	14.1060329013241	14.1660343515672	14.173804298575
Q9UBG0	16.4029239704089	16.3805132964875	16.327815121619	16.5388595509509	16.364053542453	16.3854281293006
Q9UBH6	11.0504612679069	10.9491088118034	11.0576666282038	11.0137379049235	11.3880576427291	11.1651823185129
Q9UBI1	15.3048651728712	15.3278085498116	15.2232238556571	15.3289537560566	15.303639616665	15.2247273515556
Q9UBI6	15.3579939268652	15.3232969398262	15.2982000902386	15.4511735769893	15.3519265074506	15.3094113126186
Q9UBK8	14.5801162769636	14.718885477823	14.563725976652	14.6788283135235	14.7062333282977	14.6540143566928
Q9UBK9	13.8285071034534	13.8321569680729	13.7442439940035	13.8919903478191	13.8663048997141	13.7781936367611
Q9UBL3	15.976049277687	16.0476378732384	15.9126712597181	15.9933664298035	15.9339932842947	15.9242725672054
Q9UBM7	14.2129179342994	14.2448344908069	14.2405776740219	14.3347873762166	14.1765212875657	14.2238403912503
Q9UBN7	15.4573081163964	15.4443680049555	15.4673815860607	15.5023048750409	15.5902640648071	15.5767049166922
Q9UBP0	14.5317179643483	14.5640521839983	14.4779745577273	14.5249615442789	14.5083698664567	14.7388291461429
Q9UBP4	10.9839971875054	10.9595429341811	10.6717249723827	10.958145626791	11.0368780067033	11.1644680380685
Q9UBP6	13.8193944914964	13.7800463783567	13.7007415194089	13.7204032854202	13.7854431165088	13.7175876554672
Q9UBQ0	16.4247078465682	16.3543470995711	16.2747126019405	16.3869029248806	16.4165680665598	16.3116673481467
Q9UBQ5	15.4640119122026	15.42191235635	15.4675077256495	15.6248310338886	15.5232465975022	15.3646171144586
Q9UBQ6	11.4237633632474	11.8474686049186	11.6422715932176	11.8629961439574	12.0012181421703	12.127864632184
Q9UBQ7	15.9748173866268	15.9382168108131	15.9576976969252	15.9991518216103	16.0075489506295	15.9538308167155
Q9UBR2	13.6688428068834	13.8707507037229	13.765450829013	13.7661784327899	13.5987977899188	13.6986465620166
Q9UBS0	10.9503403576373	11.1316743571378	10.9238990260512	10.9359704889498	11.104607984848	11.1811693131864
Q9UBS4	15.3626265507913	15.3933379316563	15.3502664803212	15.5609851854233	15.5188509271006	15.5126568910309
Q9UBS8	13.2976742312605	13.5034567229009	13.4862906640338	13.2759562451887	13.3020311207805	13.5179521528532
Q9UBS9	10.1453177571589	10.0673991774835	10.1533734248721	10.3362685426343	10.2872069496798	10.4496549510675
Q9UBT2	16.5170301623464	16.5277588169376	16.376459252391	16.5348905237633	16.5563182926641	16.4032095833983
Q9UBT7	13.6211970173344	13.5807433220891	13.709249426962	13.5467583444117	13.5197167034036	13.6856660004265
Q9UBU6	8.28283671418606	8.32477740295747	8.02639121825336	8.51169730500628	8.2289351893479	8.74726267632199
Q9UBU7	12.7006678964814	12.783324029122	12.771847110705	12.8227449147427	12.8901579871294	12.8859667528548
Q9UBU8	13.6890172777336	13.7421585180841	13.8141275415469	13.6486549972988	13.54508919689	13.6412315252531
Q9UBU9	15.9154036623224	15.9277490759359	15.8767315991321	15.9505814199233	16.0131874069716	15.8368078667738
Q9UBV2	14.1866617351218	13.9399735010105	14.108880546412	13.9982476502332	13.9976219884119	14.0746778961385
Q9UBV7	12.8195537178635	12.646006208701	12.7037719022738	12.9411132892232	12.9054134130167	12.8738041711132
Q9UBV8	15.2199837728714	15.129017018548	15.2563174845281	15.203165583548	15.2523353645088	15.262194572134
Q9UBW7	13.6166623119671	13.6145859339426	13.5654664897866	13.559999047727	13.6290757346157	13.5777619227807
Q9UBW8	14.4521731075912	14.4553618477662	14.3782555453032	14.2702330666937	14.4731676534124	14.4483052231946
Q9UBX3	14.9434111096816	14.9588562477368	14.9451322750444	15.0069519926572	15.0080982404117	14.9406401535118
Q9UBZ4	8.99408441150073	9.3453939422616	9.28381460474912	9.52600302039534	9.82333960710227	9.80331066744384
Q9UDR5	16.0937016716717	16.0457878656484	16.1276403043823	16.0225203352808	16.1502356678325	16.0693292914922
Q9UDT6	15.5013934268886	15.4787892841217	15.462826792741	15.4114259701576	15.4536462362619	15.5872485503671
Q9UDW1	11.2790787516746	11.0805472448319	11.3842328377865	11.330704882292	11.008595710469	11.1519653146108
Q9UDX5	12.9137995328198	12.9449007184045	12.9476821594844	12.8568837383627	13.0200584404923	12.9790043368385
Q9UDY2	16.5551972125915	16.6006456938571	16.5963131970555	16.6956935041646	16.65953953267	16.5488912633434
Q9UDY4	14.1192796151862	14.1421981962487	14.0856028445224	14.1067472272707	14.20362649852	13.977706241184
Q9UDY8	15.6781928106117	15.6569145302042	15.7220426368788	15.6886702173934	15.709888430814	15.7480409648199
Q9UEE5	9.35942074276907	8.99990815126088	9.4902252475332	9.06580827415876	9.35463938993878	8.93868224366672
Q9UEE9	13.728689745405	13.7883342798981	13.5892283764057	13.7058543454498	13.7512438733869	13.6782622421871
Q9UEG4	12.2766783714733	12.5778715113123	12.3772714218372	12.4224267385043	12.4122361516605	12.4642387122587
Q9UER7	13.1143454979524	13.0810535294764	12.9443231644702	12.9200566108796	13.2417944979142	12.9583752241425
Q9UET6	14.1149605264898	14.2541334313434	14.1652969810869	14.304870734544	14.1985778443882	14.1976508310659
Q9UEU0	14.9216251220838	15.0159367750632	14.951627960458	14.9583139906588	14.9488964697404	15.0560711849759
Q9UEW8	12.536027009773	12.5967903972984	12.6783994934318	12.6587341610912	12.4227306213341	12.4855579740167
Q9UEY8	15.7975987559104	15.7400303851437	15.7435097082067	15.7363858092178	15.6719043540059	15.6547365762307
Q9UFC0	14.7748319759712	14.8271585316172	14.8018774664311	14.7381444546513	14.7444122401491	14.8077925736671
Q9UFG5	13.4597117107038	13.4773214288466	13.4201586456439	13.4062804339908	13.5241194986764	13.3310454986616
Q9UFN0	15.1677855274087	14.8493882126189	15.0526250915424	14.8132300505537	14.7114663440498	14.8383431957431
Q9UFW8	15.970329092666	15.9559197209046	15.9062649791714	15.9807911462027	16.0357933016846	15.895776269821
Q9UG56	14.478293854011	14.5135993712315	14.5029312478096	14.4692480700232	14.5893135787207	14.493579947071
Q9UG63	15.6103506191729	15.6027563436036	15.5287541469986	15.5660736103046	15.5603605755368	15.6730055853521
Q9UGC7	12.0255991400163	12.2513989149009	12.114519816341	11.9688441955637	12.2654111184122	12.2890950867655
Q9UGJ1	14.1665950880881	14.1681601748012	14.2423009953411	14.1155334891123	14.1696218863674	14.1622457941683
Q9UGK8	12.7735207791508	12.6078515142596	12.652934596279	12.7323396500908	12.6591466945226	12.4532574216864
Q9UGL1	14.8955007111858	14.9021641550262	14.8597771725848	14.8667504607006	14.8815752400382	14.8780866023269
Q9UGM3	8.9537283756313	9.92681068449757	9.32522818166404	9.90060026883585	9.56036900383974	10.150886780492
Q9UGM6	13.9742538548643	13.9474919116367	13.8960319817346	13.8149074941328	13.886432441609	13.9474433387597
Q9UGN5	13.9765131682972	13.9412144589997	14.1099545235556	14.0326658939109	13.9924966618313	13.9909983711056
Q9UGP4	15.3908250779441	15.3808692231713	15.3107194702694	15.3490482747474	15.3617061082403	15.3029865134858
Q9UGP8	15.4851553751954	15.542978095393	15.4120895374523	15.6624696061702	15.6811215760815	15.6549928391739
Q9UGQ2	11.556661960061	11.7670164545945	11.7002325569909	11.7778610071777	11.9431160656084	11.8585701398402
Q9UGR2	13.7872719210912	13.7780185478715	13.7006129643869	13.7391456849339	13.7753535186308	13.7019621408518
Q9UGU0	14.1707180041366	14.2139084932039	14.2081980525302	14.2227333144736	14.035486058238	14.3061678908263
Q9UGU5	11.0813536695359	11.0431822170724	11.2408063734513	11.2000763531243	11.1418123519995	11.5778413212597
Q9UGV2	14.5905849219299	14.6276540898306	14.5702782329836	14.6397263388125	14.6280379011488	14.5456857941998
Q9UGY1	12.1945269909251	12.304477494594	12.2173327970972	12.4288817043426	12.4908940989804	12.3242707453446
Q9UH17	14.022973498799	13.92619014093	13.9822611791098	13.763835300233	13.7764184473627	13.647255492571
Q9UH36	10.1913688416083	10.0217074303899	9.78007382377547	9.7539275195411	10.1260865660499	10.1457657316731
Q9UH62	13.8339155462911	13.7702734550429	14.0573611443443	13.9355410935972	14.1125583196507	14.0518230648331
Q9UH65	14.7916571968129	14.839776212434	14.8436787265139	14.714078720201	14.7226432325209	14.9085061137769
Q9UH99	15.0318883464965	14.979429684228	15.0392333058505	14.9721213247975	14.9906113241909	15.0282552825626
Q9UHA2	11.6216150371706	11.852270799706	11.7340427053247	11.6799615401503	11.9064438936234	11.7841511382347
Q9UHA3	12.4417230514554	12.5066506035752	12.3866746582196	12.6575003431928	12.6004434935009	12.5412120007547
Q9UHA4	12.6293013947776	12.6530208945931	12.6854650500273	12.7138592552585	12.6997268418688	12.5455722393383
Q9UHB4	13.8096609602427	13.8706095083988	13.8495264244762	13.7969448627415	13.8454802957717	13.8446109180338
Q9UHB6	16.150945056731	16.1333594929672	16.1425649923322	16.1796380180003	16.1180033962547	16.1265627467753
Q9UHB7	14.6072558897829	14.5682936885661	14.588770811162	14.6452021222017	14.5872041836402	14.8428824401424
Q9UHB9	16.2105387326955	16.1932494051212	16.0737557528057	16.2213165316622	16.152414866234	16.2217709829233
Q9UHD1	16.275073398443	16.1477464036586	16.1661411100836	16.0861781959073	16.1964988109414	16.0733046454271
Q9UHD2	15.824831568751	15.8051700157542	15.7980396644851	15.8439490206597	15.7801023984748	15.8507547393907
Q9UHD8	16.4932210797518	16.598701849462	16.4988357761286	16.568876747196	16.6119038071863	16.4537157224475
Q9UHD9	14.976340209577	15.0255913776261	15.0175791982825	15.079512633977	15.0665274692624	14.9398101405156
Q9UHF1	13.2946715984466	13.2932018962777	13.3294412467116	13.5172014059378	13.4897170703985	13.356570562304
Q9UHF7	14.4895253835556	14.5443333965356	14.5042168835986	14.5192800887917	14.6138569136613	14.611509616344
Q9UHG3	17.088807371418	16.8991039142845	16.9651365603214	16.8702006926266	16.8505399426463	16.8814823382305
Q9UHI6	15.0415478243852	15.1267832134466	15.0660092863408	15.0398879874034	15.122566867832	15.0056495005104
Q9UHJ3	11.0539923745448	10.861746260428	10.9964779657489	10.9763474296842	10.6261332132799	11.0857038723421
Q9UHJ6	13.4120395564633	13.4796299032196	13.4265671397219	13.5059924268976	13.5750785909429	13.4274455243483
Q9UHK6	9.9812935776328	10.2084947730723	10.0445337093582	9.74270740481525	9.65793361570931	9.77825059777579
Q9UHL4	14.8967440380754	15.0080767819522	14.9767521071146	15.1134524706927	15.068782656548	14.9221165232657
Q9UHN1	10.9235039707603	11.2899074048005	11.0975189364288	11.0998237988775	11.3884758671746	11.0539003053967
Q9UHN6	15.8555127308148	15.8249630508692	15.8480889434881	15.8879142574844	15.9668097418473	15.9512438107742
Q9UHP3	13.9011292501392	13.8509555285837	14.0054783614754	13.8710431063482	13.9235713978068	13.933689041442
Q9UHQ1	10.4950192102354	10.5796244824161	10.8716448033473	10.5413765209367	10.2766547153857	10.7441759119679
Q9UHQ4	13.3598331332971	13.4651952908158	13.2772014617572	13.4119964240556	13.2786602999191	13.4617605478897
Q9UHQ9	14.4959417186666	14.4633388652019	14.5417387116988	14.4311535657408	14.3658758233789	14.4965313482334
Q9UHR4	15.3270412011141	15.368791049121	15.2856815989884	15.3630761578363	15.2821284288154	15.2513171560631
Q9UHR5	13.2875239396626	13.3102180646689	13.3226404782863	13.2278866090083	13.3517983322303	13.3603117650642
Q9UHR6	11.9752461313478	11.954515451393	12.016940472388	11.9997486532402	12.2142905357769	12.1500730207189
Q9UHV7	13.6628892148797	13.6171746775592	13.7993714855853	13.5432589063717	13.5850435921458	13.5553206924477
Q9UHV9	14.9914844357865	15.1577171292708	15.0917579966119	15.2324886764238	15.2502011360772	15.18081968494
Q9UHW5	13.372344860173	13.1733861353078	13.2888384976144	13.2852741353849	13.3348343998166	13.326655553798
Q9UHW9	14.4939742344354	14.5125699567436	14.5693614449382	14.3698247953185	14.5223843332367	14.5575062702246
Q9UHX1	16.490476582897	16.3451830238821	16.3808114341892	16.3938461670284	16.3799506884107	16.3125896266374
Q9UHY1	14.8494152893603	14.7627450459344	14.7132903746232	14.7553104014199	14.9183275244281	14.754762432904
Q9UHY7	13.718049062835	13.530498394482	13.604500323194	13.6185098810263	13.6680489198553	13.5744899121465
Q9UI08	12.1368509129018	12.1169789787411	12.1762243095533	12.0998017191843	11.94204134288	12.1167328228995
Q9UI09	14.5482283090939	14.6263190197049	14.571014929706	14.6443719415443	14.6264280680619	14.5695587675222
Q9UI10	14.7360517067641	14.7438363798128	14.6460551651506	14.7544671063512	14.7760982084461	14.809370728181
Q9UI12	15.5658968714584	15.5502367204222	15.4885793791101	15.6065161215512	15.5536149461715	15.5834070881107
Q9UI14	11.2005404306682	11.1565186709788	10.9058837447262	11.3387991507573	11.574493939584	11.513143978991
Q9UI26	13.6299012906341	13.5411219907899	13.5438142378442	13.4562064227614	13.49271312145	13.5213514345645
Q9UI30	14.161400017575	14.1262373398247	14.1846473227465	14.2308801982286	14.2833162249884	14.1053462404912
Q9UI42	14.9848949303251	14.9871099643217	15.1298408540131	15.2063456294806	15.2541111434115	15.1512221064089
Q9UI43	13.2957201022133	13.3191383087326	13.2720505174427	13.2610851890562	13.3517669149974	13.281440224477
Q9UI95	13.1582372626632	13.1089410040383	13.0209896719499	12.8298346393007	12.9126011448257	12.8222118362606
Q9UIA9	16.4039610061761	16.3874101909774	16.4208044387261	16.4906351229132	16.4680552994556	16.3846248753854
Q9UIC8	13.8387539402477	13.7588940183652	13.6962267614626	13.6562879893933	13.6242167475751	13.8769050225966
Q9UID3	13.7725304764927	13.8003185364429	13.7552704327749	13.7712678826076	13.7666407194244	13.8488540540626
Q9UID6	11.3783879324385	11.2359569835171	11.3484857811546	11.4256012080308	11.263568715115	11.3068367274043
Q9UIF8	11.8847089785548	11.9416120975234	11.8810349770754	11.9350585339798	11.4249589585489	12.0835865679062
Q9UIF9	13.9295887425007	14.1731878121938	13.9731080072596	14.2287507958944	13.8843410573429	14.2827987220768
Q9UIG0	15.5447522180691	15.668645735736	15.4713278788271	15.8706304532564	15.2974705315744	15.7917044391849
Q9UIG8	8.59228586979173	8.94925194640087	9.02133253861816	8.64829703360228	8.43820037111035	8.85706437577582
Q9UII2	12.6031925728557	12.5569399379745	12.4739389805557	12.4875193558033	12.1268446281814	12.2283100786981
Q9UIJ7	16.3330778433981	16.357966169479	16.1305446523298	16.3179876582088	16.2425132193018	16.2444936584444
Q9UIM3	11.7320745558121	11.5874817602217	12.2196764860151	11.6429212219879	11.7826918222313	12.0159162461362
Q9UIQ6	14.8461462248677	14.8992313813721	14.9158109896835	14.8909717778025	14.8626979675552	14.8748891794939
Q9UIS9	13.2046009316343	13.2392508655739	13.1829330442243	13.3195452810937	13.1396492760165	13.2724616693319
Q9UIU6	12.401564189411	12.3888441183752	12.266285034898	12.2977531476597	12.2966044700065	12.4693049281649
Q9UIV1	12.0186232918502	12.2315657980472	12.1914462463348	11.8523151441695	12.0431703457559	12.1141812923046
Q9UIW2	14.5392437617835	14.5786551335271	14.489118353794	14.6009280010404	14.5839912357182	14.6164908389562
Q9UJ04	9.03020317811374	9.20761333803958	9.36673577356619	9.39200328868318	9.23245585288994	9.44018672205635
Q9UJ14	12.8932026963102	12.8199063686712	12.9180223381262	13.0527100054832	13.1808923190814	13.0605894869757
Q9UJ41	14.0465078545735	13.9578717045203	14.1577236246092	14.0244847103427	14.0076508492158	14.1080806006133
Q9UJ68	14.9078104018171	14.8872456847992	14.9036282074241	15.0403326232744	14.9340228725745	14.9101760531031
Q9UJ70	15.8754138389556	15.8600896160691	15.8278930741858	15.9380919547792	15.9223081233795	15.8350500799029
Q9UJ83	10.1362608726242	10.4172239720885	10.2185627977749	10.2706926540179	10.0720804683248	10.2194929881184
Q9UJA5	14.8994894311539	14.902747272081	14.9894631431199	14.9045664675006	15.1030141400449	14.934383482931
Q9UJF2	14.1638789599789	14.2342917618748	14.2427496025564	14.2498293633851	14.2247850682584	14.2200341228324
Q9UJG1	7.93759960057321	7.42408079213027	7.58480751566332	7.11225448536665	6.63549668540606	8.02741369513206
Q9UJJ9	11.4805343207985	11.5982395366849	11.5150963053124	11.3745778090023	11.2987781018772	11.2869702548319
Q9UJK0	9.33110068854855	9.69832788685027	9.69984987464504	9.48761820033748	9.64627521260405	9.67468502480066
Q9UJM3	9.68570092631576	8.92058456019845	8.81419182847249	9.17283235326892	8.97961124637768	9.19431860955797
Q9UJS0	16.8668986642064	16.8305519600262	16.8446932633397	16.9172931178761	16.8930641570424	16.8109815036029
Q9UJT0	7.91663024425744	8.23721003836514	7.81477028193035	7.77920095950689	7.82892612618406	7.97831682488806
Q9UJU6	15.8039877364799	15.7849110467106	15.7302569977229	15.8805433279884	15.9037280958568	15.7285501843994
Q9UJV9	14.8435315744535	14.8390878013078	14.8876692923314	14.7529440206692	14.8946992198105	14.8208077022329
Q9UJW0	15.7961975212153	15.8270399077375	15.7240833084455	15.8717445305598	15.8403965722747	15.7785243994616
Q9UJX2	14.3219398444678	14.3576091583399	14.492703243803	14.5262013674687	14.3595556333013	14.3890242539272
Q9UJX3	15.8788273513391	15.8485978576542	15.9188105506895	15.8096641765585	15.9178446148019	15.821853116885
Q9UJX4	13.0177952991686	13.1113784774776	13.0022346674961	13.0330590780547	13.0908472463371	13.0750602946804
Q9UJX5	13.452375054496	13.5423310072616	13.5753537404734	13.4711531319863	13.6289212220149	13.59840470355
Q9UJX6	13.3329014709931	13.3714574568981	13.4440799072653	13.3086876315975	13.343971929698	13.3334890472562
Q9UJY1	11.5605500894487	11.7574202059776	11.6093638646761	11.4632186456402	11.7177734718514	11.6332135890719
Q9UJY4	12.5863808835265	12.8251803634577	12.6585914090363	12.7892561150503	12.8447679018146	12.737108453436
Q9UJY5	14.8052019489463	14.8524400837234	14.8195972400432	14.8224883342444	14.7566823763186	14.8836758382462
Q9UJZ1	16.2374868972851	16.2584837321956	16.1522434949544	16.2653120615288	16.2546109543003	16.1920471101196
Q9UK22	11.4179301373925	11.273227570753	11.4001932371785	10.6881993284902	11.5740846503369	10.9031918400797
Q9UK23	10.7594255746485	11.1194748901112	10.783689602713	11.0778746475032	11.274110652935	11.1150421621458
Q9UK33	12.162561390583	12.0979525506843	12.0355668027802	12.232951815824	12.1981990762353	12.2567310982075
Q9UK41	15.2221741205678	15.1794058754549	15.2925091711888	15.3295197680251	15.3041560090356	15.2222615007214
Q9UK45	12.1127749120322	12.305437069975	12.3146080033903	12.3439136721068	12.3619229449613	12.1655393261634
Q9UK58	12.1629044746171	12.1799155503738	12.1107300402823	12.1738874632971	12.4052536993985	12.1116370988466
Q9UK59	14.2482945638823	14.164191127725	14.1721114679083	14.1750331220471	14.2590508887884	14.0770444021294
Q9UK61	15.327107957974	15.3766553153044	15.4218863807005	15.3340613394505	15.4363079960585	15.3780426803267
Q9UK73	11.1619817744503	11.3337728223317	11.2274543584823	11.1651596408026	11.3315692088763	11.1395277621201
Q9UK76	14.7092084858039	14.8655416998197	14.5682457593999	14.6676500509893	14.6736417246937	14.6657650670445
Q9UK97	13.5927556417175	13.6263790890811	13.633308836149	13.5784408451718	13.6199133179989	13.6338825089756
Q9UK99	14.1364462566701	14.186469870797	14.1810336875947	13.9374564823275	13.8737316465856	13.8416587482761
Q9UKA9	13.3132762377911	13.3991991947828	13.4937327627231	13.3518575669626	13.3435511190257	13.3275376749403
Q9UKB1	11.895636044451	11.7228986262473	11.8498204420121	11.7285829055139	11.742185347311	11.7934689155936
Q9UKD1	12.8817060281702	12.7327221021566	12.787480535624	12.8518507456964	12.9533723331626	12.7539521523242
Q9UKD2	15.3522570499326	15.2703051917488	15.35676202917	15.2679332823108	15.3509636582069	15.1711192834012
Q9UKE5	13.3637648725586	13.3703956763922	13.3396517525999	13.4308088143231	13.5875462698086	13.4851793278603
Q9UKF6	14.6598525389953	14.6905789666105	14.6211977299232	14.64303432452	14.7332200891992	14.6786775062942
Q9UKG1	15.4657252508641	15.4306033726521	15.4950582603953	15.4577713343365	15.4638715527385	15.3567456595554
Q9UKG9	13.4806474761093	13.4588292391606	13.5321305613667	13.3100338078176	13.4432078672029	13.3797120869167
Q9UKI2	8.3806840375842	8.62750463281456	8.51485900042813	8.76870030470554	9.08644651563934	9.13247984612937
Q9UKI8	13.1053643770988	13.15791759039	12.9410832806334	13.1044955088172	13.1559989636923	13.0697646088819
Q9UKJ3	15.2275218677899	15.3087872639349	15.3169205771305	15.2188495110766	15.2610523058473	15.2899454539408
Q9UKK3	15.7482433209164	15.7708224474016	15.8276827477809	15.6836471773947	15.645556239397	15.7751866862666
Q9UKK6	12.0174728223159	12.0574221982966	12.2489768596002	12.1417710388916	12.1484080778226	12.1568403681697
Q9UKK9	15.8420403742349	15.8886236577163	15.7549701038134	15.8899068859152	15.9068241467316	15.7744296967498
Q9UKL0	14.7252711634725	14.781939479759	14.7184013722177	14.792332434385	14.737250865031	14.669106131279
Q9UKL3	6.56384822387159	5.94319474831199	6.99746909032889	6.9206526070773	5.76030722941908	6.84498987923774
Q9UKL6	11.2423654868802	11.3635227565823	11.4591378884441	11.2710400497005	11.0346377188259	11.101624189221
Q9UKM7	11.9831339650342	11.8908850021933	11.9056838980497	12.1091270683958	12.2449870419793	11.9793893954097
Q9UKM9	16.5375243862077	16.5905704396332	16.4027775533583	16.5552684303848	16.5077214472015	16.4419287352102
Q9UKN8	16.1853770146533	16.1618831896338	16.1753295613524	16.1316305988843	16.1596545807507	16.1384302472524
Q9UKR5	8.720011481473	9.096776491332	9.18737275466387	9.34099445275345	9.01267105094737	8.96711456455634
Q9UKS6	15.6036707420383	15.6054808069999	15.6676624708539	15.7556512852133	15.6593452212563	15.524988153888
Q9UKS7	10.5753401236666	10.8546452040528	10.6173713407514	10.7246077205224	11.2437144300723	10.763247497414
Q9UKT4	8.22238015253455	8.10464393146234	8.52789234712476	8.51241786561369	8.501447764022	8.75146958718765
Q9UKT5	11.5648605430666	11.4714704333217	11.3612904748888	11.7183141329311	11.6498284286427	11.5897316736
Q9UKT7	12.2141195155025	12.0918988806585	12.3554325396778	12.028255889377	12.3123509515335	12.1612579851322
Q9UKU6	9.53580921382981	9.68030557779728	9.7906654069969	10.2527161076354	9.82746645694564	9.90470499270573
Q9UKU7	13.9674458784778	13.8665935818478	13.9043247721666	13.9382081667721	13.9316425402958	13.8503133354435
Q9UKU9	10.7621454557812	10.5205199003093	10.7194100322997	10.1527588684016	10.2395367126253	10.0586502627205
Q9UKV3	16.7239749292595	16.7409461640416	16.6840133157932	16.7389774690801	16.7211610467339	16.644099222981
Q9UKV5	12.615806288642	12.394105660812	12.4597107682608	12.4990599787367	12.412983131447	12.4816867543556
Q9UKV8	15.7113833194022	15.6657174956085	15.7663505613449	15.8150619227462	15.768994676494	15.7360629853753
Q9UKX7	15.8531438758566	15.8788719876804	15.8719058787227	15.8782735378264	15.9210001226807	15.8336253681105
Q9UKY1	10.810090588958	10.6753411402529	10.6709885979281	10.7642891068591	10.7669526976092	10.8798913170077
Q9UKY7	15.4204575764627	15.4358232722016	15.5104370077077	15.5322977838442	15.4741718201292	15.4341422511891
Q9UKZ1	14.4159492917499	14.2951465657353	14.5198619397619	14.3801978538372	14.1956114298131	14.2651389661522
Q9UL03	13.4439159064605	13.3954913132709	13.4570126503715	13.3017061361513	13.4391765301978	13.3746727398555
Q9UL15	14.2064235106114	14.1657317566281	14.2761276761544	14.1967858599574	14.249677201721	14.1878222123341
Q9UL18	10.9485726087506	10.9544253814669	10.833888828356	10.9275146055096	10.9291559490826	11.1286353488103
Q9UL25	13.5342454155784	13.4297097282602	13.353074116336	13.5124297139317	13.5772837049813	13.5416048302824
Q9UL26	14.1028661791822	14.0998234314554	14.0534894766207	14.0121206749382	14.0913606446063	14.0612826418
Q9UL33	13.7257344096495	13.8213712444017	13.7433686087072	13.6625350072111	13.5617060334269	13.7234072366563
Q9UL40	13.5490407938673	13.6880769992091	13.5679979768143	13.7010457951724	13.738020287016	13.7068398323118
Q9UL42	11.2545785774868	11.0878877189401	11.0596608658445	10.8979470424949	11.1418007234108	11.166878031849
Q9UL46	15.605350450081	15.5863463393009	15.5328973684776	15.566369534667	15.5776101518319	15.4495652430225
Q9UL54	8.90843288520164	8.76021390351003	9.06058243862958	8.70201232060196	8.89620577188405	8.79603895914112
Q9UL63	13.3142358092531	13.4137655597302	13.418597651684	13.4547335358792	13.4185179922418	13.3691743948953
Q9ULA0	15.2305592088171	15.2911290475517	15.2529825694856	15.3636470034609	15.3597699815179	15.3026070939563
Q9ULC3	14.6721338214603	14.7071077531917	14.7537267885509	14.6306269156985	14.7453381021079	14.7052735551092
Q9ULC4	15.1077023296963	15.0301915275196	15.0263127462002	15.0986953305279	15.1375496510424	14.9825488405156
Q9ULC8	12.0889965720551	12.2002512478744	12.2791821857409	12.0714874091731	11.6729709673018	11.9946694900252
Q9ULD0	13.3359896334625	13.4307581607856	13.4411828819798	13.3934836982499	13.4650201815826	13.3733937674047
Q9ULD2	13.9732240536993	13.8665596782212	13.8800584012413	13.7762208282215	13.763995148933	13.8465768678679
Q9ULD4	12.0667033541808	12.0460027361348	12.0691903068954	11.8672828185342	12.159202263805	12.0937400176663
Q9ULD5	11.6269297098886	11.7826160668293	11.8141436135468	11.5089159811089	11.98345125355	11.8664971524012
Q9ULD9	13.5659289407048	13.6406889016888	13.5690698068277	13.6453782579605	13.4351872722181	13.6504340776517
Q9ULE6	15.4349531845439	15.4588351919848	15.4769121549339	15.5615415600676	15.488261010306	15.4611327795004
Q9ULF5	11.388978547885	11.3143107985325	11.149805473389	11.2384778664608	11.2459502311847	11.2864083564663
Q9ULG1	9.86735953570241	9.9418506280412	9.63019016466941	9.99058473482515	9.95943189826942	10.4740721260393
Q9ULG6	9.66651513041298	9.80816881123745	9.86938822518403	9.3336530220352	10.0553739122172	9.88291660147324
Q9ULH0	13.4376124859425	13.3923765698532	13.3249363448994	13.3179354599043	13.4674498303663	13.3320521670105
Q9ULH1	16.0263281322127	16.057523751745	16.0389152976201	16.0972713572432	16.0716107129164	16.0214198476809
Q9ULH7	14.555719496532	14.6924855070518	14.7566545909014	14.7184877282896	14.7510371122279	14.7510167143103
Q9ULI0	10.0980351922345	9.85392110090248	9.61702130843247	9.4832336046826	9.92112250700855	9.73219434680793
Q9ULI2	12.757104587477	12.71743323032	12.7858219475422	12.5158592628311	12.6984347646119	12.7090261428107
Q9ULI3	10.6918109764319	10.7794418190342	10.7950448622945	10.6721924236757	10.7796159987628	10.456477500165
Q9ULJ3	11.4432146182018	11.4869030407127	11.617741085284	11.299302680637	11.4181440605241	11.5807995534613
Q9ULJ6	13.6336989747942	13.566146250821	13.5253188868779	13.4826591921745	13.5707435266788	13.4288392883857
Q9ULJ7	13.1444377873366	13.0500721821663	13.1918869804089	13.1405725847393	13.0367888996822	13.0862832485585
Q9ULJ8	13.5682302990674	13.5899685730691	13.6839025559405	13.575733217372	13.5065908092812	13.6774694062762
Q9ULK4	15.3672129181465	15.3011150524421	15.3959703605154	15.1979853140771	15.2638859630597	15.2641394997453
Q9ULK5	10.2025072144306	10.437031462945	10.5406633126425	10.7219952174709	10.4363906597926	10.6871437949551
Q9ULL0	11.5287217609822	11.5431360398059	11.7545482819775	11.6519157060988	11.4662198459569	11.6520513220522
Q9ULL1	12.2504448908812	12.2722041692624	12.2930581207209	12.0750536270595	12.3861151671415	12.3742663101711
Q9ULL5	11.9833951949473	11.8024815012917	11.8840855739841	12.0279572098155	11.9935603966831	12.0721429897913
Q9ULM0	11.3627563938782	11.4263014483109	11.0947099820414	11.2639072947259	11.2469073719917	11.0151304230839
Q9ULM3	12.2688724593933	12.2442973611142	12.3395805715001	12.1850327689978	12.2906906725326	12.3057721406257
Q9ULM6	12.615722746971	12.8290214144764	12.5550735179343	12.5786332444998	12.6997584378246	12.4412108925013
Q9ULP9	13.9796077369451	13.8666115305041	13.9625919457029	13.9041420710644	13.894370112281	13.8327945913495
Q9ULQ0	8.75363431323251	8.68265635528227	9.3343454254594	9.20455069139986	9.48863052077683	9.28873329945875
Q9ULR0	13.7279891579258	13.7508444482091	13.819327524993	13.7054895697748	13.7445668310359	13.7579265670595
Q9ULR5	12.8436177754376	12.9131849325285	12.9633756608877	12.8894872777262	13.1065724964175	12.9932752110875
Q9ULT8	15.2525123191785	15.3042341879161	15.2312681974366	15.0450061505811	15.0918817602291	15.1586244617847
Q9ULU4	14.9649590741174	15.00896772139	14.9790269216624	14.9867375332778	15.0384081470115	14.9701436208555
Q9ULV0	15.0316733725991	15.0257262290948	15.1472401319904	15.1252706255247	15.1011449506083	15.0699091769248
Q9ULV3	14.4884893460828	14.5828703715704	14.517757747946	14.3522521594591	14.4894412259999	14.4347143386314
Q9ULV4	16.8957442732546	16.8352290370058	16.8741668361539	16.7988802148332	16.6926516976063	16.7279311309234
Q9ULW0	16.2926661480531	16.3370759235928	16.2621567306099	16.3397872163632	16.2432650246978	16.4372392105072
Q9ULW3	10.9704630301964	11.0928675398615	10.8675231129854	10.7760540429527	10.9314920361796	10.7383818866341
Q9ULX3	13.6637716330383	13.743532890622	13.6352216116188	13.7996456433116	13.8841438298738	13.7480543141459
Q9ULX6	13.0433543864998	12.8994448574244	12.7851231316955	12.7874986256968	13.0088969791146	12.8878148710003
Q9ULX9	12.7807195219839	12.880118204094	12.8981752792807	13.0056562922109	12.9944403138703	13.0193555186612
Q9UM00	13.9640090236887	13.9493884760398	13.7094805816993	13.9517663133182	13.9949529756575	13.824268221278
Q9UM13	13.3140539001893	13.3937071430868	13.5901883572301	13.498282461564	13.7281599222019	13.5139606606529
Q9UM22	12.4567097008957	12.3204595161568	12.5076992826502	12.2763721502343	12.2669126715319	12.3015085191913
Q9UM47	12.5802624142566	12.6348695961171	12.4949576918979	12.6984589749794	12.6422242003326	12.5978767954582
Q9UM54	16.2304603706494	16.1649725943591	16.2226446477672	16.1916266177856	16.200008683314	16.2148768504898
Q9UMN6	12.3845986612407	12.2467818266508	12.5175116270422	12.3463963547463	12.3717402889364	12.4859056461007
Q9UMR2	12.7404841220428	12.6275917198875	12.6456036470805	12.7381510406308	12.7814831786896	12.7234858003692
Q9UMS0	13.2008467572252	13.2104870345305	13.1852773231351	13.2089412181462	13.0700363083608	12.9668474833132
Q9UMS4	16.1978310199487	16.1732970545175	16.0818480483376	16.2103040985597	16.1474602033361	16.0873749816407
Q9UMX0	14.9842398757935	14.8707477208659	14.8805904196552	15.0131330168668	15.0130521272425	14.8812839097024
Q9UMX1	13.6978439605785	13.7547051407127	13.6841213190737	13.7190432984564	13.7402675336239	13.7017928013188
Q9UMX5	15.3682149815111	15.4102417173184	15.4630394991101	15.5376029103487	15.5285769947873	15.3590440283603
Q9UMY1	12.4264625616057	12.4275592057628	12.504968798207	12.591847212912	12.4851654675584	12.5527584719001
Q9UMY4	16.0690101770993	16.1228498500507	15.9674540666148	16.1699850287544	16.1107189146217	15.9418092484179
Q9UMZ2	14.5633537819744	14.5378577109724	14.4984687365381	14.5056906985508	14.4831126093202	14.5620432558109
Q9UN36	13.8010181416147	13.7588091349581	13.7785508428065	13.7714197761685	13.7755933600816	13.6790026296885
Q9UN37	14.9723683871351	14.9325657433784	14.8820152048038	14.9888361559726	14.9796246652061	14.924519803783
Q9UN66	10.4533664453891	10.4406797825828	10.2560901218042	10.6229196782694	10.7035055461027	10.3469262263896
Q9UN70	9.19422118428269	8.63580366799928	8.18662806098043	8.96535144605689	8.59754028721968	9.20589475951691
Q9UN81	14.3032977538166	14.284244745091	14.2766089009123	14.4031072128882	14.2309787944326	14.4233982464046
Q9UN86	15.2302236589005	15.223134531799	15.2325480130951	15.3570422109582	15.3033800515839	15.1542142315409
Q9UNA1	13.4084142166256	13.3302011955664	13.5486255681397	13.4469671238034	13.4912421145324	13.366116064061
Q9UNA4	11.9377822785724	11.9715645934445	11.9251087021921	11.9673098105126	12.2088254552879	12.1350284143341
Q9UNE7	15.729066299365	15.7318793904494	15.7505017429758	15.641455498944	15.6837654821552	15.669012463092
Q9UNF0	16.1419798106418	16.1831131603112	16.1111458498523	16.1978261812338	16.2807197023419	16.1254272433176
Q9UNF1	16.1217613421476	16.0782973306077	16.1127390855928	16.1231413496144	16.1787210333455	16.0787335273531
Q9UNH6	11.2204769185908	11.0059235505386	11.1199453614747	11.2210327180589	11.0676189686905	10.9561944733519
Q9UNH7	16.5951827697125	16.5461107604046	16.6104428046684	16.634903253816	16.7204502242731	16.4944979781383
Q9UNI6	14.2894307121556	14.2461396496563	14.260136623461	14.2097496017784	14.3444361954394	14.2397119894386
Q9UNK0	14.0458006173005	14.184267335615	14.1511627799508	14.2579388662263	14.2621425756052	14.1975523798261
Q9UNL2	11.5065393597781	11.5860823288047	11.5870760747654	11.7547290613368	11.653854097395	11.6397120871541
Q9UNL4	12.0298270354859	11.9162402894932	12.0138090704051	11.9992076265318	11.8698159592107	11.9408061822503
Q9UNM6	16.6568103381342	16.5962837263388	16.6397659341319	16.6884553737322	16.6043407082269	16.5292697443813
Q9UNN5	16.0473874136036	16.0807475450577	16.0231325565329	16.0968538078284	16.0475916063101	15.9995843373473
Q9UNN8	13.1346311859362	13.319785225177	13.3948756840634	13.1755779266819	13.2819075042611	13.1693509401134
Q9UNP9	15.0380759671624	15.0161850386556	14.9358229825936	14.9965028338346	15.0516729190024	15.052254815097
Q9UNQ2	14.7495456397064	14.6795730115281	14.7727219307387	14.70449270228	14.7361248459432	14.7445157603942
Q9UNS1	12.1218701695554	12.2627182852924	12.114522752823	11.9279446194674	11.8183972180009	12.035117681952
Q9UNS2	15.3219590466939	15.2176342535864	15.3277749463175	15.3566495865606	15.3383985373735	15.2861943049057
Q9UNT1	13.9251510056507	13.8635190745349	13.7741632956076	13.7522478477119	13.8697738349853	13.7286837964574
Q9UNW1	15.2198628646263	15.2682342592209	15.2726603043187	15.2840174312506	15.2307252958315	15.2989470186788
Q9UNW9	14.1679099300487	14.1701652533831	14.0833132980912	14.0954628167128	14.1567515444081	14.0975999347467
Q9UNX4	15.4465857600647	15.4295895888846	15.4834757383069	15.42514216088	15.4466856221348	15.4915669565592
Q9UNY4	16.0773863034131	16.0892844774113	16.0906332715518	16.0786756687962	16.0517841257308	16.1520411637502
Q9UNZ2	15.7336161130147	15.7484635961647	15.7634959705921	15.7048341408585	15.7542492811936	15.6634972390845
Q9UP83	15.0019211730078	14.9852688060999	14.9578243190453	15.0539262936732	15.157577420356	15.097983039796
Q9UP95	14.1048049661459	14.1219806924197	14.1182850191364	14.0141421385174	14.1601569888687	14.1767053707361
Q9UPM8	12.3751902640445	12.4624361140645	12.3021253328818	12.3943866456164	12.4213205926411	12.4064459346337
Q9UPN3	16.8018401781563	16.787630747431	16.7757503591993	16.8550720554225	16.7351681220856	16.8718152738736
Q9UPN4	15.2825113527713	15.2738969039523	15.2540366895057	15.2434575492301	15.2923001995887	15.2643681816888
Q9UPN6	15.0322420445043	15.0542278082902	15.0536941123749	15.11912527045	15.0514090830114	14.9927228359405
Q9UPN7	14.2068025397859	14.3300669807346	14.1594167087657	14.2717821876	14.2398701533306	14.2270648323811
Q9UPN9	15.2458194284724	15.2664430391299	15.2503603389356	15.2093144026824	15.2436409498448	15.2516262698163
Q9UPP1	12.629786847002	12.5872179574427	12.5508528379641	12.610030611129	12.6239420452394	12.6749498624455
Q9UPQ0	13.936182392208	14.1041982962198	14.0824427552304	13.813815983581	14.0954610417035	13.8572898102063
Q9UPQ3	13.8485162201825	13.7727051900897	13.9034705370214	13.6219261225187	13.6948785459498	13.8147591756322
Q9UPQ4	9.01710599631241	9.59027172661558	9.01180644537567	9.51986780741154	8.99524503897782	9.23420645061213
Q9UPQ9	13.9637344651772	13.9440816282295	13.9957890871526	13.9718856751716	13.9773950213844	14.0294086730786
Q9UPR0	10.4484964787104	10.3689448695166	10.4565815639498	10.3067309143651	10.5387709494248	10.5280672039148
Q9UPR3	13.0050310378286	13.0713707301183	13.0618384884782	12.8529366049791	13.0367513792899	13.0521605979754
Q9UPS6	11.1127906973918	11.3488129912022	11.0195494384217	11.3481075289352	11.2718809122256	11.2130746768483
Q9UPS8	9.05489639607602	9.56223461791551	9.44539790558268	9.02482447888938	8.93209732045148	9.03883271153776
Q9UPT5	15.9826916331729	16.0544733778373	16.0092685390705	15.9866569364446	16.0450885367622	16.0289056742997
Q9UPT8	15.1259394168534	15.1040202573258	15.1093337280202	15.1784056575418	15.1923136634656	15.138141231285
Q9UPT9	13.4577027793395	13.3898269166353	13.4193836423294	13.1475165147879	13.1812233259949	13.2618556930938
Q9UPU5	16.3204273999877	16.3738305957583	16.4486336143311	16.4105205945302	16.4053699473371	16.4222416921437
Q9UPU7	13.9458476934666	13.8482716974256	13.8970641967876	13.8133967286264	14.0777223505204	13.9012710716816
Q9UPU9	14.412126144912	14.5323921876862	14.396049214967	14.4358365232249	14.4568784309586	14.5354586191966
Q9UPV9	10.1631102858821	10.0927175084698	10.293231088455	10.3725427202628	10.2649574113484	10.3961413506518
Q9UPW5	12.7811690289379	12.861786280263	12.9057668566346	12.7418546872405	12.8264141457785	12.8406611265545
Q9UPW6	9.14010731720568	9.95114902116888	9.74371249808311	9.73968222445992	9.10013239602419	9.5171690607393
Q9UPY3	14.3716384032579	14.4752545025356	14.547415175405	14.3973917535893	14.3987616636197	14.3914265691449
Q9UPY5	8.97614879221382	9.06581582809372	8.79193902162536	9.63929725128877	9.41729359308014	9.01803077183128
Q9UPY6	12.6072684250735	12.6275799516713	12.6261678970626	12.3083532796896	12.4074196996319	12.6697143229392
Q9UPY8	12.232076847153	12.3082326809851	12.1642232456576	12.334674604112	12.1590356605615	12.2832508318292
Q9UPZ3	10.4524935584368	10.418976592676	10.3248221318328	10.707321842559	10.5752217567251	10.1381023033762
Q9UQ03	15.434403841704	15.4049399342323	15.5353833294133	15.4482073475301	15.4557075128794	15.4977449717027
Q9UQ13	13.1954831507225	13.1862957091649	13.0094606819345	13.0867456667219	13.1778644688623	13.0798972770508
Q9UQ35	15.826875797697	15.853909029437	15.7949278012816	15.8165886272969	15.8838618433368	15.8114788832837
Q9UQ53	14.1826546934771	14.1981544589614	14.2099345068465	14.2649112410217	14.3348274063326	14.3299858930222
Q9UQ80	16.9009868615567	16.8483725827226	16.921730820154	16.943065143205	16.9356214789937	16.829876792864
Q9UQ84	10.8917131161457	10.7874697225359	10.716833330345	10.5688905619239	10.5856891707664	10.688106283722
Q9UQ88	10.2245292504934	10.1760584184776	10.3779783187675	9.42573206791954	9.21540704024137	10.1464603926483
Q9UQ90	15.5260997842172	15.5354988838979	15.5715207077618	15.4485513725776	15.4887422411945	15.5026272620525
Q9UQB8	15.4722695280934	15.5346450208594	15.52776402809	15.3476736168654	15.3087301815545	15.3676696225939
Q9UQE7	17.0724636370013	17.0917613311921	17.0791864361652	17.0228489219795	16.9537383271832	17.0294817345617
Q9UQL6	9.64270423421823	10.0033514951886	10.1054535404583	9.8857345726622	9.36096674644574	9.76330788206732
Q9UQN3	14.1626080929291	14.1892870883239	14.1997565056333	14.2530352401013	14.1450516223239	14.1028699169024
Q9UQR0	10.1111322908891	10.4732422387884	10.1534369447418	10.3021105724971	10.3771884143197	10.3677478151263
Q9UQR1	13.9184770535636	13.9931556508936	13.9913317696429	14.0859489157804	13.9594145790161	14.1937222341698
Q9Y217	14.636149489542	14.7013545647473	14.6725152694619	14.7048535825371	14.727493705102	14.7330867893728
Q9Y221	13.0240052334272	13.0081088738183	12.7588966488182	12.9175117946965	12.7390698861129	12.9264675244665
Q9Y223	15.3559990121229	15.374293264666	15.4032587389407	15.4486913124895	15.5928496897274	15.5206293523913
Q9Y224	17.0035742646683	17.0196446148268	17.0016246146486	17.0185795802035	17.0101866221414	16.9433864520552
Q9Y227	10.8829468332086	11.2665019887738	10.8850188435613	11.1238904919712	11.1723604186266	11.2558703088182
Q9Y230	17.0596282474972	16.9919839622786	16.9405379140551	17.0465049270699	17.0891512446636	16.9976330795407
Q9Y232	14.0638892616842	14.0361024442484	13.990099921424	13.8271860274551	13.7693981155952	13.9196939945176
Q9Y233	8.12256019915524	7.92766735545511	6.98381679975028	7.90467931787942	7.89956580996029	7.89677242134029
Q9Y237	14.6764937307976	14.7063112306337	14.7007803118697	14.7349863090878	14.8167798235023	14.7540186248077
Q9Y240	12.6289013255804	12.5942755840692	12.693145188441	12.4782179833982	12.4159094915596	12.6102208351352
Q9Y243	13.7185561254903	13.9235370761669	14.0844622733811	13.8255085026005	13.8555491143282	13.9158335745648
Q9Y244	13.686545643316	13.7779803768199	13.773280049269	13.742841732599	13.8005868456524	13.6622270222289
Q9Y248	14.0949789984554	14.1944809071834	14.0540824575952	14.1645445398926	14.1684914837085	14.0827566191526
Q9Y251	10.3457587304981	10.7103166785651	10.6238591740649	10.815255235425	10.764326582749	10.7492990726577
Q9Y256	12.422805528327	12.4885082785517	12.480364164594	12.4879243343382	12.5457968431193	12.5627850247672
Q9Y262	16.3717546585709	16.3489555732859	16.4250472704229	16.5225844401764	16.4838318147246	16.3093698927931
Q9Y263	16.21396937257	16.1685494831263	16.1409433079253	16.0835488419536	16.0260216446983	16.1122950503785
Q9Y265	17.0888479971059	17.0602211448617	16.9798030357471	17.0822112125523	17.1341671688563	17.0582239793444
Q9Y266	16.723896679587	16.7042641566076	16.7028759443549	16.7279049778686	16.5935296485078	16.6223090477535
Q9Y276	14.8361593092538	14.7752734902303	14.7676756382074	14.7778403069773	14.7999965477169	14.7507554866313
Q9Y277	15.3673208470253	15.3096420271791	15.3583765351996	15.3387373428603	15.3796253005164	15.2939465172875
Q9Y281	15.0499935097145	15.0371742290831	15.1495399889748	15.0807800564882	15.1767497308171	15.0201031157207
Q9Y282	13.8225029362188	13.84772826989	13.9064661587181	13.897015262628	13.8549720198158	13.8637338100821
Q9Y285	14.5024891475069	14.5320747372388	14.5146809961456	14.6935378896633	14.5418509166791	14.5138215881967
Q9Y287	9.45249355843679	9.16567016304963	9.2650774353179	9.06820900186645	9.8517409939771	9.62011560906589
Q9Y289	12.3120788827722	12.4242433951218	12.3177260386078	12.261351714606	12.3956308367693	12.284253259782
Q9Y291	10.0633829583369	9.71169395317173	9.99707272220087	9.98433817018573	9.62392123232489	10.0310796294709
Q9Y294	12.8075742859607	12.8916848722721	12.8799854672866	12.9036732839502	12.9847889553199	12.8867100952694
Q9Y295	15.9904439375382	16.0387842202414	15.8837298399233	16.0168951101194	15.9505406569568	15.9453724015727
Q9Y296	15.2676159513393	15.1642738769748	15.0947918495361	14.989390023907	15.0329650137514	15.1330852832986
Q9Y2A7	16.4311283086735	16.3910979738762	16.4165909389909	16.3824192705572	16.3464808179483	16.2781859587928
Q9Y2B0	14.3098963514879	14.2216029642086	14.2168291053649	14.2377420426481	14.2224543455934	14.1957944882125
Q9Y2B5	11.4952008679185	11.5306242632334	11.6846257769261	11.5900182254211	11.6550767203842	11.6104725997291
Q9Y2B9	11.4042977866389	11.3458403649524	11.3074014250667	11.3140906458027	11.4783069954281	11.5257553346335
Q9Y2C4	13.8796549723475	13.9518907988514	13.8508686168444	13.886417692248	13.9114599571925	13.8486370798931
Q9Y2D2	12.2012235425022	12.0755315425236	12.1612602259701	12.2011646579459	12.1952605966244	12.2377311111088
Q9Y2D4	15.9017654711312	15.8443861886987	15.8691288693612	15.8565624564834	15.8611171497971	15.8348691779565
Q9Y2D5	16.3870102027879	16.3820283871896	16.3043711027966	16.4531736568275	16.4691609256255	16.3614146288672
Q9Y2E4	10.0415747736953	9.92902780457494	9.6441081134887	9.86401422234328	9.77303924973488	10.0985642373665
Q9Y2E5	13.6025772498357	13.6610000785154	13.7791118572871	13.5689190454815	13.7058464889979	13.5130598165575
Q9Y2E8	8.73309153297333	9.5272370856633	9.27510709444906	9.00132323852612	9.52485645183675	9.42021949027473
Q9Y2F5	11.7767548211091	11.8631822775085	11.987028166119	11.7747664829929	11.9543459591172	11.8967036098397
Q9Y2G1	12.1869372852239	11.9933474530929	12.0844189638623	12.0358924501995	11.9644112106095	12.0972174764875
Q9Y2G3	14.1659486281823	14.1370702941252	14.2806375944557	14.2286483900966	14.2391563195581	14.2138032732275
Q9Y2G5	11.896974930105	11.7656910178482	11.8413326001346	11.7586222214796	11.7346491045732	11.8995599663949
Q9Y2G8	13.4593657032736	13.5434679069391	13.5130952946834	13.3663270875922	13.5076594092162	13.5274584746332
Q9Y2H0	13.872403112665	13.9162422163378	13.8254499804687	13.8398048258994	13.8624113164742	13.9896376375812
Q9Y2H1	12.1917200886835	11.9431486027802	12.064543236075	11.8912779710389	12.0483005439461	12.1620225225933
Q9Y2H2	13.1227749819195	13.0290770324904	12.8620551380591	13.0193818915492	13.0411518015629	13.0862545869769
Q9Y2H6	14.3615778366672	14.4332049108034	14.4107785386035	14.5627145982147	14.5357513216052	14.5970025188348
Q9Y2I1	14.2983770702675	14.2717659917167	14.226117167132	14.2146610534389	14.2705400822837	14.3234454967699
Q9Y2I7	14.3511045901322	14.4692775651507	14.425094626156	14.4252740063697	14.3365226518155	14.4914342520795
Q9Y2I8	10.6429228740672	10.414400063784	10.6547374082504	10.6332428085331	10.6989288145736	10.5136017366454
Q9Y2J2	16.1177014159743	16.0644291878153	16.0046546979407	16.0369697993269	16.0788834247571	15.9629743734
Q9Y2J4	11.0173758543956	11.2013396159107	11.0186291655238	11.1112221543546	10.9661722457943	11.2610113210856
Q9Y2K1	11.8651952037597	11.9655104220184	11.7958001469041	11.7942838471569	11.7699299652513	12.0150385045264
Q9Y2K2	11.1412762780748	11.1421182900186	11.0686878772559	11.1852408861769	11.0593932851719	11.1247512036143
Q9Y2K5	9.58549958794237	9.67039611835454	9.3325849265454	9.00002585081199	9.4517341595808	9.16207118729172
Q9Y2K6	10.2298225334308	10.7728169273039	10.5582435386091	10.7268152393631	10.6174797992815	10.7637757774548
Q9Y2K7	15.5775554028997	15.7235123547977	15.6395983007827	15.6446170999262	15.6148081279564	15.6156896993345
Q9Y2L1	16.0897061354912	15.9850982699575	16.0887955161139	16.0426225456014	16.0218764690656	16.052052239527
Q9Y2L5	15.2873978536323	15.3174038266209	15.3075915901223	15.2582776884708	15.3640068461308	15.3723589473744
Q9Y2L9	13.3055161793288	13.3121743609828	13.2700716882691	13.3998796020929	13.3905750425796	13.2018124499043
Q9Y2P8	13.6483400139704	13.7739444566828	13.7392111948427	13.7646114616857	13.9177206787111	13.6541227422558
Q9Y2Q3	15.3107424957341	15.176881736946	15.154936392152	15.3267066884545	15.1960605258302	15.2093814960436
Q9Y2Q5	15.7436050443377	15.6616728879898	15.6489815246915	15.6734556043031	15.6881528262753	15.681099215491
Q9Y2Q9	14.044132665342	13.9256979740494	13.9946682926402	13.7005955682288	13.7219506414878	13.8662476755014
Q9Y2R0	13.9903550699197	13.9575726154362	13.9563123117094	14.0579156966837	14.108114804448	13.9884168836653
Q9Y2R4	13.3305211940187	13.4195721077381	13.3571474692686	13.1654565441983	13.0114639763137	13.4310622377503
Q9Y2R5	14.788738660527	14.8793870101423	14.6438820672289	14.7424366912823	14.775565255724	14.7936694032762
Q9Y2R9	14.7985853122613	14.7230985503547	14.7565627034626	14.8012007430938	14.8782345002072	14.7746094445932
Q9Y2S2	12.4156350150808	12.5173731235987	12.6915319415784	12.4514903538244	12.4423843255807	12.4092005732077
Q9Y2S6	13.1726709443278	13.26606358762	13.0448693146066	13.3559597606069	12.9659555179237	13.214372772425
Q9Y2S7	13.487641263651	13.557402083989	13.5343700087528	13.5718441589092	13.671846976037	13.59826084394
Q9Y2T2	14.7709366932171	14.7866014847559	14.7249354752882	14.7984251356953	14.9100584454148	14.744486128415
Q9Y2T7	13.42082419786	13.2963159599487	13.2527735800197	13.4817239221881	13.3805455024912	13.4446273972693
Q9Y2U5	11.545612707785	11.3930703933006	11.3948407589078	11.3855904051849	11.4438706065278	11.266544179408
Q9Y2U8	15.627678495601	15.726091509135	15.6191234205197	15.7630979333229	15.6597918826799	15.6690718877008
Q9Y2V0	10.8964982091736	11.10457629171	10.8416125234203	10.86660447972	11.0835617233266	10.9062712476181
Q9Y2V2	13.9443843522249	13.9209908055948	13.848208489887	13.9559047042184	13.7417308286237	13.6810427314317
Q9Y2V7	15.2126707776451	15.2503717513742	15.190426629541	15.3420971855478	15.3831737929071	15.2195913288307
Q9Y2W1	16.4048269994138	16.462515614726	16.4251220851921	16.4491594861891	16.2625717686705	16.3314404229141
Q9Y2W2	15.8544926734405	15.9214941318895	15.8781135941768	15.9257140856304	15.8546485775259	15.9129099891021
Q9Y2W6	11.2147594595743	11.4424255635901	11.0680956477227	10.9447986054967	11.0064259943302	11.1833541587706
Q9Y2X0	13.0715458150064	13.2807303701604	13.0654009339399	13.0719827087347	12.9592405502158	13.006931432526
Q9Y2X3	15.9418400594742	15.9337543145756	15.886082617705	15.9829204496661	15.8290398749882	16.0712748015855
Q9Y2X7	14.2377189823851	14.3694065841862	14.2078234439003	14.3047824856248	14.2022966461245	14.2964370354943
Q9Y2X9	14.886366828425	14.9413029903931	14.8549013892799	14.8446790319612	14.8499372623163	14.9608953915986
Q9Y2Y0	11.6998983995792	11.4638130663384	11.6155096676942	11.5202355255693	11.2645409428158	11.4273252476118
Q9Y2Y6	12.0041271261869	11.9471864193121	12.1210371209113	11.9896692187416	12.2925171161478	12.3542660541265
Q9Y2Y9	9.8164627727787	9.89686152871931	9.93764801232999	10.2215836206696	9.98278274872682	10.0246581182668
Q9Y2Z0	16.3054082741665	16.3117576797521	16.2620943239076	16.3062956517405	16.3202971650895	16.1903223193963
Q9Y2Z2	10.6518586978876	10.6467891110664	10.8927711028853	10.3927552691217	10.5246335102645	10.6800525278818
Q9Y2Z4	15.2059930530829	15.131273515956	15.216221098326	15.164269694984	15.202400486997	15.1139667344663
Q9Y2Z9	13.6817053628225	13.6842689379352	13.6839223449252	13.5807400351552	13.623564244102	13.627842744001
Q9Y303	14.0432115184483	13.955173916879	13.9593420099617	14.0876215053105	14.188460998337	14.0434770713396
Q9Y305	16.2518705416473	16.2121218717874	16.1811791468367	16.1758427710938	16.1979374794735	16.1925811193194
Q9Y312	15.0689613613507	14.9764970788523	15.0089223541248	14.8971704498237	14.9313251180019	14.9475724660913
Q9Y314	14.6563438452947	14.7411037637849	14.6008476998009	14.6339868467852	14.6746186422045	14.6051920864504
Q9Y315	15.1170838171739	15.0497327678486	15.1632326997059	15.1418395904007	15.1877420309076	15.1306060557508
Q9Y316	14.7630528303634	14.8880402063205	14.7868204002911	14.7793816592947	14.757920977204	14.6896843495891
Q9Y320	14.6297617509196	14.6576396726327	14.6598585139589	14.6100970489488	14.5206560213583	14.6568576714291
Q9Y324	12.5138021074658	12.5563960471788	12.3958935152223	12.5298594398624	12.4156474200864	12.5239789042365
Q9Y333	14.8268072352585	14.8593545615037	14.7868122106693	14.7880121004921	14.794637838034	14.7761504247387
Q9Y343	9.2076157297379	9.10969441581981	9.45408774408798	9.21024493317122	9.3911768045884	9.40001086234405
Q9Y365	9.72348905384767	9.74218786619622	9.43012651271871	9.59458299617281	9.8029088562386	9.57362932094886
Q9Y366	8.09341897307557	7.99746231263045	8.10463904483453	9.06498129265276	8.69059033836803	8.01047007144332
Q9Y371	14.1717999300179	14.3014968305575	14.2599559545093	14.2481490429215	14.2389375481199	14.3250578100702
Q9Y375	11.9425593304651	12.103114498488	11.8293754345192	12.0684056586396	11.8859882001222	12.0060306633135
Q9Y376	15.1475524158743	15.0934905146832	15.0918342314737	15.038064040093	15.0585296332759	15.0530264688423
Q9Y383	15.4628592022784	15.5407289671689	15.582644475997	15.5524581485196	15.6014342433188	15.4732971432331
Q9Y385	11.9947869406777	11.8985155420804	11.7982009089283	12.1257523730216	11.8628628763673	12.0017442323504
Q9Y388	13.4966971595279	13.2422114026072	13.4511375177108	13.2994034882743	13.2093984176938	13.2876159051176
Q9Y394	15.0604524040229	14.9674485511992	15.0463341048315	15.0589252184786	15.0317359791364	15.0230829378042
Q9Y399	12.9337580095687	12.9643423798197	12.9546811705283	12.9722354739398	13.0538405814414	12.9341886371926
Q9Y3A3	13.5495481823703	13.5006477518397	13.4501152760376	13.4377044600231	13.4298470759258	13.5676112963083
Q9Y3A4	14.1555082122447	14.3233911271958	14.1227470201328	14.3376948962758	14.1769596964354	14.2409246894633
Q9Y3A5	15.8024596631489	15.8229746736704	15.8217356608249	15.8982932444974	15.9476285791517	15.7538536249735
Q9Y3A6	12.3502914205171	12.4650675334273	12.4575336426144	12.5852046638569	12.463961372265	12.4583296424894
Q9Y3B2	14.3478499962575	14.1445982618054	14.3365940833995	14.2412515624954	14.2694947262211	14.1206562624719
Q9Y3B3	13.8363397589899	13.5762968917732	13.4025935183896	13.6656175032109	13.5339409370506	13.725357454887
Q9Y3B4	15.4774179173381	15.4935603021169	15.4547705595159	15.5347734292018	15.6213555632243	15.391493412618
Q9Y3B6	12.7354437543668	12.7022890439791	12.6761685030568	12.7068704639547	12.8401959317362	12.6034086383402
Q9Y3B7	15.8416225380059	15.930992172046	15.9024228186411	15.954418631707	15.9456064182993	15.8762957670703
Q9Y3B8	15.6478338714034	15.6635032035041	15.5437836470495	15.6865849220315	15.7289804085563	15.5778571467856
Q9Y3B9	13.2531059219215	13.1920653934761	13.2826390187355	13.2218546455304	13.380176876032	13.2351292423738
Q9Y3C0	12.872403112665	12.9001114012201	12.9146272183238	13.0440790485547	13.0004488073749	12.9429269985632
Q9Y3C1	14.8086082552118	14.8427110997976	14.8366130469223	14.9288939277744	14.8957072105127	14.8648070691759
Q9Y3C4	12.0021599596196	11.9134397928981	12.1112795212768	12.0072984373795	12.1743457177666	11.9711655096347
Q9Y3C6	14.3022781039907	14.2961597499683	14.295578515208	14.2922443184681	14.2465796092423	14.0847815203771
Q9Y3C7	12.8542976627626	12.9023387744283	12.8656362010971	12.7975410436472	12.8406079312317	12.9236825722588
Q9Y3C8	14.0152757437872	14.061670412273	13.9572195243244	14.1024724860076	14.143040094173	14.0526385704506
Q9Y3D0	13.1882955214932	13.1925618660012	13.0673676606755	13.3120377868207	13.3320597773736	13.2399432199624
Q9Y3D3	14.1619026311541	14.270709150312	14.1989527875677	14.3363428388197	14.1997002868352	14.2087341556419
Q9Y3D6	12.5794182101017	12.5385494617463	12.5757306185098	12.4875579300858	12.8621625453776	12.6999810032077
Q9Y3D7	14.1970074085917	14.3368071021508	13.9876446438411	14.0867607856122	14.0931846659887	14.1364146604088
Q9Y3D8	14.363096502476	14.2419715852596	14.2954849792486	14.3808697000954	14.4234422940081	14.2887346104461
Q9Y3D9	13.9126348629733	13.9388822814607	13.913231480968	13.8487571860694	13.9549549691256	13.8634794538257
Q9Y3E0	14.2934891616633	14.3334287122921	14.3475907896486	14.4783407600283	14.3856653515779	14.3948197678312
Q9Y3E1	13.2429209092036	13.2063342999262	13.1802919484654	13.2759045976031	13.2049252124924	13.0658546381607
Q9Y3E2	8.43850544112466	8.65912916350392	8.60542233855757	8.38456542185174	8.22674410843211	7.80741606689139
Q9Y3E5	15.444228003461	15.3315267639491	15.3501287954199	15.3468277606378	15.4192823246132	15.2925141463728
Q9Y3E7	13.5292289527155	13.6202745775691	13.5224801864077	13.6558664819431	13.6794733048304	13.6219950858692
Q9Y3F4	16.6054561557476	16.5699122766061	16.5149955791008	16.6435218085956	16.6796504066381	16.5510945198196
Q9Y3I0	17.2872365261117	17.2602186301126	17.3379557106972	17.3758611858171	17.3282491599688	17.2255945065111
Q9Y3I1	15.2105421900012	15.1967028180917	15.1473142881558	15.1612629657639	15.1613502244178	15.1460657070537
Q9Y3L3	14.5177625357011	14.50350674182	14.5002529005058	14.4019782743642	14.4219556950579	14.5985818638731
Q9Y3L5	11.7485452791595	11.8303922045268	11.8967151478722	12.0199787485477	11.9022042836806	11.8608293705893
Q9Y3M8	13.4067977009628	13.3698076492461	13.3824807271398	13.4551737106643	13.3853565975263	13.3324070696298
Q9Y3P9	15.4715668886699	15.470503377244	15.4379519123828	15.4249111662269	15.4763538614835	15.3645216485857
Q9Y3Q3	13.0133480412019	13.0543087939545	12.9905986533692	13.2335959364558	13.1484543790784	13.3479709507434
Q9Y3Q8	14.8002378770596	14.8115582012001	14.8581324690356	14.8381844596764	14.9226524932987	14.862578284613
Q9Y3R0	11.7297760133494	11.7258038875305	11.6636843829149	11.6108099556246	11.8056529117985	11.737471582885
Q9Y3R5	9.62009382883183	8.74949108579159	9.04828257050514	9.03755325068218	8.8563970509684	8.62326299975047
Q9Y3S2	10.2487651096285	10.5677405688438	10.3864017472799	10.117660579425	9.94146693917276	10.1939042527972
Q9Y3T6	11.5173721170026	11.0116427440788	11.0451089848524	10.6431463359919	10.4747570210189	10.7087910038581
Q9Y3T9	15.5897327029725	15.5739796749972	15.5155342280839	15.558262644407	15.6023514283619	15.5209720237673
Q9Y3U8	14.7288712759938	14.8289088290656	14.5539046173359	14.8821045939898	14.8911886098252	14.6250689182143
Q9Y3X0	13.4178087599865	13.3713391138187	13.34268833135	13.403447785894	13.3272373285111	13.4686616292237
Q9Y3Y2	14.8513413668803	14.8650940807259	14.7861052199131	15.0163934792946	14.9146345497776	14.7355977957293
Q9Y3Y4	8.81624952698319	9.56465589180816	8.32285794495228	8.85698451793536	9.07182415303051	8.51130250605223
Q9Y3Z3	15.3186208499064	15.2512347095278	15.2907740838106	15.2090388183309	15.3035463865223	15.2293660885252
Q9Y421	11.0321491941294	10.8704205634605	10.987747958262	10.7800043339383	10.9516055450205	11.2192508901102
Q9Y446	12.080296569738	11.9583371117124	12.0432213599791	12.1113379373342	12.3538364764229	12.1593204888686
Q9Y448	13.0986470496712	13.1456497070607	13.2099688634271	13.1752771121968	13.2018540189889	13.2441558349798
Q9Y450	15.7669657269038	15.8482150410273	15.8731858877966	15.7825033039657	15.7864100195964	15.8699088525925
Q9Y467	8.70270652257456	9.25616265433145	8.7095248641272	8.79346888525564	9.59796416795893	8.7896793594391
Q9Y478	11.415283071909	11.507963001636	11.6085300868244	11.6031844276778	11.6566645828424	11.644453106656
Q9Y484	13.2059907409342	13.1184284731212	13.1324606562842	13.1100465876029	13.2370691664558	13.3791125298094
Q9Y485	13.8328750074686	13.7078999403861	13.9432727911471	13.7950282185688	13.7426282214352	13.8468733992436
Q9Y487	12.3020834324148	12.2997586466634	12.4575182085116	12.467537288799	12.3486721085746	12.425027347122
Q9Y490	17.2171672557682	17.1435022971666	17.1592141032031	17.1339672845942	17.0691820252497	17.0426267109248
Q9Y496	14.8208851149529	14.8258323613222	14.8289021894648	14.7986121885316	14.8103343943977	14.796192979371
Q9Y4A0	12.230542842339	12.4030323289962	12.2811892621838	12.1745165650412	12.3714130437648	12.2805505486126
Q9Y4A5	16.8528724882768	16.7790652074096	16.7860195168116	16.704919034263	16.7103935214383	16.6941244087875
Q9Y4B4	12.529413745031	12.4113874405333	12.407772258581	12.3994798869194	12.522502680915	12.4785432039333
Q9Y4B5	15.5516323614274	15.6327103139866	15.6047032984385	15.5732973953635	15.6509880828266	15.649722007251
Q9Y4B6	15.3318065905558	15.2994746550287	15.3245524614678	15.3217034560658	15.281656202673	15.2896778847273
Q9Y4C1	13.991926494159	14.0436629764887	14.0242375414866	14.0237908023007	14.0361477922215	13.9769863799383
Q9Y4C2	15.4452140371835	15.5656104271662	15.4890013256179	15.3324377785313	15.4147854342305	15.4877015700927
Q9Y4C4	14.283136578054	14.2183388232746	14.236474361717	14.2282762064096	14.2001694003385	14.121592769581
Q9Y4C8	15.2054579230563	15.2553799439765	15.2561551918696	15.2902755218749	15.2559340959213	15.2920165352175
Q9Y4D1	13.5952674562967	13.6467008525238	13.5686649868514	13.5992627867748	13.6605657379411	13.6278479258626
Q9Y4D7	12.8150033475592	12.7899219884273	12.695631474639	12.8841091491102	12.9390683375266	12.7122182785465
Q9Y4D8	7.33036508426864	8.73806022973251	8.37604168363021	7.94899990082934	8.23339470238934	8.16659840494872
Q9Y4E1	12.5625766244216	12.6874223215644	12.8714691179079	12.8643429007902	12.8949368379434	12.8671592867683
Q9Y4E5	11.8341824450749	11.780204275693	11.8780206214421	11.7879196004169	11.8077835746737	11.908757346367
Q9Y4E6	14.3906175833235	14.2439373723095	14.2654609797542	14.2572998690958	14.2920679258722	14.2852438213615
Q9Y4E8	16.3106444424148	16.3092858762315	16.3080743825765	16.3250200155107	16.358160498338	16.2844148393847
Q9Y4F1	13.5151672762616	13.6032270855892	13.5845696280987	13.3613639090017	13.4680238508902	13.6368414403385
Q9Y4F3	12.0591786835887	12.0933311746354	12.0536154097506	12.2001734515013	12.2094857987392	12.4089593601925
Q9Y4F5	14.1220554513898	14.0682387585007	14.0757894749488	14.1024103031328	14.1274488826808	14.1059490332067
Q9Y4F9	6.88917176529332	6.76669162146689	7.18394397640922	1.47588401774241	6.98926002843657	7.14358695880513
Q9Y4G6	15.8730934218262	15.8622184237576	15.859679701438	15.8399751656806	15.8084702810319	15.8550321526769
Q9Y4G8	12.737474812295	12.7261996066148	12.6342763507003	12.5447797316253	12.7207347655803	12.7097411216475
Q9Y4I1	14.9029623365478	14.908325777407	14.8527172293124	14.8080334738336	14.846264147451	14.8167211948077
Q9Y4J8	13.4475236387344	13.3723198594546	13.3966262312637	13.3782753599083	13.4214978196661	13.3458177399417
Q9Y4K0	14.2608584873922	14.231993133877	14.2169886647624	14.4336865279098	14.4100303052345	14.4837840000235
Q9Y4K3	13.3058631476272	13.2264045591607	13.2696175798721	13.2463413856822	13.3460047502621	13.2646204898171
Q9Y4K4	14.3858753251337	14.3738107763805	14.225808350336	14.3291094903458	14.4111071169233	14.3649382936361
Q9Y4L1	16.9276329593087	16.942603704405	16.8310759412637	17.2379348475752	17.1360252909913	17.065727929346
Q9Y4P1	13.8507811809235	13.8711115838975	13.7134584123033	13.8348292928891	13.8063069309075	13.7848707457887
Q9Y4P3	14.4197965458594	14.3867019926008	14.3563599309255	14.4629010924453	14.5220873047974	14.5290341997741
Q9Y4P8	13.9789508180578	13.8790716919172	13.8662157107359	14.0038344547456	13.9171407540466	13.8787673907883
Q9Y4R8	14.8843709383879	14.7662309596373	14.8575423922681	14.7332884928612	14.7273571313358	14.7739544741483
Q9Y4W2	15.0392059771834	15.0623065668045	15.0555799890696	15.0342969906916	15.0566546845276	14.9599415313599
Q9Y4W6	17.1411461715814	17.1471646925879	17.2006059794802	17.1270509109245	17.1328906232458	17.0828626569681
Q9Y4X5	14.9796342455139	14.971151476888	15.0089451724198	14.9933770415522	15.1292355689285	14.9636542479206
Q9Y4Y9	13.7555421265722	13.8071061733118	13.7217915330591	13.8714209985758	13.8736835099709	13.7319725961922
Q9Y4Z0	14.302610282821	14.4778718048213	14.2959288614009	14.4285715706084	14.3640714542503	14.3672134150046
Q9Y508	12.93624661798	12.8672226487104	12.8509939549995	12.9422114289239	13.0245809447317	12.671468988425
Q9Y512	14.5646290247189	14.5161760550052	14.651478692058	14.6073173358394	14.6759136459105	14.559571737649
Q9Y520	16.9379739820544	16.995885516169	16.8967494162629	17.0259665612086	16.9467601315524	17.0401914573835
Q9Y530	13.6103897513306	13.6408964670988	13.6262273986069	13.768868934117	13.7488514457446	13.6317156531228
Q9Y534	12.6584568441692	12.6975522865175	12.6361935264945	12.4192427407848	12.615469313255	12.5995392107806
Q9Y546	13.2294513248041	13.0881408815529	13.1242555986837	13.2027339004919	13.1822173047327	13.1819600786346
Q9Y547	13.3212407094101	12.7418921838494	13.1364156063266	12.6145855815994	12.5985298547042	12.7768193544318
Q9Y561	10.1590649087246	9.8109904011126	9.68840962666227	9.24363171276263	9.64419161380675	9.72828654818677
Q9Y570	15.5827677068009	15.5248342779475	15.4535489321037	15.5532994469742	15.5711694162696	15.4208372000846
Q9Y573	7.96415995391897	7.6997076932907	8.53948753387719	8.03908055314784	8.15051906134384	8.55346574599035
Q9Y576	12.9061645016713	13.0789438411065	12.9452920615522	13.0795230304909	12.9613341006754	12.946504638489
Q9Y580	12.9442013994666	12.8159936410925	12.9145972368185	12.9906279437166	12.909802392368	13.0571240960758
Q9Y584	10.8887662083606	11.0500124721109	11.0834191520635	10.7027601539012	10.9676293876663	11.1795864808054
Q9Y597	12.9420974392342	12.8304249238936	12.9145560112315	12.6565892970937	12.8817210332556	12.9161357277833
Q9Y5A9	15.5317113228517	15.5036846796851	15.6052882532935	15.5871255471837	15.4989663787015	15.4641501967283
Q9Y5B0	14.6699174011378	14.5220745756612	14.6614969421048	14.592251969707	14.5439198312338	14.6072572028872
Q9Y5B6	14.356354883805	14.2779363866325	14.3953826752246	14.3016149509404	14.2858638518461	14.3653908701078
Q9Y5B8	15.4928288138506	15.6040550750627	15.5952528757473	15.6272892308784	15.6074668645831	15.5074474602619
Q9Y5B9	15.4827923071699	15.3505601219989	15.5165983304777	15.3617348659672	15.3253109941387	15.3251846848644
Q9Y5E4	14.0623483630664	14.0511184631674	14.0833224668527	14.0712171740872	14.1750639333209	14.0186806504991
Q9Y5E7	11.7799990253798	11.7479156090842	11.5970118366322	11.5518365802079	11.7110490667711	11.5949915781209
Q9Y5F2	13.1492151988042	13.3552118994869	13.1913488027342	13.2081865129313	13.2362280130867	13.1721266609467
Q9Y5G3	8.39612356207207	9.00580186548975	8.4628280741986	7.88073531447071	8.07409279123634	8.20689410960482
Q9Y5J1	14.9246121319208	14.9692861117045	14.990847066005	15.1145499458401	15.0377308888513	15.020007170098
Q9Y5J5	14.1078958744932	14.0905249299787	14.1213821854747	13.9750523098815	14.0876581308354	14.1943179097313
Q9Y5J6	12.417224088906	12.3105890122496	12.376101562419	12.4441549365492	12.4804810719345	12.4579496107128
Q9Y5J7	14.48119095664	14.620653615373	14.3685180431665	14.5001985840508	14.6121367458376	14.4768727759158
Q9Y5J9	11.0637994466357	10.5944778938376	10.7788638025595	10.5285079360864	10.7915540516609	10.989781187802
Q9Y5K5	13.6264654084707	13.6613335047434	13.6753437097399	13.7539375415625	13.7632593014708	13.6765098125389
Q9Y5K6	16.0779433065776	16.1188402241309	16.074629795477	16.2126612520747	16.1163074146184	16.0913141408443
Q9Y5K8	14.9804233285869	14.9351430329626	14.8789932953081	14.9713612489393	15.039132770359	14.8376430571881
Q9Y5L0	15.6135196789594	15.513249732967	15.562371222896	15.5134497854202	15.3838573112068	15.5461009887842
Q9Y5L4	13.8637411300716	13.854946806468	13.7664084469827	13.9086334334649	13.94787842221	13.7954051819504
Q9Y5M8	16.0281091161008	16.0145568143769	15.9875622541945	16.1658403934226	16.0672007602231	16.0787098333456
Q9Y5N6	13.9669667831908	14.1300304492795	14.1559009440458	13.9356974931217	14.0187055688991	14.1280991142773
Q9Y5P4	14.7609983164301	14.7209480508002	14.7899954917947	14.7039709255381	14.80089571188	14.7829668164471
Q9Y5P6	14.589373338906	14.680679945181	14.6843191667061	14.885426743075	14.8179448486824	14.8273662662896
Q9Y5Q0	13.9642397874383	13.8523116874928	13.9660334960309	13.9991535127002	13.6707049818797	13.7770483366587
Q9Y5Q8	15.2226779004106	15.3352543712088	15.2382285875434	15.22487920286	15.2994591340959	15.242320404697
Q9Y5Q9	14.7033054935792	14.7918036159956	14.7267396909682	14.8133911505604	14.7737809138725	14.613436444967
Q9Y5R8	13.4454287119371	13.3990571842796	13.388768409633	13.2772454396771	13.31205258169	13.3307259159476
Q9Y5S2	15.4451537031265	15.4212119023009	15.3971111490222	15.3800196160196	15.3388091558052	15.3907252890738
Q9Y5S9	14.6411728267977	14.8057380305096	14.6868925598512	14.7359745115153	14.624064315049	14.5847451289639
Q9Y5T4	12.8818125570424	13.1271199614987	13.0161827094532	13.1153345717405	13.0652481548362	12.9975278073263
Q9Y5T5	13.5181827939934	13.5630212393362	13.5808147635348	13.7276115695571	13.584312157441	13.7729417044637
Q9Y5U2	13.1191637165803	13.3028423920174	13.1091130909812	13.2868667689099	13.3874227017203	13.1340276237261
Q9Y5U4	11.3293873173448	11.0475516743978	11.4424584302337	11.0073892392255	10.7753497707917	11.2242496671226
Q9Y5U9	13.0180924199099	13.0121097877041	12.9633629798691	13.1803019067115	13.1029588910047	12.9602448762765
Q9Y5V0	14.3022365762586	14.2942957710411	14.208370798432	14.3992280863783	13.9628636029244	14.3691892735109
Q9Y5V3	14.9020840473065	14.9220630127978	14.8194201044877	14.9205892149285	14.9174664066229	14.9631277889673
Q9Y5W7	8.16690110483526	8.3192854931439	8.73494414069752	8.8650538527413	9.05022858057708	8.68321559836783
Q9Y5W9	13.8655186787995	13.9787572902504	13.8976444933718	13.8623018410099	14.0527656609804	13.9312724465918
Q9Y5X1	14.939968719771	14.9829447315579	14.9706909369914	15.0608975893656	15.0070497230325	15.0126878380801
Q9Y5X2	16.1263538719013	16.1100111694942	16.1146548067627	16.1473446585071	16.1153389461551	16.0874748400044
Q9Y5X3	16.0815303656662	16.2008206474491	16.0967862440282	16.158473330818	16.1872604074218	16.1393774644716
Q9Y5Y0	12.0760199264732	12.1097685558923	12.1114168588315	11.9244403618394	12.2639694377673	11.9644251102264
Q9Y5Y2	13.8539341231754	13.7685199917644	13.9077338395006	13.9551552123921	13.7965401651798	13.8229543555576
Q9Y5Y5	12.1122736370498	12.6589195988281	12.2443950426799	12.0376586338116	11.866005766096	12.4046662653104
Q9Y5Z0	8.29279177451423	7.49622423203195	7.47686583540412	7.66384453936667	8.36541529490748	7.47157038746157
Q9Y5Z4	15.1447374425906	15.1235278177218	15.249615416256	15.2678069491962	15.2500228039792	15.0396333889693
Q9Y5Z7	13.0306836621347	13.1255708525271	13.0282524854522	13.0196786837149	13.0756184554418	13.0293074596495
Q9Y605	11.1871322004513	11.349395365406	11.4419644678776	11.3461570537738	11.1057709172061	11.2347128342163
Q9Y606	15.2783519319957	15.1871615163096	15.2855396024075	15.2683886915449	15.2547628463667	15.210081155939
Q9Y608	14.0866848442015	14.2869386286355	14.2403818306644	14.2869000166683	14.3813601629866	14.4067298499312
Q9Y613	16.0886049138266	16.0839875325559	16.1000876425089	16.1265422332712	16.0421324176176	16.0660884416965
Q9Y617	16.5694601207012	16.5662655174311	16.5758901398132	16.7925282067499	16.8666541037295	16.7441823655318
Q9Y618	16.4844242902793	16.5507034698073	16.5213345728897	16.5342915353643	16.5570328529329	16.4963658653
Q9Y619	11.7304294393115	11.8184451590119	11.8610850721162	11.6202789361057	11.8898326020696	11.666018930745
Q9Y625	14.4984551715806	14.469014879888	14.538805738569	14.6421400854294	14.5847116052464	14.5762659470973
Q9Y639	14.310758407267	14.2387732871628	14.191726166734	13.8375178334128	13.6600482228602	14.0041300293903
Q9Y653	11.1776483466473	11.2891469607397	11.2900278236588	11.1127172303568	11.2927108926741	11.2045389788039
Q9Y657	13.4604158820416	13.5092282198779	13.5246180224439	13.5406667975898	13.5502435458739	13.5540636023604
Q9Y666	16.0820882909757	16.0662135649859	15.9881615871528	15.9925344380243	15.8615960341126	16.012099572531
Q9Y673	13.5836200623518	13.6689628196453	13.5721201608945	13.6718572274768	13.8190000353253	13.7291514619995
Q9Y676	13.6049139421467	13.7689127035521	13.6730405276057	13.8113988830333	13.7675345310262	13.7079842839962
Q9Y678	16.6480545523663	16.6009397644399	16.580807235739	16.8353306265132	16.7943549078839	16.7143001715094
Q9Y679	15.0173310572315	15.1689686052423	15.0014466431544	15.0692334992078	14.9907686979234	15.0066748104495
Q9Y680	13.6610863270747	13.7609393796056	13.8151176442367	13.6936873236803	13.752131561489	13.67512639387
Q9Y692	13.6000922165994	13.858450822452	13.6518064126819	13.5236054422401	13.309178097659	13.7339093521007
Q9Y696	16.116040281038	16.08977617357	16.0805036637662	16.1420350783512	16.1168578660646	16.0044820989047
Q9Y697	15.327593446788	15.3986489986003	15.3867492944243	15.3697244084814	15.4663248997294	15.3824742774201
Q9Y6A4	12.8319859438192	12.8247924106058	12.8851335996994	12.9422483710139	12.9509967782816	12.847345230424
Q9Y6A5	14.3425458872108	14.3689357181899	14.4098502593791	14.3570633238647	14.3999417226509	14.4353782799666
Q9Y6B6	13.0315161917984	12.9392322062951	12.9409158513332	12.9682142238561	12.9828492885733	12.8683949262764
Q9Y6B7	11.9606516688017	11.9619829208847	11.9098447952963	12.0887574735106	11.9868603495195	11.9565741147408
Q9Y6C9	14.8846587109282	14.8752983464869	14.8846974778051	14.8967343404229	14.9236766559872	14.8351479280783
Q9Y6D5	14.8777780784389	14.8753583101411	14.9446764835739	14.9653691905289	14.9416506396506	15.0306936230579
Q9Y6D6	14.3020713186486	14.2584877219866	14.2426682515361	14.4242031606927	14.3682657197219	14.3499488190846
Q9Y6D9	16.3866366606938	16.3933233965648	16.34577117049	16.273481190462	16.208405820621	16.2647796178929
Q9Y6E0	14.475790949027	14.5339363260995	14.6746910592067	14.5649184393958	14.5434094004441	14.5197443926888
Q9Y6E2	16.3499307016652	16.2354267695741	16.3011794248177	16.2737132817007	16.194221952483	16.2670759386335
Q9Y6F9	11.4084833405871	11.449653921667	11.4356319902931	11.5465234609912	11.6830346906015	11.564042124322
Q9Y6G3	12.4086762271495	12.4096994809738	12.3603662486905	12.3536204796565	12.3835358766597	12.3446327333316
Q9Y6G5	14.3694773178598	14.4409074965199	14.3207765464648	14.4103199939514	14.3532616170049	14.3201679941573
Q9Y6G9	16.1458898837442	16.1473331769595	16.0933088317985	16.1861153934075	16.1740396038193	16.1221514760766
Q9Y6H1	13.8135145224737	13.7922724585821	13.7827002730603	13.9895057941759	13.9913540582108	13.8955315901673
Q9Y6I3	14.5835602643538	14.5216171195861	14.5111844490666	14.4727475938011	14.6260457218679	14.583428998173
Q9Y6I4	15.718881861365	15.7401549136378	15.6041346633962	15.6673430632966	15.6944009455514	15.6589681028339
Q9Y6I9	13.6702191095167	13.8592247746806	13.7188456987724	13.7109474142007	13.7352869796053	13.7807080503406
Q9Y6J0	14.0289186646913	14.0365168770482	14.0834291536121	14.0056790190621	13.965274747858	14.0542805387116
Q9Y6J9	14.1240254171497	13.9942394548635	13.9914072816704	13.9081570978208	14.0424059363595	13.9511821045854
Q9Y6K1	14.5296288134797	14.5844572373995	14.6257501729098	14.6098107908684	14.7009521591478	14.6136149090539
Q9Y6K5	13.4629520814354	13.4084246796394	13.4585339347363	13.3847958477164	13.4270777053777	13.3923736871713
Q9Y6K9	15.2704564821515	15.1813352693447	15.2250348857094	15.1945231614723	15.1786089205325	15.2040368361094
Q9Y6M1	16.7954868663022	16.8473470287708	16.8398426104445	16.9219422109795	16.9560116449903	16.7893159336832
Q9Y6M4	13.3290476598881	13.3550811286593	13.372367997416	13.4558220148934	13.5084611855811	13.4716373724
Q9Y6M5	14.3952591362426	14.2684452222263	14.2775074864335	14.2661485034823	14.0172294131461	14.3781905478798
Q9Y6M7	13.8485967920536	13.8375675611757	13.5669944987988	13.7099951238497	13.5003008592678	13.92020015193
Q9Y6M9	14.4466237252756	14.5319269889541	14.3204668355312	14.4962140211401	14.5252548740876	14.4465494508686
Q9Y6N5	15.6748541272269	15.7451223784563	15.8230350635984	15.8688372999079	15.7187713957016	15.8598065362098
Q9Y6N7	14.7001144516676	14.7689388449713	14.775513462032	14.7944626677471	14.8078870938529	14.8000050386182
Q9Y6P5	11.6274270099325	11.8717168248054	11.9787640733796	11.6370298117352	11.7787562838424	11.7576130706071
Q9Y6Q9	13.5885746758193	13.7247602075571	13.7117997994416	13.6395175068439	13.6667271347301	13.6225589718734
Q9Y6R0	15.0301687024554	15.1070595497246	15.1348026749281	15.0503885991115	15.0533553822264	15.0800612103548
Q9Y6R4	14.2502900954394	14.2651773081574	14.2724636506184	14.2588255006106	14.0761106783437	14.2816602522417
Q9Y6U3	13.8198278797185	13.7807811451972	13.7791838983857	13.8820683673572	13.8647769081035	13.9345012156653
Q9Y6V0	11.3388654042612	11.3252070304875	11.263171427125	11.2568522611993	11.2450141066357	11.3283733413231
Q9Y6V7	12.8793882367686	13.0259262504421	12.9590340569205	13.1211021705936	13.0212536079072	13.0923797309688
Q9Y6W3	14.6792018383749	14.6049806162449	14.5829481217665	14.6026313646098	14.6424641096251	14.6528073175132
Q9Y6W5	15.5096051685802	15.519330197946	15.5902209126167	15.5007269382582	15.6623036354242	15.4821792506412
Q9Y6X3	10.4214775093725	10.8059741173637	10.8420776279261	10.8454876847142	10.4331730582769	10.4839534801555
Q9Y6X4	13.4582277933676	13.3097780822398	13.3157862154545	13.3698941137478	13.3477083444222	13.4171956293067
Q9Y6X5	14.0836759622008	14.0498614297624	14.1165828526157	14.0252222968254	13.9217575530533	13.9889059547224
Q9Y6X8	14.7428466428327	14.7439161776398	14.7521007482771	14.8110421191301	14.9099581633853	14.8441234721648
Q9Y6X9	14.519974650793	14.5533494371865	14.575869256412	14.5424201439885	14.4996527723481	14.5345666810157
Q9Y6Y0	13.0206466077567	12.8818340658841	12.9615466317353	12.8466211992582	13.0066606724707	12.9353598293595
Q9Y6Y8	16.2033485405569	16.2103267490496	16.1999045101369	16.2211811562756	16.2880537141008	16.2362380572188
